phase_ns,object,q,slot,lower,upper
0,muon,0.001,1,0,0
0,muon,0.001,2,0,0
0,muon,0.001,3,0,0
0,muon,0.001,4,0,0
0,muon,0.001,5,0,0
0,muon,0.001,6,0,0
0,muon,0.001,7,0,0
0,muon,0.001,8,0,0
0,muon,0.001,9,0,0
0,muon,0.001,10,0,0
0,muon,0.001,11,0,0
0,muon,0.001,12,0,0
0,muon,0.001,86,0.00018300303517229064,0.00018300303517229064
0,muon,0.001,302,0.00018300303517229064,0.0003858239600071416
0,muon,0.001,303,0.00018300303517229064,0.0005673986788073558
0,muon,0.001,304,0.00018300303517229064,0.0007372790573111943
0,muon,0.001,305,0.00018300303517229064,0.0008935011605070521
0,muon,0.001,306,0.00018300303517229064,0.0009502767362970897
0,muon,0.001,307,0.00018300303517229064,0.0009285841813961791
0,muon,0.001,308,0.00018300303517229064,0.0008410998036064987
0,muon,0.001,309,0.00018300303517229064,0.0007476343510087484
0,muon,0.001,314,0.00018300303517229064,0.00038600249955365114
0,muon,0.001,315,0.00018300303517229064,0.0005673986788073558
0,muon,0.001,316,0.00018300303517229064,0.0007372790573111943
0,muon,0.001,317,0.00018300303517229064,0.0008935011605070521
0,muon,0.001,318,0.00018300303517229064,0.0009502767362970897
0,muon,0.001,319,0.00018300303517229064,0.0009285841813961791
0,muon,0.001,320,0.00018300303517229064,0.0008410998036064987
0,muon,0.001,321,0.00018300303517229064,0.0007476343510087484
0,muon,0.001,326,0.00018300303517229064,0.00038600249955365114
0,muon,0.001,327,0.00018300303517229064,0.0005673986788073558
0,muon,0.001,328,0.00018300303517229064,0.0007372790573111943
0,muon,0.001,329,0.00018300303517229064,0.0008935011605070521
0,muon,0.001,330,0.00018300303517229064,0.0009502767362970897
0,muon,0.001,331,0.00018300303517229064,0.0009285841813961791
0,muon,0.001,332,0.00018300303517229064,0.0008410998036064987
0,muon,0.001,333,0.00018300303517229064,0.0007476343510087484
0,muon,0.001,338,0.00018300303517229064,0.00038600249955365114
0,muon,0.001,339,0.00018300303517229064,0.0005673986788073558
0,muon,0.001,340,0.00018300303517229064,0.0007372790573111943
0,muon,0.001,341,0.00018300303517229064,0.0008935011605070521
0,muon,0.001,342,0.00018300303517229064,0.0009502767362970897
0,muon,0.001,343,0.00018300303517229064,0.0009285841813961791
0,muon,0.001,344,0.00018300303517229064,0.0008410998036064987
0,muon,0.001,345,0.00018300303517229064,0.0007476343510087484
0,muon,0.001,350,0.00018300303517229064,0.00038600249955365114
0,muon,0.001,351,0.00018300303517229064,0.0005673986788073558
0,muon,0.001,352,0.00018300303517229064,0.0007372790573111943
0,muon,0.001,353,0.00018300303517229064,0.0008935011605070521
0,muon,0.001,354,0.00018300303517229064,0.0009502767362970897
0,muon,0.001,355,0.00018300303517229064,0.0009285841813961791
0,muon,0.001,356,0.00018300303517229064,0.0008410998036064987
0,muon,0.001,357,0.00018300303517229064,0.0007476343510087484
0,muon,0.001,362,0.00018300303517229064,0.00038600249955365114
0,muon,0.001,363,0.00018300303517229064,0.0005673986788073558
0,muon,0.001,364,0.00018300303517229064,0.0007372790573111943
0,muon,0.001,365,0.00018300303517229064,0.0008935011605070521
0,muon,0.001,366,0.00018300303517229064,0.0009502767362970897
0,muon,0.001,367,0.00018300303517229064,0.0009285841813961791
0,muon,0.001,368,0.00018300303517229064,0.0008410998036064987
0,muon,0.001,369,0.00018300303517229064,0.0007476343510087484
0,muon,0.001,374,0.00018300303517229064,0.00038600249955365114
0,muon,0.001,375,0.00018300303517229064,0.0005673986788073558
0,muon,0.001,376,0.00018300303517229064,0.0007372790573111943
0,muon,0.001,377,0.00018300303517229064,0.0008935011605070521
0,muon,0.001,378,0.00018300303517229064,0.0009502767362970897
0,muon,0.001,379,0.00018300303517229064,0.0009285841813961791
0,muon,0.001,380,0.00018300303517229064,0.0008410998036064987
0,muon,0.001,381,0.00018300303517229064,0.0007476343510087484
0,muon,0.001,389,0.00018300303517229064,0.0003858239600071416
0,muon,0.001,390,0.00018300303517229064,0.0005673986788073558
0,muon,0.001,391,0.00018300303517229064,0.0007372790573111943
0,muon,0.001,392,0.00018300303517229064,0.0008935011605070521
0,muon,0.001,393,0.00018300303517229064,0.0009502767362970897
0,muon,0.001,394,0.00018300303517229064,0.0009504552758435992
0,muon,0.001,395,0.00018300303517229064,0.0009504552758435992
0,muon,0.001,396,0.00018300303517229064,0.0009504552758435992
0,muon,0.001,397,0.00018300303517229064,0.0009504552758435992
0,muon,0.001,398,0.00018300303517229064,0.0009504552758435992
0,muon,0.001,399,0.00018300303517229064,0.0009504552758435992
0,muon,0.001,400,0.00018300303517229064,0.0009504552758435992
0,muon,0.001,401,0.00018300303517229064,0.0009504552758435992
0,muon,0.001,402,0.00018300303517229064,0.0009504552758435992
0,muon,0.001,403,0.00018300303517229064,0.0009504552758435992
0,muon,0.001,404,0.00018300303517229064,0.0009504552758435992
0,muon,0.001,405,0.00018300303517229064,0.0009504552758435992
0,muon,0.001,406,0.00018300303517229064,0.0009504552758435992
0,muon,0.001,407,0.00018300303517229064,0.0009504552758435992
0,muon,0.001,408,0.00018300303517229064,0.0009504552758435992
0,muon,0.001,409,0.00018300303517229064,0.0009504552758435992
0,muon,0.001,410,0.00018300303517229064,0.0009504552758435992
0,muon,0.001,411,0.00018300303517229064,0.0009504552758435992
0,muon,0.001,412,0.00018300303517229064,0.0009504552758435992
0,muon,0.001,413,0.00018300303517229064,0.0009504552758435992
0,muon,0.001,414,0.00018300303517229064,0.0009504552758435992
0,muon,0.001,415,0.00018300303517229064,0.0009504552758435992
0,muon,0.001,416,0.00018300303517229064,0.0009504552758435992
0,muon,0.001,417,0.00018300303517229064,0.0009504552758435992
0,muon,0.001,418,0.00018300303517229064,0.0009504552758435992
0,muon,0.001,419,0.00018300303517229064,0.0009504552758435992
0,muon,0.001,420,0.00018300303517229064,0.0009504552758435992
0,muon,0.001,421,0.00018300303517229064,0.0009504552758435992
0,muon,0.001,422,0.00018300303517229064,0.0009285841813961791
0,muon,0.001,423,0.00018300303517229064,0.0008410998036064987
0,muon,0.001,424,0.00018300303517229064,0.0007476343510087484
0,muon,0.001,432,0.00018300303517229064,0.0003858239600071416
0,muon,0.001,433,0.00018300303517229064,0.0005673986788073558
0,muon,0.001,434,0.00018300303517229064,0.0007372790573111943
0,muon,0.001,435,0.00018300303517229064,0.0008935011605070521
0,muon,0.001,436,0.00018300303517229064,0.0009502767362970897
0,muon,0.001,437,0.00018300303517229064,0.0009504552758435992
0,muon,0.001,438,0.00018300303517229064,0.0009504552758435992
0,muon,0.001,439,0.00018300303517229064,0.0009504552758435992
0,muon,0.001,440,0.00018300303517229064,0.0009504552758435992
0,muon,0.001,441,0.00018300303517229064,0.0009504552758435992
0,muon,0.001,442,0.00018300303517229064,0.0009504552758435992
0,muon,0.001,443,0.00018300303517229064,0.0009504552758435992
0,muon,0.001,444,0.00018300303517229064,0.0009504552758435992
0,muon,0.001,445,0.00018300303517229064,0.0009504552758435992
0,muon,0.001,446,0.00018300303517229064,0.0009504552758435992
0,muon,0.001,447,0.00018300303517229064,0.0009504552758435992
0,muon,0.001,448,0.00018300303517229064,0.0009504552758435992
0,muon,0.001,449,0.00018300303517229064,0.0009504552758435992
0,muon,0.001,450,0.00018300303517229064,0.0009504552758435992
0,muon,0.001,451,0.00018300303517229064,0.0009504552758435992
0,muon,0.001,452,0.00018300303517229064,0.0009504552758435992
0,muon,0.001,453,0.00018300303517229064,0.0009504552758435992
0,muon,0.001,454,0.00018300303517229064,0.0009504552758435992
0,muon,0.001,455,0.00018300303517229064,0.0009504552758435992
0,muon,0.001,456,0.00018300303517229064,0.0009504552758435992
0,muon,0.001,457,0.00018300303517229064,0.0009504552758435992
0,muon,0.001,458,0.00018300303517229064,0.0009504552758435992
0,muon,0.001,459,0.00018300303517229064,0.0009504552758435992
0,muon,0.001,460,0.00018300303517229064,0.0009504552758435992
0,muon,0.001,461,0.00018300303517229064,0.0009504552758435992
0,muon,0.001,462,0.00018300303517229064,0.0009504552758435992
0,muon,0.001,463,0.00018300303517229064,0.0009504552758435992
0,muon,0.001,464,0.00018300303517229064,0.0009504552758435992
0,muon,0.001,465,0.00018300303517229064,0.0009285841813961791
0,muon,0.001,466,0.00018300303517229064,0.0008410998036064987
0,muon,0.001,467,0.00018300303517229064,0.0007476343510087484
0,muon,0.001,977,0,0
0,muon,0.001,1196,0.00018300303517229064,0.0003858239600071416
0,muon,0.001,1197,0.00018300303517229064,0.0005673986788073558
0,muon,0.001,1198,0.00018300303517229064,0.0007372790573111943
0,muon,0.001,1199,0.00018300303517229064,0.0008935011605070521
0,muon,0.001,1200,0.00018300303517229064,0.0009502767362970897
0,muon,0.001,1201,0.00018300303517229064,0.0009285841813961791
0,muon,0.001,1202,0.00018300303517229064,0.0008410998036064987
0,muon,0.001,1203,0.00018300303517229064,0.0007476343510087484
0,muon,0.001,1208,0.00018300303517229064,0.00038600249955365114
0,muon,0.001,1209,0.00018300303517229064,0.0005673986788073558
0,muon,0.001,1210,0.00018300303517229064,0.0007372790573111943
0,muon,0.001,1211,0.00018300303517229064,0.0008935011605070521
0,muon,0.001,1212,0.00018300303517229064,0.0009502767362970897
0,muon,0.001,1213,0.00018300303517229064,0.0009285841813961791
0,muon,0.001,1214,0.00018300303517229064,0.0008410998036064987
0,muon,0.001,1215,0.00018300303517229064,0.0007476343510087484
0,muon,0.001,1220,0.00018300303517229064,0.00038600249955365114
0,muon,0.001,1221,0.00018300303517229064,0.0005673986788073558
0,muon,0.001,1222,0.00018300303517229064,0.0007372790573111943
0,muon,0.001,1223,0.00018300303517229064,0.0008935011605070521
0,muon,0.001,1224,0.00018300303517229064,0.0009502767362970897
0,muon,0.001,1225,0.00018300303517229064,0.0009285841813961791
0,muon,0.001,1226,0.00018300303517229064,0.0008410998036064987
0,muon,0.001,1227,0.00018300303517229064,0.0007476343510087484
0,muon,0.001,1232,0.00018300303517229064,0.00038600249955365114
0,muon,0.001,1233,0.00018300303517229064,0.0005673986788073558
0,muon,0.001,1234,0.00018300303517229064,0.0007372790573111943
0,muon,0.001,1235,0.00018300303517229064,0.0008935011605070521
0,muon,0.001,1236,0.00018300303517229064,0.0009502767362970897
0,muon,0.001,1237,0.00018300303517229064,0.0009285841813961791
0,muon,0.001,1238,0.00018300303517229064,0.0008410998036064987
0,muon,0.001,1239,0.00018300303517229064,0.0007476343510087484
0,muon,0.001,1244,0.00018300303517229064,0.00038600249955365114
0,muon,0.001,1245,0.00018300303517229064,0.0005673986788073558
0,muon,0.001,1246,0.00018300303517229064,0.0007372790573111943
0,muon,0.001,1247,0.00018300303517229064,0.0008935011605070521
0,muon,0.001,1248,0.00018300303517229064,0.0009502767362970897
0,muon,0.001,1249,0.00018300303517229064,0.0009285841813961791
0,muon,0.001,1250,0.00018300303517229064,0.0008410998036064987
0,muon,0.001,1251,0.00018300303517229064,0.0007476343510087484
0,muon,0.001,1256,0.00018300303517229064,0.00038600249955365114
0,muon,0.001,1257,0.00018300303517229064,0.0005673986788073558
0,muon,0.001,1258,0.00018300303517229064,0.0007372790573111943
0,muon,0.001,1259,0.00018300303517229064,0.0008935011605070521
0,muon,0.001,1260,0.00018300303517229064,0.0009502767362970897
0,muon,0.001,1261,0.00018300303517229064,0.0009285841813961791
0,muon,0.001,1262,0.00018300303517229064,0.0008410998036064987
0,muon,0.001,1263,0.00018300303517229064,0.0007476343510087484
0,muon,0.001,1268,0.00018300303517229064,0.00038600249955365114
0,muon,0.001,1269,0.00018300303517229064,0.0005673986788073558
0,muon,0.001,1270,0.00018300303517229064,0.0007372790573111943
0,muon,0.001,1271,0.00018300303517229064,0.0008935011605070521
0,muon,0.001,1272,0.00018300303517229064,0.0009502767362970897
0,muon,0.001,1273,0.00018300303517229064,0.0009285841813961791
0,muon,0.001,1274,0.00018300303517229064,0.0008410998036064987
0,muon,0.001,1275,0.00018300303517229064,0.0007476343510087484
0,muon,0.001,1283,0.00018300303517229064,0.0003858239600071416
0,muon,0.001,1284,0.00018300303517229064,0.0005673986788073558
0,muon,0.001,1285,0.00018300303517229064,0.0007372790573111943
0,muon,0.001,1286,0.00018300303517229064,0.0008935011605070521
0,muon,0.001,1287,0.00018300303517229064,0.0009502767362970897
0,muon,0.001,1288,0.00018300303517229064,0.0009504552758435992
0,muon,0.001,1289,0.00018300303517229064,0.0009504552758435992
0,muon,0.001,1290,0.00018300303517229064,0.0009504552758435992
0,muon,0.001,1291,0.00018300303517229064,0.0009504552758435992
0,muon,0.001,1292,0.00018300303517229064,0.0009504552758435992
0,muon,0.001,1293,0.00018300303517229064,0.0009504552758435992
0,muon,0.001,1294,0.00018300303517229064,0.0009504552758435992
0,muon,0.001,1295,0.00018300303517229064,0.0009504552758435992
0,muon,0.001,1296,0.00018300303517229064,0.0009504552758435992
0,muon,0.001,1297,0.00018300303517229064,0.0009504552758435992
0,muon,0.001,1298,0.00018300303517229064,0.0009504552758435992
0,muon,0.001,1299,0.00018300303517229064,0.0009504552758435992
0,muon,0.001,1300,0.00018300303517229064,0.0009504552758435992
0,muon,0.001,1301,0.00018300303517229064,0.0009504552758435992
0,muon,0.001,1302,0.00018300303517229064,0.0009504552758435992
0,muon,0.001,1303,0.00018300303517229064,0.0009504552758435992
0,muon,0.001,1304,0.00018300303517229064,0.0009504552758435992
0,muon,0.001,1305,0.00018300303517229064,0.0009504552758435992
0,muon,0.001,1306,0.00018300303517229064,0.0009504552758435992
0,muon,0.001,1307,0.00018300303517229064,0.0009504552758435992
0,muon,0.001,1308,0.00018300303517229064,0.0009504552758435992
0,muon,0.001,1309,0.00018300303517229064,0.0009504552758435992
0,muon,0.001,1310,0.00018300303517229064,0.0009504552758435992
0,muon,0.001,1311,0.00018300303517229064,0.0009504552758435992
0,muon,0.001,1312,0.00018300303517229064,0.0009504552758435992
0,muon,0.001,1313,0.00018300303517229064,0.0009504552758435992
0,muon,0.001,1314,0.00018300303517229064,0.0009504552758435992
0,muon,0.001,1315,0.00018300303517229064,0.0009504552758435992
0,muon,0.001,1316,0.00018300303517229064,0.0009285841813961791
0,muon,0.001,1317,0.00018300303517229064,0.0008410998036064987
0,muon,0.001,1318,0.00018300303517229064,0.0007476343510087484
0,muon,0.001,1326,0.00018300303517229064,0.0003858239600071416
0,muon,0.001,1327,0.00018300303517229064,0.0005673986788073558
0,muon,0.001,1328,0.00018300303517229064,0.0007372790573111943
0,muon,0.001,1329,0.00018300303517229064,0.0008935011605070521
0,muon,0.001,1330,0.00018300303517229064,0.0009502767362970897
0,muon,0.001,1331,0.00018300303517229064,0.0009504552758435992
0,muon,0.001,1332,0.00018300303517229064,0.0009504552758435992
0,muon,0.001,1333,0.00018300303517229064,0.0009504552758435992
0,muon,0.001,1334,0.00018300303517229064,0.0009504552758435992
0,muon,0.001,1335,0.00018300303517229064,0.0009504552758435992
0,muon,0.001,1336,0.00018300303517229064,0.0009504552758435992
0,muon,0.001,1337,0.00018300303517229064,0.0009504552758435992
0,muon,0.001,1338,0.00018300303517229064,0.0009504552758435992
0,muon,0.001,1339,0.00018300303517229064,0.0009504552758435992
0,muon,0.001,1340,0.00018300303517229064,0.0009504552758435992
0,muon,0.001,1341,0.00018300303517229064,0.0009504552758435992
0,muon,0.001,1342,0.00018300303517229064,0.0009504552758435992
0,muon,0.001,1343,0.00018300303517229064,0.0009504552758435992
0,muon,0.001,1344,0.00018300303517229064,0.0009504552758435992
0,muon,0.001,1345,0.00018300303517229064,0.0009504552758435992
0,muon,0.001,1346,0.00018300303517229064,0.0009504552758435992
0,muon,0.001,1347,0.00018300303517229064,0.0009504552758435992
0,muon,0.001,1348,0.00018300303517229064,0.0009504552758435992
0,muon,0.001,1349,0.00018300303517229064,0.0009504552758435992
0,muon,0.001,1350,0.00018300303517229064,0.0009504552758435992
0,muon,0.001,1351,0.00018300303517229064,0.0009504552758435992
0,muon,0.001,1352,0.00018300303517229064,0.0009504552758435992
0,muon,0.001,1353,0.00018300303517229064,0.0009504552758435992
0,muon,0.001,1354,0.00018300303517229064,0.0009504552758435992
0,muon,0.001,1355,0.00018300303517229064,0.0009504552758435992
0,muon,0.001,1356,0.00018300303517229064,0.0009504552758435992
0,muon,0.001,1357,0.00018300303517229064,0.0009504552758435992
0,muon,0.001,1358,0.00018300303517229064,0.0009504552758435992
0,muon,0.001,1359,0.00018300303517229064,0.0009285841813961791
0,muon,0.001,1360,0.00018300303517229064,0.0008410998036064987
0,muon,0.001,1361,0.00018300303517229064,0.0007476343510087484
0,muon,0.001,1871,0.00018300303517229064,0.00018300303517229064
0,muon,0.001,2090,0.00018300303517229064,0.0003858239600071416
0,muon,0.001,2091,0.00018300303517229064,0.0005673986788073558
0,muon,0.001,2092,0.00018300303517229064,0.0007372790573111943
0,muon,0.001,2093,0.00018300303517229064,0.0008935011605070521
0,muon,0.001,2094,0.00018300303517229064,0.0009502767362970897
0,muon,0.001,2095,0.00018300303517229064,0.0009285841813961791
0,muon,0.001,2096,0.00018300303517229064,0.0008410998036064987
0,muon,0.001,2097,0.00018300303517229064,0.0007476343510087484
0,muon,0.001,2102,0.00018300303517229064,0.00038600249955365114
0,muon,0.001,2103,0.00018300303517229064,0.0005673986788073558
0,muon,0.001,2104,0.00018300303517229064,0.0007372790573111943
0,muon,0.001,2105,0.00018300303517229064,0.0008935011605070521
0,muon,0.001,2106,0.00018300303517229064,0.0009502767362970897
0,muon,0.001,2107,0.00018300303517229064,0.0009285841813961791
0,muon,0.001,2108,0.00018300303517229064,0.0008410998036064987
0,muon,0.001,2109,0.00018300303517229064,0.0007476343510087484
0,muon,0.001,2114,0.00018300303517229064,0.00038600249955365114
0,muon,0.001,2115,0.00018300303517229064,0.0005673986788073558
0,muon,0.001,2116,0.00018300303517229064,0.0007372790573111943
0,muon,0.001,2117,0.00018300303517229064,0.0008935011605070521
0,muon,0.001,2118,0.00018300303517229064,0.0009502767362970897
0,muon,0.001,2119,0.00018300303517229064,0.0009285841813961791
0,muon,0.001,2120,0.00018300303517229064,0.0008410998036064987
0,muon,0.001,2121,0.00018300303517229064,0.0007476343510087484
0,muon,0.001,2126,0.00018300303517229064,0.00038600249955365114
0,muon,0.001,2127,0.00018300303517229064,0.0005673986788073558
0,muon,0.001,2128,0.00018300303517229064,0.0007372790573111943
0,muon,0.001,2129,0.00018300303517229064,0.0008935011605070521
0,muon,0.001,2130,0.00018300303517229064,0.0009502767362970897
0,muon,0.001,2131,0.00018300303517229064,0.0009285841813961791
0,muon,0.001,2132,0.00018300303517229064,0.0008410998036064987
0,muon,0.001,2133,0.00018300303517229064,0.0007476343510087484
0,muon,0.001,2138,0.00018300303517229064,0.00038600249955365114
0,muon,0.001,2139,0.00018300303517229064,0.0005673986788073558
0,muon,0.001,2140,0.00018300303517229064,0.0007372790573111943
0,muon,0.001,2141,0.00018300303517229064,0.0008935011605070521
0,muon,0.001,2142,0.00018300303517229064,0.0009502767362970897
0,muon,0.001,2143,0.00018300303517229064,0.0009285841813961791
0,muon,0.001,2144,0.00018300303517229064,0.0008410998036064987
0,muon,0.001,2145,0.00018300303517229064,0.0007476343510087484
0,muon,0.001,2150,0.00018300303517229064,0.00038600249955365114
0,muon,0.001,2151,0.00018300303517229064,0.0005673986788073558
0,muon,0.001,2152,0.00018300303517229064,0.0007372790573111943
0,muon,0.001,2153,0.00018300303517229064,0.0008935011605070521
0,muon,0.001,2154,0.00018300303517229064,0.0009502767362970897
0,muon,0.001,2155,0.00018300303517229064,0.0009285841813961791
0,muon,0.001,2156,0.00018300303517229064,0.0008410998036064987
0,muon,0.001,2157,0.00018300303517229064,0.0007476343510087484
0,muon,0.001,2162,0.00018300303517229064,0.00038600249955365114
0,muon,0.001,2163,0.00018300303517229064,0.0005673986788073558
0,muon,0.001,2164,0.00018300303517229064,0.0007372790573111943
0,muon,0.001,2165,0.00018300303517229064,0.0008935011605070521
0,muon,0.001,2166,0.00018300303517229064,0.0009502767362970897
0,muon,0.001,2167,0.00018300303517229064,0.0009285841813961791
0,muon,0.001,2168,0.00018300303517229064,0.0008410998036064987
0,muon,0.001,2169,0.00018300303517229064,0.0007476343510087484
0,muon,0.001,2177,0.00018300303517229064,0.0003858239600071416
0,muon,0.001,2178,0.00018300303517229064,0.0005673986788073558
0,muon,0.001,2179,0.00018300303517229064,0.0007372790573111943
0,muon,0.001,2180,0.00018300303517229064,0.0008935011605070521
0,muon,0.001,2181,0.00018300303517229064,0.0009502767362970897
0,muon,0.001,2182,0.00018300303517229064,0.0009504552758435992
0,muon,0.001,2183,0.00018300303517229064,0.0009504552758435992
0,muon,0.001,2184,0.00018300303517229064,0.0009504552758435992
0,muon,0.001,2185,0.00018300303517229064,0.0009504552758435992
0,muon,0.001,2186,0.00018300303517229064,0.0009504552758435992
0,muon,0.001,2187,0.00018300303517229064,0.0009504552758435992
0,muon,0.001,2188,0.00018300303517229064,0.0009504552758435992
0,muon,0.001,2189,0.00018300303517229064,0.0009504552758435992
0,muon,0.001,2190,0.00018300303517229064,0.0009504552758435992
0,muon,0.001,2191,0.00018300303517229064,0.0009504552758435992
0,muon,0.001,2192,0.00018300303517229064,0.0009504552758435992
0,muon,0.001,2193,0.00018300303517229064,0.0009504552758435992
0,muon,0.001,2194,0.00018300303517229064,0.0009504552758435992
0,muon,0.001,2195,0.00018300303517229064,0.0009504552758435992
0,muon,0.001,2196,0.00018300303517229064,0.0009504552758435992
0,muon,0.001,2197,0.00018300303517229064,0.0009504552758435992
0,muon,0.001,2198,0.00018300303517229064,0.0009504552758435992
0,muon,0.001,2199,0.00018300303517229064,0.0009504552758435992
0,muon,0.001,2200,0.00018300303517229064,0.0009504552758435992
0,muon,0.001,2201,0.00018300303517229064,0.0009504552758435992
0,muon,0.001,2202,0.00018300303517229064,0.0009504552758435992
0,muon,0.001,2203,0.00018300303517229064,0.0009504552758435992
0,muon,0.001,2204,0.00018300303517229064,0.0009504552758435992
0,muon,0.001,2205,0.00018300303517229064,0.0009504552758435992
0,muon,0.001,2206,0.00018300303517229064,0.0009504552758435992
0,muon,0.001,2207,0.00018300303517229064,0.0009504552758435992
0,muon,0.001,2208,0.00018300303517229064,0.0009504552758435992
0,muon,0.001,2209,0.00018300303517229064,0.0009504552758435992
0,muon,0.001,2210,0.00018300303517229064,0.0009285841813961791
0,muon,0.001,2211,0.00018300303517229064,0.0008410998036064987
0,muon,0.001,2212,0.00018300303517229064,0.0007476343510087484
0,muon,0.001,2220,0.00018300303517229064,0.0003858239600071416
0,muon,0.001,2221,0.00018300303517229064,0.0005673986788073558
0,muon,0.001,2222,0.00018300303517229064,0.0007372790573111943
0,muon,0.001,2223,0.00018300303517229064,0.0008935011605070521
0,muon,0.001,2224,0.00018300303517229064,0.0009502767362970897
0,muon,0.001,2225,0.00018300303517229064,0.0009504552758435992
0,muon,0.001,2226,0.00018300303517229064,0.0009504552758435992
0,muon,0.001,2227,0.00018300303517229064,0.0009504552758435992
0,muon,0.001,2228,0.00018300303517229064,0.0009504552758435992
0,muon,0.001,2229,0.00018300303517229064,0.0009504552758435992
0,muon,0.001,2230,0.00018300303517229064,0.0009504552758435992
0,muon,0.001,2231,0.00018300303517229064,0.0009504552758435992
0,muon,0.001,2232,0.00018300303517229064,0.0009504552758435992
0,muon,0.001,2233,0.00018300303517229064,0.0009504552758435992
0,muon,0.001,2234,0.00018300303517229064,0.0009504552758435992
0,muon,0.001,2235,0.00018300303517229064,0.0009504552758435992
0,muon,0.001,2236,0.00018300303517229064,0.0009504552758435992
0,muon,0.001,2237,0.00018300303517229064,0.0009504552758435992
0,muon,0.001,2238,0.00018300303517229064,0.0009504552758435992
0,muon,0.001,2239,0.00018300303517229064,0.0009504552758435992
0,muon,0.001,2240,0.00018300303517229064,0.0009504552758435992
0,muon,0.001,2241,0.00018300303517229064,0.0009504552758435992
0,muon,0.001,2242,0.00018300303517229064,0.0009504552758435992
0,muon,0.001,2243,0.00018300303517229064,0.0009504552758435992
0,muon,0.001,2244,0.00018300303517229064,0.0009504552758435992
0,muon,0.001,2245,0.00018300303517229064,0.0009504552758435992
0,muon,0.001,2246,0.00018300303517229064,0.0009504552758435992
0,muon,0.001,2247,0.00018300303517229064,0.0009504552758435992
0,muon,0.001,2248,0.00018300303517229064,0.0009504552758435992
0,muon,0.001,2249,0.00018300303517229064,0.0009504552758435992
0,muon,0.001,2250,0.00018300303517229064,0.0009504552758435992
0,muon,0.001,2251,0.00018300303517229064,0.0009504552758435992
0,muon,0.001,2252,0.00018300303517229064,0.0009504552758435992
0,muon,0.001,2253,0.00018300303517229064,0.0009285841813961791
0,muon,0.001,2254,0.00018300303517229064,0.0008410998036064987
0,muon,0.001,2255,0.00018300303517229064,0.0007476343510087484
0,muon,0.01,1,0,0
0,muon,0.01,2,0,0
0,muon,0.01,3,0,0
0,muon,0.01,4,0,0
0,muon,0.01,5,0,0
0,muon,0.01,6,0,0
0,muon,0.01,7,0,0
0,muon,0.01,8,0,0
0,muon,0.01,9,0,0
0,muon,0.01,10,0,0
0,muon,0.01,11,0,0
0,muon,0.01,12,0,0
0,muon,0.01,86,0.0018300303517229067,0.0018300303517229067
0,muon,0.01,302,0.0018300303517229067,0.003858239600071416
0,muon,0.01,303,0.0018300303517229067,0.0056739867880735585
0,muon,0.01,304,0.0018300303517229067,0.007372790573111944
0,muon,0.01,305,0.0018300303517229067,0.008935011605070523
0,muon,0.01,306,0.0018300303517229067,0.009502767362970899
0,muon,0.01,307,0.0018300303517229067,0.009285841813961793
0,muon,0.01,308,0.0018300303517229067,0.008410998036064989
0,muon,0.01,309,0.0018300303517229067,0.007476343510087485
0,muon,0.01,314,0.0018300303517229067,0.0038600249955365114
0,muon,0.01,315,0.0018300303517229067,0.0056739867880735585
0,muon,0.01,316,0.0018300303517229067,0.007372790573111944
0,muon,0.01,317,0.0018300303517229067,0.008935011605070523
0,muon,0.01,318,0.0018300303517229067,0.009502767362970899
0,muon,0.01,319,0.0018300303517229067,0.009285841813961793
0,muon,0.01,320,0.0018300303517229067,0.008410998036064989
0,muon,0.01,321,0.0018300303517229067,0.007476343510087485
0,muon,0.01,326,0.0018300303517229067,0.0038600249955365114
0,muon,0.01,327,0.0018300303517229067,0.0056739867880735585
0,muon,0.01,328,0.0018300303517229067,0.007372790573111944
0,muon,0.01,329,0.0018300303517229067,0.008935011605070523
0,muon,0.01,330,0.0018300303517229067,0.009502767362970899
0,muon,0.01,331,0.0018300303517229067,0.009285841813961793
0,muon,0.01,332,0.0018300303517229067,0.008410998036064989
0,muon,0.01,333,0.0018300303517229067,0.007476343510087485
0,muon,0.01,338,0.0018300303517229067,0.0038600249955365114
0,muon,0.01,339,0.0018300303517229067,0.0056739867880735585
0,muon,0.01,340,0.0018300303517229067,0.007372790573111944
0,muon,0.01,341,0.0018300303517229067,0.008935011605070523
0,muon,0.01,342,0.0018300303517229067,0.009502767362970899
0,muon,0.01,343,0.0018300303517229067,0.009285841813961793
0,muon,0.01,344,0.0018300303517229067,0.008410998036064989
0,muon,0.01,345,0.0018300303517229067,0.007476343510087485
0,muon,0.01,350,0.0018300303517229067,0.0038600249955365114
0,muon,0.01,351,0.0018300303517229067,0.0056739867880735585
0,muon,0.01,352,0.0018300303517229067,0.007372790573111944
0,muon,0.01,353,0.0018300303517229067,0.008935011605070523
0,muon,0.01,354,0.0018300303517229067,0.009502767362970899
0,muon,0.01,355,0.0018300303517229067,0.009285841813961793
0,muon,0.01,356,0.0018300303517229067,0.008410998036064989
0,muon,0.01,357,0.0018300303517229067,0.007476343510087485
0,muon,0.01,362,0.0018300303517229067,0.0038600249955365114
0,muon,0.01,363,0.0018300303517229067,0.0056739867880735585
0,muon,0.01,364,0.0018300303517229067,0.007372790573111944
0,muon,0.01,365,0.0018300303517229067,0.008935011605070523
0,muon,0.01,366,0.0018300303517229067,0.009502767362970899
0,muon,0.01,367,0.0018300303517229067,0.009285841813961793
0,muon,0.01,368,0.0018300303517229067,0.008410998036064989
0,muon,0.01,369,0.0018300303517229067,0.007476343510087485
0,muon,0.01,374,0.0018300303517229067,0.0038600249955365114
0,muon,0.01,375,0.0018300303517229067,0.0056739867880735585
0,muon,0.01,376,0.0018300303517229067,0.007372790573111944
0,muon,0.01,377,0.0018300303517229067,0.008935011605070523
0,muon,0.01,378,0.0018300303517229067,0.009502767362970899
0,muon,0.01,379,0.0018300303517229067,0.009285841813961793
0,muon,0.01,380,0.0018300303517229067,0.008410998036064989
0,muon,0.01,381,0.0018300303517229067,0.007476343510087485
0,muon,0.01,389,0.0018300303517229067,0.003858239600071416
0,muon,0.01,390,0.0018300303517229067,0.0056739867880735585
0,muon,0.01,391,0.0018300303517229067,0.007372790573111944
0,muon,0.01,392,0.0018300303517229067,0.008935011605070523
0,muon,0.01,393,0.0018300303517229067,0.009502767362970899
0,muon,0.01,394,0.0018300303517229067,0.009504552758435994
0,muon,0.01,395,0.0018300303517229067,0.009504552758435994
0,muon,0.01,396,0.0018300303517229067,0.009504552758435994
0,muon,0.01,397,0.0018300303517229067,0.009504552758435994
0,muon,0.01,398,0.0018300303517229067,0.009504552758435994
0,muon,0.01,399,0.0018300303517229067,0.009504552758435994
0,muon,0.01,400,0.0018300303517229067,0.009504552758435994
0,muon,0.01,401,0.0018300303517229067,0.009504552758435994
0,muon,0.01,402,0.0018300303517229067,0.009504552758435994
0,muon,0.01,403,0.0018300303517229067,0.009504552758435994
0,muon,0.01,404,0.0018300303517229067,0.009504552758435994
0,muon,0.01,405,0.0018300303517229067,0.009504552758435994
0,muon,0.01,406,0.0018300303517229067,0.009504552758435994
0,muon,0.01,407,0.0018300303517229067,0.009504552758435994
0,muon,0.01,408,0.0018300303517229067,0.009504552758435994
0,muon,0.01,409,0.0018300303517229067,0.009504552758435994
0,muon,0.01,410,0.0018300303517229067,0.009504552758435994
0,muon,0.01,411,0.0018300303517229067,0.009504552758435994
0,muon,0.01,412,0.0018300303517229067,0.009504552758435994
0,muon,0.01,413,0.0018300303517229067,0.009504552758435994
0,muon,0.01,414,0.0018300303517229067,0.009504552758435994
0,muon,0.01,415,0.0018300303517229067,0.009504552758435994
0,muon,0.01,416,0.0018300303517229067,0.009504552758435994
0,muon,0.01,417,0.0018300303517229067,0.009504552758435994
0,muon,0.01,418,0.0018300303517229067,0.009504552758435994
0,muon,0.01,419,0.0018300303517229067,0.009504552758435994
0,muon,0.01,420,0.0018300303517229067,0.009504552758435994
0,muon,0.01,421,0.0018300303517229067,0.009504552758435994
0,muon,0.01,422,0.0018300303517229067,0.009285841813961793
0,muon,0.01,423,0.0018300303517229067,0.008410998036064989
0,muon,0.01,424,0.0018300303517229067,0.007476343510087485
0,muon,0.01,432,0.0018300303517229067,0.003858239600071416
0,muon,0.01,433,0.0018300303517229067,0.0056739867880735585
0,muon,0.01,434,0.0018300303517229067,0.007372790573111944
0,muon,0.01,435,0.0018300303517229067,0.008935011605070523
0,muon,0.01,436,0.0018300303517229067,0.009502767362970899
0,muon,0.01,437,0.0018300303517229067,0.009504552758435994
0,muon,0.01,438,0.0018300303517229067,0.009504552758435994
0,muon,0.01,439,0.0018300303517229067,0.009504552758435994
0,muon,0.01,440,0.0018300303517229067,0.009504552758435994
0,muon,0.01,441,0.0018300303517229067,0.009504552758435994
0,muon,0.01,442,0.0018300303517229067,0.009504552758435994
0,muon,0.01,443,0.0018300303517229067,0.009504552758435994
0,muon,0.01,444,0.0018300303517229067,0.009504552758435994
0,muon,0.01,445,0.0018300303517229067,0.009504552758435994
0,muon,0.01,446,0.0018300303517229067,0.009504552758435994
0,muon,0.01,447,0.0018300303517229067,0.009504552758435994
0,muon,0.01,448,0.0018300303517229067,0.009504552758435994
0,muon,0.01,449,0.0018300303517229067,0.009504552758435994
0,muon,0.01,450,0.0018300303517229067,0.009504552758435994
0,muon,0.01,451,0.0018300303517229067,0.009504552758435994
0,muon,0.01,452,0.0018300303517229067,0.009504552758435994
0,muon,0.01,453,0.0018300303517229067,0.009504552758435994
0,muon,0.01,454,0.0018300303517229067,0.009504552758435994
0,muon,0.01,455,0.0018300303517229067,0.009504552758435994
0,muon,0.01,456,0.0018300303517229067,0.009504552758435994
0,muon,0.01,457,0.0018300303517229067,0.009504552758435994
0,muon,0.01,458,0.0018300303517229067,0.009504552758435994
0,muon,0.01,459,0.0018300303517229067,0.009504552758435994
0,muon,0.01,460,0.0018300303517229067,0.009504552758435994
0,muon,0.01,461,0.0018300303517229067,0.009504552758435994
0,muon,0.01,462,0.0018300303517229067,0.009504552758435994
0,muon,0.01,463,0.0018300303517229067,0.009504552758435994
0,muon,0.01,464,0.0018300303517229067,0.009504552758435994
0,muon,0.01,465,0.0018300303517229067,0.009285841813961793
0,muon,0.01,466,0.0018300303517229067,0.008410998036064989
0,muon,0.01,467,0.0018300303517229067,0.007476343510087485
0,muon,0.01,977,0,0
0,muon,0.01,1196,0.0018300303517229067,0.003858239600071416
0,muon,0.01,1197,0.0018300303517229067,0.0056739867880735585
0,muon,0.01,1198,0.0018300303517229067,0.007372790573111944
0,muon,0.01,1199,0.0018300303517229067,0.008935011605070523
0,muon,0.01,1200,0.0018300303517229067,0.009502767362970899
0,muon,0.01,1201,0.0018300303517229067,0.009285841813961793
0,muon,0.01,1202,0.0018300303517229067,0.008410998036064989
0,muon,0.01,1203,0.0018300303517229067,0.007476343510087485
0,muon,0.01,1208,0.0018300303517229067,0.0038600249955365114
0,muon,0.01,1209,0.0018300303517229067,0.0056739867880735585
0,muon,0.01,1210,0.0018300303517229067,0.007372790573111944
0,muon,0.01,1211,0.0018300303517229067,0.008935011605070523
0,muon,0.01,1212,0.0018300303517229067,0.009502767362970899
0,muon,0.01,1213,0.0018300303517229067,0.009285841813961793
0,muon,0.01,1214,0.0018300303517229067,0.008410998036064989
0,muon,0.01,1215,0.0018300303517229067,0.007476343510087485
0,muon,0.01,1220,0.0018300303517229067,0.0038600249955365114
0,muon,0.01,1221,0.0018300303517229067,0.0056739867880735585
0,muon,0.01,1222,0.0018300303517229067,0.007372790573111944
0,muon,0.01,1223,0.0018300303517229067,0.008935011605070523
0,muon,0.01,1224,0.0018300303517229067,0.009502767362970899
0,muon,0.01,1225,0.0018300303517229067,0.009285841813961793
0,muon,0.01,1226,0.0018300303517229067,0.008410998036064989
0,muon,0.01,1227,0.0018300303517229067,0.007476343510087485
0,muon,0.01,1232,0.0018300303517229067,0.0038600249955365114
0,muon,0.01,1233,0.0018300303517229067,0.0056739867880735585
0,muon,0.01,1234,0.0018300303517229067,0.007372790573111944
0,muon,0.01,1235,0.0018300303517229067,0.008935011605070523
0,muon,0.01,1236,0.0018300303517229067,0.009502767362970899
0,muon,0.01,1237,0.0018300303517229067,0.009285841813961793
0,muon,0.01,1238,0.0018300303517229067,0.008410998036064989
0,muon,0.01,1239,0.0018300303517229067,0.007476343510087485
0,muon,0.01,1244,0.0018300303517229067,0.0038600249955365114
0,muon,0.01,1245,0.0018300303517229067,0.0056739867880735585
0,muon,0.01,1246,0.0018300303517229067,0.007372790573111944
0,muon,0.01,1247,0.0018300303517229067,0.008935011605070523
0,muon,0.01,1248,0.0018300303517229067,0.009502767362970899
0,muon,0.01,1249,0.0018300303517229067,0.009285841813961793
0,muon,0.01,1250,0.0018300303517229067,0.008410998036064989
0,muon,0.01,1251,0.0018300303517229067,0.007476343510087485
0,muon,0.01,1256,0.0018300303517229067,0.0038600249955365114
0,muon,0.01,1257,0.0018300303517229067,0.0056739867880735585
0,muon,0.01,1258,0.0018300303517229067,0.007372790573111944
0,muon,0.01,1259,0.0018300303517229067,0.008935011605070523
0,muon,0.01,1260,0.0018300303517229067,0.009502767362970899
0,muon,0.01,1261,0.0018300303517229067,0.009285841813961793
0,muon,0.01,1262,0.0018300303517229067,0.008410998036064989
0,muon,0.01,1263,0.0018300303517229067,0.007476343510087485
0,muon,0.01,1268,0.0018300303517229067,0.0038600249955365114
0,muon,0.01,1269,0.0018300303517229067,0.0056739867880735585
0,muon,0.01,1270,0.0018300303517229067,0.007372790573111944
0,muon,0.01,1271,0.0018300303517229067,0.008935011605070523
0,muon,0.01,1272,0.0018300303517229067,0.009502767362970899
0,muon,0.01,1273,0.0018300303517229067,0.009285841813961793
0,muon,0.01,1274,0.0018300303517229067,0.008410998036064989
0,muon,0.01,1275,0.0018300303517229067,0.007476343510087485
0,muon,0.01,1283,0.0018300303517229067,0.003858239600071416
0,muon,0.01,1284,0.0018300303517229067,0.0056739867880735585
0,muon,0.01,1285,0.0018300303517229067,0.007372790573111944
0,muon,0.01,1286,0.0018300303517229067,0.008935011605070523
0,muon,0.01,1287,0.0018300303517229067,0.009502767362970899
0,muon,0.01,1288,0.0018300303517229067,0.009504552758435994
0,muon,0.01,1289,0.0018300303517229067,0.009504552758435994
0,muon,0.01,1290,0.0018300303517229067,0.009504552758435994
0,muon,0.01,1291,0.0018300303517229067,0.009504552758435994
0,muon,0.01,1292,0.0018300303517229067,0.009504552758435994
0,muon,0.01,1293,0.0018300303517229067,0.009504552758435994
0,muon,0.01,1294,0.0018300303517229067,0.009504552758435994
0,muon,0.01,1295,0.0018300303517229067,0.009504552758435994
0,muon,0.01,1296,0.0018300303517229067,0.009504552758435994
0,muon,0.01,1297,0.0018300303517229067,0.009504552758435994
0,muon,0.01,1298,0.0018300303517229067,0.009504552758435994
0,muon,0.01,1299,0.0018300303517229067,0.009504552758435994
0,muon,0.01,1300,0.0018300303517229067,0.009504552758435994
0,muon,0.01,1301,0.0018300303517229067,0.009504552758435994
0,muon,0.01,1302,0.0018300303517229067,0.009504552758435994
0,muon,0.01,1303,0.0018300303517229067,0.009504552758435994
0,muon,0.01,1304,0.0018300303517229067,0.009504552758435994
0,muon,0.01,1305,0.0018300303517229067,0.009504552758435994
0,muon,0.01,1306,0.0018300303517229067,0.009504552758435994
0,muon,0.01,1307,0.0018300303517229067,0.009504552758435994
0,muon,0.01,1308,0.0018300303517229067,0.009504552758435994
0,muon,0.01,1309,0.0018300303517229067,0.009504552758435994
0,muon,0.01,1310,0.0018300303517229067,0.009504552758435994
0,muon,0.01,1311,0.0018300303517229067,0.009504552758435994
0,muon,0.01,1312,0.0018300303517229067,0.009504552758435994
0,muon,0.01,1313,0.0018300303517229067,0.009504552758435994
0,muon,0.01,1314,0.0018300303517229067,0.009504552758435994
0,muon,0.01,1315,0.0018300303517229067,0.009504552758435994
0,muon,0.01,1316,0.0018300303517229067,0.009285841813961793
0,muon,0.01,1317,0.0018300303517229067,0.008410998036064989
0,muon,0.01,1318,0.0018300303517229067,0.007476343510087485
0,muon,0.01,1326,0.0018300303517229067,0.003858239600071416
0,muon,0.01,1327,0.0018300303517229067,0.0056739867880735585
0,muon,0.01,1328,0.0018300303517229067,0.007372790573111944
0,muon,0.01,1329,0.0018300303517229067,0.008935011605070523
0,muon,0.01,1330,0.0018300303517229067,0.009502767362970899
0,muon,0.01,1331,0.0018300303517229067,0.009504552758435994
0,muon,0.01,1332,0.0018300303517229067,0.009504552758435994
0,muon,0.01,1333,0.0018300303517229067,0.009504552758435994
0,muon,0.01,1334,0.0018300303517229067,0.009504552758435994
0,muon,0.01,1335,0.0018300303517229067,0.009504552758435994
0,muon,0.01,1336,0.0018300303517229067,0.009504552758435994
0,muon,0.01,1337,0.0018300303517229067,0.009504552758435994
0,muon,0.01,1338,0.0018300303517229067,0.009504552758435994
0,muon,0.01,1339,0.0018300303517229067,0.009504552758435994
0,muon,0.01,1340,0.0018300303517229067,0.009504552758435994
0,muon,0.01,1341,0.0018300303517229067,0.009504552758435994
0,muon,0.01,1342,0.0018300303517229067,0.009504552758435994
0,muon,0.01,1343,0.0018300303517229067,0.009504552758435994
0,muon,0.01,1344,0.0018300303517229067,0.009504552758435994
0,muon,0.01,1345,0.0018300303517229067,0.009504552758435994
0,muon,0.01,1346,0.0018300303517229067,0.009504552758435994
0,muon,0.01,1347,0.0018300303517229067,0.009504552758435994
0,muon,0.01,1348,0.0018300303517229067,0.009504552758435994
0,muon,0.01,1349,0.0018300303517229067,0.009504552758435994
0,muon,0.01,1350,0.0018300303517229067,0.009504552758435994
0,muon,0.01,1351,0.0018300303517229067,0.009504552758435994
0,muon,0.01,1352,0.0018300303517229067,0.009504552758435994
0,muon,0.01,1353,0.0018300303517229067,0.009504552758435994
0,muon,0.01,1354,0.0018300303517229067,0.009504552758435994
0,muon,0.01,1355,0.0018300303517229067,0.009504552758435994
0,muon,0.01,1356,0.0018300303517229067,0.009504552758435994
0,muon,0.01,1357,0.0018300303517229067,0.009504552758435994
0,muon,0.01,1358,0.0018300303517229067,0.009504552758435994
0,muon,0.01,1359,0.0018300303517229067,0.009285841813961793
0,muon,0.01,1360,0.0018300303517229067,0.008410998036064989
0,muon,0.01,1361,0.0018300303517229067,0.007476343510087485
0,muon,0.01,1871,0.0018300303517229067,0.0018300303517229067
0,muon,0.01,2090,0.0018300303517229067,0.003858239600071416
0,muon,0.01,2091,0.0018300303517229067,0.0056739867880735585
0,muon,0.01,2092,0.0018300303517229067,0.007372790573111944
0,muon,0.01,2093,0.0018300303517229067,0.008935011605070523
0,muon,0.01,2094,0.0018300303517229067,0.009502767362970899
0,muon,0.01,2095,0.0018300303517229067,0.009285841813961793
0,muon,0.01,2096,0.0018300303517229067,0.008410998036064989
0,muon,0.01,2097,0.0018300303517229067,0.007476343510087485
0,muon,0.01,2102,0.0018300303517229067,0.0038600249955365114
0,muon,0.01,2103,0.0018300303517229067,0.0056739867880735585
0,muon,0.01,2104,0.0018300303517229067,0.007372790573111944
0,muon,0.01,2105,0.0018300303517229067,0.008935011605070523
0,muon,0.01,2106,0.0018300303517229067,0.009502767362970899
0,muon,0.01,2107,0.0018300303517229067,0.009285841813961793
0,muon,0.01,2108,0.0018300303517229067,0.008410998036064989
0,muon,0.01,2109,0.0018300303517229067,0.007476343510087485
0,muon,0.01,2114,0.0018300303517229067,0.0038600249955365114
0,muon,0.01,2115,0.0018300303517229067,0.0056739867880735585
0,muon,0.01,2116,0.0018300303517229067,0.007372790573111944
0,muon,0.01,2117,0.0018300303517229067,0.008935011605070523
0,muon,0.01,2118,0.0018300303517229067,0.009502767362970899
0,muon,0.01,2119,0.0018300303517229067,0.009285841813961793
0,muon,0.01,2120,0.0018300303517229067,0.008410998036064989
0,muon,0.01,2121,0.0018300303517229067,0.007476343510087485
0,muon,0.01,2126,0.0018300303517229067,0.0038600249955365114
0,muon,0.01,2127,0.0018300303517229067,0.0056739867880735585
0,muon,0.01,2128,0.0018300303517229067,0.007372790573111944
0,muon,0.01,2129,0.0018300303517229067,0.008935011605070523
0,muon,0.01,2130,0.0018300303517229067,0.009502767362970899
0,muon,0.01,2131,0.0018300303517229067,0.009285841813961793
0,muon,0.01,2132,0.0018300303517229067,0.008410998036064989
0,muon,0.01,2133,0.0018300303517229067,0.007476343510087485
0,muon,0.01,2138,0.0018300303517229067,0.0038600249955365114
0,muon,0.01,2139,0.0018300303517229067,0.0056739867880735585
0,muon,0.01,2140,0.0018300303517229067,0.007372790573111944
0,muon,0.01,2141,0.0018300303517229067,0.008935011605070523
0,muon,0.01,2142,0.0018300303517229067,0.009502767362970899
0,muon,0.01,2143,0.0018300303517229067,0.009285841813961793
0,muon,0.01,2144,0.0018300303517229067,0.008410998036064989
0,muon,0.01,2145,0.0018300303517229067,0.007476343510087485
0,muon,0.01,2150,0.0018300303517229067,0.0038600249955365114
0,muon,0.01,2151,0.0018300303517229067,0.0056739867880735585
0,muon,0.01,2152,0.0018300303517229067,0.007372790573111944
0,muon,0.01,2153,0.0018300303517229067,0.008935011605070523
0,muon,0.01,2154,0.0018300303517229067,0.009502767362970899
0,muon,0.01,2155,0.0018300303517229067,0.009285841813961793
0,muon,0.01,2156,0.0018300303517229067,0.008410998036064989
0,muon,0.01,2157,0.0018300303517229067,0.007476343510087485
0,muon,0.01,2162,0.0018300303517229067,0.0038600249955365114
0,muon,0.01,2163,0.0018300303517229067,0.0056739867880735585
0,muon,0.01,2164,0.0018300303517229067,0.007372790573111944
0,muon,0.01,2165,0.0018300303517229067,0.008935011605070523
0,muon,0.01,2166,0.0018300303517229067,0.009502767362970899
0,muon,0.01,2167,0.0018300303517229067,0.009285841813961793
0,muon,0.01,2168,0.0018300303517229067,0.008410998036064989
0,muon,0.01,2169,0.0018300303517229067,0.007476343510087485
0,muon,0.01,2177,0.0018300303517229067,0.003858239600071416
0,muon,0.01,2178,0.0018300303517229067,0.0056739867880735585
0,muon,0.01,2179,0.0018300303517229067,0.007372790573111944
0,muon,0.01,2180,0.0018300303517229067,0.008935011605070523
0,muon,0.01,2181,0.0018300303517229067,0.009502767362970899
0,muon,0.01,2182,0.0018300303517229067,0.009504552758435994
0,muon,0.01,2183,0.0018300303517229067,0.009504552758435994
0,muon,0.01,2184,0.0018300303517229067,0.009504552758435994
0,muon,0.01,2185,0.0018300303517229067,0.009504552758435994
0,muon,0.01,2186,0.0018300303517229067,0.009504552758435994
0,muon,0.01,2187,0.0018300303517229067,0.009504552758435994
0,muon,0.01,2188,0.0018300303517229067,0.009504552758435994
0,muon,0.01,2189,0.0018300303517229067,0.009504552758435994
0,muon,0.01,2190,0.0018300303517229067,0.009504552758435994
0,muon,0.01,2191,0.0018300303517229067,0.009504552758435994
0,muon,0.01,2192,0.0018300303517229067,0.009504552758435994
0,muon,0.01,2193,0.0018300303517229067,0.009504552758435994
0,muon,0.01,2194,0.0018300303517229067,0.009504552758435994
0,muon,0.01,2195,0.0018300303517229067,0.009504552758435994
0,muon,0.01,2196,0.0018300303517229067,0.009504552758435994
0,muon,0.01,2197,0.0018300303517229067,0.009504552758435994
0,muon,0.01,2198,0.0018300303517229067,0.009504552758435994
0,muon,0.01,2199,0.0018300303517229067,0.009504552758435994
0,muon,0.01,2200,0.0018300303517229067,0.009504552758435994
0,muon,0.01,2201,0.0018300303517229067,0.009504552758435994
0,muon,0.01,2202,0.0018300303517229067,0.009504552758435994
0,muon,0.01,2203,0.0018300303517229067,0.009504552758435994
0,muon,0.01,2204,0.0018300303517229067,0.009504552758435994
0,muon,0.01,2205,0.0018300303517229067,0.009504552758435994
0,muon,0.01,2206,0.0018300303517229067,0.009504552758435994
0,muon,0.01,2207,0.0018300303517229067,0.009504552758435994
0,muon,0.01,2208,0.0018300303517229067,0.009504552758435994
0,muon,0.01,2209,0.0018300303517229067,0.009504552758435994
0,muon,0.01,2210,0.0018300303517229067,0.009285841813961793
0,muon,0.01,2211,0.0018300303517229067,0.008410998036064989
0,muon,0.01,2212,0.0018300303517229067,0.007476343510087485
0,muon,0.01,2220,0.0018300303517229067,0.003858239600071416
0,muon,0.01,2221,0.0018300303517229067,0.0056739867880735585
0,muon,0.01,2222,0.0018300303517229067,0.007372790573111944
0,muon,0.01,2223,0.0018300303517229067,0.008935011605070523
0,muon,0.01,2224,0.0018300303517229067,0.009502767362970899
0,muon,0.01,2225,0.0018300303517229067,0.009504552758435994
0,muon,0.01,2226,0.0018300303517229067,0.009504552758435994
0,muon,0.01,2227,0.0018300303517229067,0.009504552758435994
0,muon,0.01,2228,0.0018300303517229067,0.009504552758435994
0,muon,0.01,2229,0.0018300303517229067,0.009504552758435994
0,muon,0.01,2230,0.0018300303517229067,0.009504552758435994
0,muon,0.01,2231,0.0018300303517229067,0.009504552758435994
0,muon,0.01,2232,0.0018300303517229067,0.009504552758435994
0,muon,0.01,2233,0.0018300303517229067,0.009504552758435994
0,muon,0.01,2234,0.0018300303517229067,0.009504552758435994
0,muon,0.01,2235,0.0018300303517229067,0.009504552758435994
0,muon,0.01,2236,0.0018300303517229067,0.009504552758435994
0,muon,0.01,2237,0.0018300303517229067,0.009504552758435994
0,muon,0.01,2238,0.0018300303517229067,0.009504552758435994
0,muon,0.01,2239,0.0018300303517229067,0.009504552758435994
0,muon,0.01,2240,0.0018300303517229067,0.009504552758435994
0,muon,0.01,2241,0.0018300303517229067,0.009504552758435994
0,muon,0.01,2242,0.0018300303517229067,0.009504552758435994
0,muon,0.01,2243,0.0018300303517229067,0.009504552758435994
0,muon,0.01,2244,0.0018300303517229067,0.009504552758435994
0,muon,0.01,2245,0.0018300303517229067,0.009504552758435994
0,muon,0.01,2246,0.0018300303517229067,0.009504552758435994
0,muon,0.01,2247,0.0018300303517229067,0.009504552758435994
0,muon,0.01,2248,0.0018300303517229067,0.009504552758435994
0,muon,0.01,2249,0.0018300303517229067,0.009504552758435994
0,muon,0.01,2250,0.0018300303517229067,0.009504552758435994
0,muon,0.01,2251,0.0018300303517229067,0.009504552758435994
0,muon,0.01,2252,0.0018300303517229067,0.009504552758435994
0,muon,0.01,2253,0.0018300303517229067,0.009285841813961793
0,muon,0.01,2254,0.0018300303517229067,0.008410998036064989
0,muon,0.01,2255,0.0018300303517229067,0.007476343510087485
0,muon,0.05,1,0,0
0,muon,0.05,2,0,0
0,muon,0.05,3,0,0
0,muon,0.05,4,0,0
0,muon,0.05,5,0,0
0,muon,0.05,6,0,0
0,muon,0.05,7,0,0
0,muon,0.05,8,0,0
0,muon,0.05,9,0,0
0,muon,0.05,10,0,0
0,muon,0.05,11,0,0
0,muon,0.05,12,0,0
0,muon,0.05,86,0.009150151758614533,0.009150151758614533
0,muon,0.05,302,0.009150151758614533,0.019291198000357078
0,muon,0.05,303,0.009150151758614533,0.02836993394036779
0,muon,0.05,304,0.009150151758614533,0.036863952865559727
0,muon,0.05,305,0.009150151758614533,0.04467505802535262
0,muon,0.05,306,0.009150151758614533,0.04751383681485449
0,muon,0.05,307,0.009150151758614533,0.04642920906980897
0,muon,0.05,308,0.009150151758614533,0.04205499018032495
0,muon,0.05,309,0.009150151758614533,0.03738171755043743
0,muon,0.05,314,0.009150151758614533,0.019300124977682555
0,muon,0.05,315,0.009150151758614533,0.02836993394036779
0,muon,0.05,316,0.009150151758614533,0.036863952865559727
0,muon,0.05,317,0.009150151758614533,0.04467505802535262
0,muon,0.05,318,0.009150151758614533,0.04751383681485449
0,muon,0.05,319,0.009150151758614533,0.04642920906980897
0,muon,0.05,320,0.009150151758614533,0.04205499018032495
0,muon,0.05,321,0.009150151758614533,0.03738171755043743
0,muon,0.05,326,0.009150151758614533,0.019300124977682555
0,muon,0.05,327,0.009150151758614533,0.02836993394036779
0,muon,0.05,328,0.009150151758614533,0.036863952865559727
0,muon,0.05,329,0.009150151758614533,0.04467505802535262
0,muon,0.05,330,0.009150151758614533,0.04751383681485449
0,muon,0.05,331,0.009150151758614533,0.04642920906980897
0,muon,0.05,332,0.009150151758614533,0.04205499018032495
0,muon,0.05,333,0.009150151758614533,0.03738171755043743
0,muon,0.05,338,0.009150151758614533,0.019300124977682555
0,muon,0.05,339,0.009150151758614533,0.02836993394036779
0,muon,0.05,340,0.009150151758614533,0.036863952865559727
0,muon,0.05,341,0.009150151758614533,0.04467505802535262
0,muon,0.05,342,0.009150151758614533,0.04751383681485449
0,muon,0.05,343,0.009150151758614533,0.04642920906980897
0,muon,0.05,344,0.009150151758614533,0.04205499018032495
0,muon,0.05,345,0.009150151758614533,0.03738171755043743
0,muon,0.05,350,0.009150151758614533,0.019300124977682555
0,muon,0.05,351,0.009150151758614533,0.02836993394036779
0,muon,0.05,352,0.009150151758614533,0.036863952865559727
0,muon,0.05,353,0.009150151758614533,0.04467505802535262
0,muon,0.05,354,0.009150151758614533,0.04751383681485449
0,muon,0.05,355,0.009150151758614533,0.04642920906980897
0,muon,0.05,356,0.009150151758614533,0.04205499018032495
0,muon,0.05,357,0.009150151758614533,0.03738171755043743
0,muon,0.05,362,0.009150151758614533,0.019300124977682555
0,muon,0.05,363,0.009150151758614533,0.02836993394036779
0,muon,0.05,364,0.009150151758614533,0.036863952865559727
0,muon,0.05,365,0.009150151758614533,0.04467505802535262
0,muon,0.05,366,0.009150151758614533,0.04751383681485449
0,muon,0.05,367,0.009150151758614533,0.04642920906980897
0,muon,0.05,368,0.009150151758614533,0.04205499018032495
0,muon,0.05,369,0.009150151758614533,0.03738171755043743
0,muon,0.05,374,0.009150151758614533,0.019300124977682555
0,muon,0.05,375,0.009150151758614533,0.02836993394036779
0,muon,0.05,376,0.009150151758614533,0.036863952865559727
0,muon,0.05,377,0.009150151758614533,0.04467505802535262
0,muon,0.05,378,0.009150151758614533,0.04751383681485449
0,muon,0.05,379,0.009150151758614533,0.04642920906980897
0,muon,0.05,380,0.009150151758614533,0.04205499018032495
0,muon,0.05,381,0.009150151758614533,0.03738171755043743
0,muon,0.05,389,0.009150151758614533,0.019291198000357078
0,muon,0.05,390,0.009150151758614533,0.02836993394036779
0,muon,0.05,391,0.009150151758614533,0.036863952865559727
0,muon,0.05,392,0.009150151758614533,0.04467505802535262
0,muon,0.05,393,0.009150151758614533,0.04751383681485449
0,muon,0.05,394,0.009150151758614533,0.04752276379217998
0,muon,0.05,395,0.009150151758614533,0.04752276379217998
0,muon,0.05,396,0.009150151758614533,0.04752276379217998
0,muon,0.05,397,0.009150151758614533,0.04752276379217998
0,muon,0.05,398,0.009150151758614533,0.04752276379217998
0,muon,0.05,399,0.009150151758614533,0.04752276379217998
0,muon,0.05,400,0.009150151758614533,0.04752276379217998
0,muon,0.05,401,0.009150151758614533,0.04752276379217998
0,muon,0.05,402,0.009150151758614533,0.04752276379217998
0,muon,0.05,403,0.009150151758614533,0.04752276379217998
0,muon,0.05,404,0.009150151758614533,0.04752276379217998
0,muon,0.05,405,0.009150151758614533,0.04752276379217998
0,muon,0.05,406,0.009150151758614533,0.04752276379217998
0,muon,0.05,407,0.009150151758614533,0.04752276379217998
0,muon,0.05,408,0.009150151758614533,0.04752276379217998
0,muon,0.05,409,0.009150151758614533,0.04752276379217998
0,muon,0.05,410,0.009150151758614533,0.04752276379217998
0,muon,0.05,411,0.009150151758614533,0.04752276379217998
0,muon,0.05,412,0.009150151758614533,0.04752276379217998
0,muon,0.05,413,0.009150151758614533,0.04752276379217998
0,muon,0.05,414,0.009150151758614533,0.04752276379217998
0,muon,0.05,415,0.009150151758614533,0.04752276379217998
0,muon,0.05,416,0.009150151758614533,0.04752276379217998
0,muon,0.05,417,0.009150151758614533,0.04752276379217998
0,muon,0.05,418,0.009150151758614533,0.04752276379217998
0,muon,0.05,419,0.009150151758614533,0.04752276379217998
0,muon,0.05,420,0.009150151758614533,0.04752276379217998
0,muon,0.05,421,0.009150151758614533,0.04752276379217998
0,muon,0.05,422,0.009150151758614533,0.04642920906980897
0,muon,0.05,423,0.009150151758614533,0.04205499018032495
0,muon,0.05,424,0.009150151758614533,0.03738171755043743
0,muon,0.05,432,0.009150151758614533,0.019291198000357078
0,muon,0.05,433,0.009150151758614533,0.02836993394036779
0,muon,0.05,434,0.009150151758614533,0.036863952865559727
0,muon,0.05,435,0.009150151758614533,0.04467505802535262
0,muon,0.05,436,0.009150151758614533,0.04751383681485449
0,muon,0.05,437,0.009150151758614533,0.04752276379217998
0,muon,0.05,438,0.009150151758614533,0.04752276379217998
0,muon,0.05,439,0.009150151758614533,0.04752276379217998
0,muon,0.05,440,0.009150151758614533,0.04752276379217998
0,muon,0.05,441,0.009150151758614533,0.04752276379217998
0,muon,0.05,442,0.009150151758614533,0.04752276379217998
0,muon,0.05,443,0.009150151758614533,0.04752276379217998
0,muon,0.05,444,0.009150151758614533,0.04752276379217998
0,muon,0.05,445,0.009150151758614533,0.04752276379217998
0,muon,0.05,446,0.009150151758614533,0.04752276379217998
0,muon,0.05,447,0.009150151758614533,0.04752276379217998
0,muon,0.05,448,0.009150151758614533,0.04752276379217998
0,muon,0.05,449,0.009150151758614533,0.04752276379217998
0,muon,0.05,450,0.009150151758614533,0.04752276379217998
0,muon,0.05,451,0.009150151758614533,0.04752276379217998
0,muon,0.05,452,0.009150151758614533,0.04752276379217998
0,muon,0.05,453,0.009150151758614533,0.04752276379217998
0,muon,0.05,454,0.009150151758614533,0.04752276379217998
0,muon,0.05,455,0.009150151758614533,0.04752276379217998
0,muon,0.05,456,0.009150151758614533,0.04752276379217998
0,muon,0.05,457,0.009150151758614533,0.04752276379217998
0,muon,0.05,458,0.009150151758614533,0.04752276379217998
0,muon,0.05,459,0.009150151758614533,0.04752276379217998
0,muon,0.05,460,0.009150151758614533,0.04752276379217998
0,muon,0.05,461,0.009150151758614533,0.04752276379217998
0,muon,0.05,462,0.009150151758614533,0.04752276379217998
0,muon,0.05,463,0.009150151758614533,0.04752276379217998
0,muon,0.05,464,0.009150151758614533,0.04752276379217998
0,muon,0.05,465,0.009150151758614533,0.04642920906980897
0,muon,0.05,466,0.009150151758614533,0.04205499018032495
0,muon,0.05,467,0.009150151758614533,0.03738171755043743
0,muon,0.05,977,0,0
0,muon,0.05,1196,0.009150151758614533,0.019291198000357078
0,muon,0.05,1197,0.009150151758614533,0.02836993394036779
0,muon,0.05,1198,0.009150151758614533,0.036863952865559727
0,muon,0.05,1199,0.009150151758614533,0.04467505802535262
0,muon,0.05,1200,0.009150151758614533,0.04751383681485449
0,muon,0.05,1201,0.009150151758614533,0.04642920906980897
0,muon,0.05,1202,0.009150151758614533,0.04205499018032495
0,muon,0.05,1203,0.009150151758614533,0.03738171755043743
0,muon,0.05,1208,0.009150151758614533,0.019300124977682555
0,muon,0.05,1209,0.009150151758614533,0.02836993394036779
0,muon,0.05,1210,0.009150151758614533,0.036863952865559727
0,muon,0.05,1211,0.009150151758614533,0.04467505802535262
0,muon,0.05,1212,0.009150151758614533,0.04751383681485449
0,muon,0.05,1213,0.009150151758614533,0.04642920906980897
0,muon,0.05,1214,0.009150151758614533,0.04205499018032495
0,muon,0.05,1215,0.009150151758614533,0.03738171755043743
0,muon,0.05,1220,0.009150151758614533,0.019300124977682555
0,muon,0.05,1221,0.009150151758614533,0.02836993394036779
0,muon,0.05,1222,0.009150151758614533,0.036863952865559727
0,muon,0.05,1223,0.009150151758614533,0.04467505802535262
0,muon,0.05,1224,0.009150151758614533,0.04751383681485449
0,muon,0.05,1225,0.009150151758614533,0.04642920906980897
0,muon,0.05,1226,0.009150151758614533,0.04205499018032495
0,muon,0.05,1227,0.009150151758614533,0.03738171755043743
0,muon,0.05,1232,0.009150151758614533,0.019300124977682555
0,muon,0.05,1233,0.009150151758614533,0.02836993394036779
0,muon,0.05,1234,0.009150151758614533,0.036863952865559727
0,muon,0.05,1235,0.009150151758614533,0.04467505802535262
0,muon,0.05,1236,0.009150151758614533,0.04751383681485449
0,muon,0.05,1237,0.009150151758614533,0.04642920906980897
0,muon,0.05,1238,0.009150151758614533,0.04205499018032495
0,muon,0.05,1239,0.009150151758614533,0.03738171755043743
0,muon,0.05,1244,0.009150151758614533,0.019300124977682555
0,muon,0.05,1245,0.009150151758614533,0.02836993394036779
0,muon,0.05,1246,0.009150151758614533,0.036863952865559727
0,muon,0.05,1247,0.009150151758614533,0.04467505802535262
0,muon,0.05,1248,0.009150151758614533,0.04751383681485449
0,muon,0.05,1249,0.009150151758614533,0.04642920906980897
0,muon,0.05,1250,0.009150151758614533,0.04205499018032495
0,muon,0.05,1251,0.009150151758614533,0.03738171755043743
0,muon,0.05,1256,0.009150151758614533,0.019300124977682555
0,muon,0.05,1257,0.009150151758614533,0.02836993394036779
0,muon,0.05,1258,0.009150151758614533,0.036863952865559727
0,muon,0.05,1259,0.009150151758614533,0.04467505802535262
0,muon,0.05,1260,0.009150151758614533,0.04751383681485449
0,muon,0.05,1261,0.009150151758614533,0.04642920906980897
0,muon,0.05,1262,0.009150151758614533,0.04205499018032495
0,muon,0.05,1263,0.009150151758614533,0.03738171755043743
0,muon,0.05,1268,0.009150151758614533,0.019300124977682555
0,muon,0.05,1269,0.009150151758614533,0.02836993394036779
0,muon,0.05,1270,0.009150151758614533,0.036863952865559727
0,muon,0.05,1271,0.009150151758614533,0.04467505802535262
0,muon,0.05,1272,0.009150151758614533,0.04751383681485449
0,muon,0.05,1273,0.009150151758614533,0.04642920906980897
0,muon,0.05,1274,0.009150151758614533,0.04205499018032495
0,muon,0.05,1275,0.009150151758614533,0.03738171755043743
0,muon,0.05,1283,0.009150151758614533,0.019291198000357078
0,muon,0.05,1284,0.009150151758614533,0.02836993394036779
0,muon,0.05,1285,0.009150151758614533,0.036863952865559727
0,muon,0.05,1286,0.009150151758614533,0.04467505802535262
0,muon,0.05,1287,0.009150151758614533,0.04751383681485449
0,muon,0.05,1288,0.009150151758614533,0.04752276379217998
0,muon,0.05,1289,0.009150151758614533,0.04752276379217998
0,muon,0.05,1290,0.009150151758614533,0.04752276379217998
0,muon,0.05,1291,0.009150151758614533,0.04752276379217998
0,muon,0.05,1292,0.009150151758614533,0.04752276379217998
0,muon,0.05,1293,0.009150151758614533,0.04752276379217998
0,muon,0.05,1294,0.009150151758614533,0.04752276379217998
0,muon,0.05,1295,0.009150151758614533,0.04752276379217998
0,muon,0.05,1296,0.009150151758614533,0.04752276379217998
0,muon,0.05,1297,0.009150151758614533,0.04752276379217998
0,muon,0.05,1298,0.009150151758614533,0.04752276379217998
0,muon,0.05,1299,0.009150151758614533,0.04752276379217998
0,muon,0.05,1300,0.009150151758614533,0.04752276379217998
0,muon,0.05,1301,0.009150151758614533,0.04752276379217998
0,muon,0.05,1302,0.009150151758614533,0.04752276379217998
0,muon,0.05,1303,0.009150151758614533,0.04752276379217998
0,muon,0.05,1304,0.009150151758614533,0.04752276379217998
0,muon,0.05,1305,0.009150151758614533,0.04752276379217998
0,muon,0.05,1306,0.009150151758614533,0.04752276379217998
0,muon,0.05,1307,0.009150151758614533,0.04752276379217998
0,muon,0.05,1308,0.009150151758614533,0.04752276379217998
0,muon,0.05,1309,0.009150151758614533,0.04752276379217998
0,muon,0.05,1310,0.009150151758614533,0.04752276379217998
0,muon,0.05,1311,0.009150151758614533,0.04752276379217998
0,muon,0.05,1312,0.009150151758614533,0.04752276379217998
0,muon,0.05,1313,0.009150151758614533,0.04752276379217998
0,muon,0.05,1314,0.009150151758614533,0.04752276379217998
0,muon,0.05,1315,0.009150151758614533,0.04752276379217998
0,muon,0.05,1316,0.009150151758614533,0.04642920906980897
0,muon,0.05,1317,0.009150151758614533,0.04205499018032495
0,muon,0.05,1318,0.009150151758614533,0.03738171755043743
0,muon,0.05,1326,0.009150151758614533,0.019291198000357078
0,muon,0.05,1327,0.009150151758614533,0.02836993394036779
0,muon,0.05,1328,0.009150151758614533,0.036863952865559727
0,muon,0.05,1329,0.009150151758614533,0.04467505802535262
0,muon,0.05,1330,0.009150151758614533,0.04751383681485449
0,muon,0.05,1331,0.009150151758614533,0.04752276379217998
0,muon,0.05,1332,0.009150151758614533,0.04752276379217998
0,muon,0.05,1333,0.009150151758614533,0.04752276379217998
0,muon,0.05,1334,0.009150151758614533,0.04752276379217998
0,muon,0.05,1335,0.009150151758614533,0.04752276379217998
0,muon,0.05,1336,0.009150151758614533,0.04752276379217998
0,muon,0.05,1337,0.009150151758614533,0.04752276379217998
0,muon,0.05,1338,0.009150151758614533,0.04752276379217998
0,muon,0.05,1339,0.009150151758614533,0.04752276379217998
0,muon,0.05,1340,0.009150151758614533,0.04752276379217998
0,muon,0.05,1341,0.009150151758614533,0.04752276379217998
0,muon,0.05,1342,0.009150151758614533,0.04752276379217998
0,muon,0.05,1343,0.009150151758614533,0.04752276379217998
0,muon,0.05,1344,0.009150151758614533,0.04752276379217998
0,muon,0.05,1345,0.009150151758614533,0.04752276379217998
0,muon,0.05,1346,0.009150151758614533,0.04752276379217998
0,muon,0.05,1347,0.009150151758614533,0.04752276379217998
0,muon,0.05,1348,0.009150151758614533,0.04752276379217998
0,muon,0.05,1349,0.009150151758614533,0.04752276379217998
0,muon,0.05,1350,0.009150151758614533,0.04752276379217998
0,muon,0.05,1351,0.009150151758614533,0.04752276379217998
0,muon,0.05,1352,0.009150151758614533,0.04752276379217998
0,muon,0.05,1353,0.009150151758614533,0.04752276379217998
0,muon,0.05,1354,0.009150151758614533,0.04752276379217998
0,muon,0.05,1355,0.009150151758614533,0.04752276379217998
0,muon,0.05,1356,0.009150151758614533,0.04752276379217998
0,muon,0.05,1357,0.009150151758614533,0.04752276379217998
0,muon,0.05,1358,0.009150151758614533,0.04752276379217998
0,muon,0.05,1359,0.009150151758614533,0.04642920906980897
0,muon,0.05,1360,0.009150151758614533,0.04205499018032495
0,muon,0.05,1361,0.009150151758614533,0.03738171755043743
0,muon,0.05,1871,0.009150151758614533,0.009150151758614533
0,muon,0.05,2090,0.009150151758614533,0.019291198000357078
0,muon,0.05,2091,0.009150151758614533,0.02836993394036779
0,muon,0.05,2092,0.009150151758614533,0.036863952865559727
0,muon,0.05,2093,0.009150151758614533,0.04467505802535262
0,muon,0.05,2094,0.009150151758614533,0.04751383681485449
0,muon,0.05,2095,0.009150151758614533,0.04642920906980897
0,muon,0.05,2096,0.009150151758614533,0.04205499018032495
0,muon,0.05,2097,0.009150151758614533,0.03738171755043743
0,muon,0.05,2102,0.009150151758614533,0.019300124977682555
0,muon,0.05,2103,0.009150151758614533,0.02836993394036779
0,muon,0.05,2104,0.009150151758614533,0.036863952865559727
0,muon,0.05,2105,0.009150151758614533,0.04467505802535262
0,muon,0.05,2106,0.009150151758614533,0.04751383681485449
0,muon,0.05,2107,0.009150151758614533,0.04642920906980897
0,muon,0.05,2108,0.009150151758614533,0.04205499018032495
0,muon,0.05,2109,0.009150151758614533,0.03738171755043743
0,muon,0.05,2114,0.009150151758614533,0.019300124977682555
0,muon,0.05,2115,0.009150151758614533,0.02836993394036779
0,muon,0.05,2116,0.009150151758614533,0.036863952865559727
0,muon,0.05,2117,0.009150151758614533,0.04467505802535262
0,muon,0.05,2118,0.009150151758614533,0.04751383681485449
0,muon,0.05,2119,0.009150151758614533,0.04642920906980897
0,muon,0.05,2120,0.009150151758614533,0.04205499018032495
0,muon,0.05,2121,0.009150151758614533,0.03738171755043743
0,muon,0.05,2126,0.009150151758614533,0.019300124977682555
0,muon,0.05,2127,0.009150151758614533,0.02836993394036779
0,muon,0.05,2128,0.009150151758614533,0.036863952865559727
0,muon,0.05,2129,0.009150151758614533,0.04467505802535262
0,muon,0.05,2130,0.009150151758614533,0.04751383681485449
0,muon,0.05,2131,0.009150151758614533,0.04642920906980897
0,muon,0.05,2132,0.009150151758614533,0.04205499018032495
0,muon,0.05,2133,0.009150151758614533,0.03738171755043743
0,muon,0.05,2138,0.009150151758614533,0.019300124977682555
0,muon,0.05,2139,0.009150151758614533,0.02836993394036779
0,muon,0.05,2140,0.009150151758614533,0.036863952865559727
0,muon,0.05,2141,0.009150151758614533,0.04467505802535262
0,muon,0.05,2142,0.009150151758614533,0.04751383681485449
0,muon,0.05,2143,0.009150151758614533,0.04642920906980897
0,muon,0.05,2144,0.009150151758614533,0.04205499018032495
0,muon,0.05,2145,0.009150151758614533,0.03738171755043743
0,muon,0.05,2150,0.009150151758614533,0.019300124977682555
0,muon,0.05,2151,0.009150151758614533,0.02836993394036779
0,muon,0.05,2152,0.009150151758614533,0.036863952865559727
0,muon,0.05,2153,0.009150151758614533,0.04467505802535262
0,muon,0.05,2154,0.009150151758614533,0.04751383681485449
0,muon,0.05,2155,0.009150151758614533,0.04642920906980897
0,muon,0.05,2156,0.009150151758614533,0.04205499018032495
0,muon,0.05,2157,0.009150151758614533,0.03738171755043743
0,muon,0.05,2162,0.009150151758614533,0.019300124977682555
0,muon,0.05,2163,0.009150151758614533,0.02836993394036779
0,muon,0.05,2164,0.009150151758614533,0.036863952865559727
0,muon,0.05,2165,0.009150151758614533,0.04467505802535262
0,muon,0.05,2166,0.009150151758614533,0.04751383681485449
0,muon,0.05,2167,0.009150151758614533,0.04642920906980897
0,muon,0.05,2168,0.009150151758614533,0.04205499018032495
0,muon,0.05,2169,0.009150151758614533,0.03738171755043743
0,muon,0.05,2177,0.009150151758614533,0.019291198000357078
0,muon,0.05,2178,0.009150151758614533,0.02836993394036779
0,muon,0.05,2179,0.009150151758614533,0.036863952865559727
0,muon,0.05,2180,0.009150151758614533,0.04467505802535262
0,muon,0.05,2181,0.009150151758614533,0.04751383681485449
0,muon,0.05,2182,0.009150151758614533,0.04752276379217998
0,muon,0.05,2183,0.009150151758614533,0.04752276379217998
0,muon,0.05,2184,0.009150151758614533,0.04752276379217998
0,muon,0.05,2185,0.009150151758614533,0.04752276379217998
0,muon,0.05,2186,0.009150151758614533,0.04752276379217998
0,muon,0.05,2187,0.009150151758614533,0.04752276379217998
0,muon,0.05,2188,0.009150151758614533,0.04752276379217998
0,muon,0.05,2189,0.009150151758614533,0.04752276379217998
0,muon,0.05,2190,0.009150151758614533,0.04752276379217998
0,muon,0.05,2191,0.009150151758614533,0.04752276379217998
0,muon,0.05,2192,0.009150151758614533,0.04752276379217998
0,muon,0.05,2193,0.009150151758614533,0.04752276379217998
0,muon,0.05,2194,0.009150151758614533,0.04752276379217998
0,muon,0.05,2195,0.009150151758614533,0.04752276379217998
0,muon,0.05,2196,0.009150151758614533,0.04752276379217998
0,muon,0.05,2197,0.009150151758614533,0.04752276379217998
0,muon,0.05,2198,0.009150151758614533,0.04752276379217998
0,muon,0.05,2199,0.009150151758614533,0.04752276379217998
0,muon,0.05,2200,0.009150151758614533,0.04752276379217998
0,muon,0.05,2201,0.009150151758614533,0.04752276379217998
0,muon,0.05,2202,0.009150151758614533,0.04752276379217998
0,muon,0.05,2203,0.009150151758614533,0.04752276379217998
0,muon,0.05,2204,0.009150151758614533,0.04752276379217998
0,muon,0.05,2205,0.009150151758614533,0.04752276379217998
0,muon,0.05,2206,0.009150151758614533,0.04752276379217998
0,muon,0.05,2207,0.009150151758614533,0.04752276379217998
0,muon,0.05,2208,0.009150151758614533,0.04752276379217998
0,muon,0.05,2209,0.009150151758614533,0.04752276379217998
0,muon,0.05,2210,0.009150151758614533,0.04642920906980897
0,muon,0.05,2211,0.009150151758614533,0.04205499018032495
0,muon,0.05,2212,0.009150151758614533,0.03738171755043743
0,muon,0.05,2220,0.009150151758614533,0.019291198000357078
0,muon,0.05,2221,0.009150151758614533,0.02836993394036779
0,muon,0.05,2222,0.009150151758614533,0.036863952865559727
0,muon,0.05,2223,0.009150151758614533,0.04467505802535262
0,muon,0.05,2224,0.009150151758614533,0.04751383681485449
0,muon,0.05,2225,0.009150151758614533,0.04752276379217998
0,muon,0.05,2226,0.009150151758614533,0.04752276379217998
0,muon,0.05,2227,0.009150151758614533,0.04752276379217998
0,muon,0.05,2228,0.009150151758614533,0.04752276379217998
0,muon,0.05,2229,0.009150151758614533,0.04752276379217998
0,muon,0.05,2230,0.009150151758614533,0.04752276379217998
0,muon,0.05,2231,0.009150151758614533,0.04752276379217998
0,muon,0.05,2232,0.009150151758614533,0.04752276379217998
0,muon,0.05,2233,0.009150151758614533,0.04752276379217998
0,muon,0.05,2234,0.009150151758614533,0.04752276379217998
0,muon,0.05,2235,0.009150151758614533,0.04752276379217998
0,muon,0.05,2236,0.009150151758614533,0.04752276379217998
0,muon,0.05,2237,0.009150151758614533,0.04752276379217998
0,muon,0.05,2238,0.009150151758614533,0.04752276379217998
0,muon,0.05,2239,0.009150151758614533,0.04752276379217998
0,muon,0.05,2240,0.009150151758614533,0.04752276379217998
0,muon,0.05,2241,0.009150151758614533,0.04752276379217998
0,muon,0.05,2242,0.009150151758614533,0.04752276379217998
0,muon,0.05,2243,0.009150151758614533,0.04752276379217998
0,muon,0.05,2244,0.009150151758614533,0.04752276379217998
0,muon,0.05,2245,0.009150151758614533,0.04752276379217998
0,muon,0.05,2246,0.009150151758614533,0.04752276379217998
0,muon,0.05,2247,0.009150151758614533,0.04752276379217998
0,muon,0.05,2248,0.009150151758614533,0.04752276379217998
0,muon,0.05,2249,0.009150151758614533,0.04752276379217998
0,muon,0.05,2250,0.009150151758614533,0.04752276379217998
0,muon,0.05,2251,0.009150151758614533,0.04752276379217998
0,muon,0.05,2252,0.009150151758614533,0.04752276379217998
0,muon,0.05,2253,0.009150151758614533,0.04642920906980897
0,muon,0.05,2254,0.009150151758614533,0.04205499018032495
0,muon,0.05,2255,0.009150151758614533,0.03738171755043743
0,dimuon,0.001,1,0,0
0,dimuon,0.001,2,0,0
0,dimuon,0.001,3,0,0
0,dimuon,0.001,4,0,0
0,dimuon,0.001,5,0,0
0,dimuon,0.001,6,0,0
0,dimuon,0.001,7,0,0
0,dimuon,0.001,8,0,0
0,dimuon,0.001,9,0,0
0,dimuon,0.001,10,0,0
0,dimuon,0.001,11,0,0
0,dimuon,0.001,12,0,0
0,dimuon,0.001,86,3.767184431351544e-05,3.767184431351544e-05
0,dimuon,0.001,302,3.767184431351544e-05,5.74897339760757e-05
0,dimuon,0.001,303,3.767184431351544e-05,9.49830387430816e-05
0,dimuon,0.001,304,3.767184431351544e-05,0.00012640599892876274
0,dimuon,0.001,305,3.767184431351544e-05,0.00014854490269594715
0,dimuon,0.001,306,3.767184431351544e-05,0.00015175861453311907
0,dimuon,0.001,307,3.767184431351544e-05,0.00015104445634708086
0,dimuon,0.001,308,3.767184431351544e-05,0.00014247455811462238
0,dimuon,0.001,309,3.767184431351544e-05,0.00013194072487055883
0,dimuon,0.001,314,3.767184431351544e-05,5.74897339760757e-05
0,dimuon,0.001,315,3.767184431351544e-05,9.49830387430816e-05
0,dimuon,0.001,316,3.767184431351544e-05,0.00012640599892876274
0,dimuon,0.001,317,3.767184431351544e-05,0.00014854490269594715
0,dimuon,0.001,318,3.767184431351544e-05,0.00015175861453311907
0,dimuon,0.001,319,3.767184431351544e-05,0.00015104445634708086
0,dimuon,0.001,320,3.767184431351544e-05,0.00014247455811462238
0,dimuon,0.001,321,3.767184431351544e-05,0.00013194072487055883
0,dimuon,0.001,326,3.767184431351544e-05,5.74897339760757e-05
0,dimuon,0.001,327,3.767184431351544e-05,9.49830387430816e-05
0,dimuon,0.001,328,3.767184431351544e-05,0.00012640599892876274
0,dimuon,0.001,329,3.767184431351544e-05,0.00014854490269594715
0,dimuon,0.001,330,3.767184431351544e-05,0.00015175861453311907
0,dimuon,0.001,331,3.767184431351544e-05,0.00015104445634708086
0,dimuon,0.001,332,3.767184431351544e-05,0.00014247455811462238
0,dimuon,0.001,333,3.767184431351544e-05,0.00013194072487055883
0,dimuon,0.001,338,3.767184431351544e-05,5.74897339760757e-05
0,dimuon,0.001,339,3.767184431351544e-05,9.49830387430816e-05
0,dimuon,0.001,340,3.767184431351544e-05,0.00012640599892876274
0,dimuon,0.001,341,3.767184431351544e-05,0.00014854490269594715
0,dimuon,0.001,342,3.767184431351544e-05,0.00015175861453311907
0,dimuon,0.001,343,3.767184431351544e-05,0.00015104445634708086
0,dimuon,0.001,344,3.767184431351544e-05,0.00014247455811462238
0,dimuon,0.001,345,3.767184431351544e-05,0.00013194072487055883
0,dimuon,0.001,350,3.767184431351544e-05,5.74897339760757e-05
0,dimuon,0.001,351,3.767184431351544e-05,9.49830387430816e-05
0,dimuon,0.001,352,3.767184431351544e-05,0.00012640599892876274
0,dimuon,0.001,353,3.767184431351544e-05,0.00014854490269594715
0,dimuon,0.001,354,3.767184431351544e-05,0.00015175861453311907
0,dimuon,0.001,355,3.767184431351544e-05,0.00015104445634708086
0,dimuon,0.001,356,3.767184431351544e-05,0.00014247455811462238
0,dimuon,0.001,357,3.767184431351544e-05,0.00013194072487055883
0,dimuon,0.001,362,3.767184431351544e-05,5.74897339760757e-05
0,dimuon,0.001,363,3.767184431351544e-05,9.49830387430816e-05
0,dimuon,0.001,364,3.767184431351544e-05,0.00012640599892876274
0,dimuon,0.001,365,3.767184431351544e-05,0.00014854490269594715
0,dimuon,0.001,366,3.767184431351544e-05,0.00015175861453311907
0,dimuon,0.001,367,3.767184431351544e-05,0.00015104445634708086
0,dimuon,0.001,368,3.767184431351544e-05,0.00014247455811462238
0,dimuon,0.001,369,3.767184431351544e-05,0.00013194072487055883
0,dimuon,0.001,374,3.767184431351544e-05,5.74897339760757e-05
0,dimuon,0.001,375,3.767184431351544e-05,9.49830387430816e-05
0,dimuon,0.001,376,3.767184431351544e-05,0.00012640599892876274
0,dimuon,0.001,377,3.767184431351544e-05,0.00014854490269594715
0,dimuon,0.001,378,3.767184431351544e-05,0.00015175861453311907
0,dimuon,0.001,379,3.767184431351544e-05,0.00015104445634708086
0,dimuon,0.001,380,3.767184431351544e-05,0.00014247455811462238
0,dimuon,0.001,381,3.767184431351544e-05,0.00013194072487055883
0,dimuon,0.001,389,3.767184431351544e-05,5.74897339760757e-05
0,dimuon,0.001,390,3.767184431351544e-05,9.49830387430816e-05
0,dimuon,0.001,391,3.767184431351544e-05,0.00012640599892876274
0,dimuon,0.001,392,3.767184431351544e-05,0.00014854490269594715
0,dimuon,0.001,393,3.767184431351544e-05,0.00015175861453311907
0,dimuon,0.001,394,3.767184431351544e-05,0.00015175861453311907
0,dimuon,0.001,395,3.767184431351544e-05,0.00015175861453311907
0,dimuon,0.001,396,3.767184431351544e-05,0.00015175861453311907
0,dimuon,0.001,397,3.767184431351544e-05,0.00015175861453311907
0,dimuon,0.001,398,3.767184431351544e-05,0.00015175861453311907
0,dimuon,0.001,399,3.767184431351544e-05,0.00015175861453311907
0,dimuon,0.001,400,3.767184431351544e-05,0.00015175861453311907
0,dimuon,0.001,401,3.767184431351544e-05,0.00015175861453311907
0,dimuon,0.001,402,3.767184431351544e-05,0.00015175861453311907
0,dimuon,0.001,403,3.767184431351544e-05,0.00015175861453311907
0,dimuon,0.001,404,3.767184431351544e-05,0.00015175861453311907
0,dimuon,0.001,405,3.767184431351544e-05,0.00015175861453311907
0,dimuon,0.001,406,3.767184431351544e-05,0.00015175861453311907
0,dimuon,0.001,407,3.767184431351544e-05,0.00015175861453311907
0,dimuon,0.001,408,3.767184431351544e-05,0.00015175861453311907
0,dimuon,0.001,409,3.767184431351544e-05,0.00015175861453311907
0,dimuon,0.001,410,3.767184431351544e-05,0.00015175861453311907
0,dimuon,0.001,411,3.767184431351544e-05,0.00015175861453311907
0,dimuon,0.001,412,3.767184431351544e-05,0.00015175861453311907
0,dimuon,0.001,413,3.767184431351544e-05,0.00015175861453311907
0,dimuon,0.001,414,3.767184431351544e-05,0.00015175861453311907
0,dimuon,0.001,415,3.767184431351544e-05,0.00015175861453311907
0,dimuon,0.001,416,3.767184431351544e-05,0.00015175861453311907
0,dimuon,0.001,417,3.767184431351544e-05,0.00015175861453311907
0,dimuon,0.001,418,3.767184431351544e-05,0.00015175861453311907
0,dimuon,0.001,419,3.767184431351544e-05,0.00015175861453311907
0,dimuon,0.001,420,3.767184431351544e-05,0.00015175861453311907
0,dimuon,0.001,421,3.767184431351544e-05,0.00015175861453311907
0,dimuon,0.001,422,3.767184431351544e-05,0.00015104445634708086
0,dimuon,0.001,423,3.767184431351544e-05,0.00014247455811462238
0,dimuon,0.001,424,3.767184431351544e-05,0.00013194072487055883
0,dimuon,0.001,432,3.767184431351544e-05,5.74897339760757e-05
0,dimuon,0.001,433,3.767184431351544e-05,9.49830387430816e-05
0,dimuon,0.001,434,3.767184431351544e-05,0.00012640599892876274
0,dimuon,0.001,435,3.767184431351544e-05,0.00014854490269594715
0,dimuon,0.001,436,3.767184431351544e-05,0.00015175861453311907
0,dimuon,0.001,437,3.767184431351544e-05,0.00015175861453311907
0,dimuon,0.001,438,3.767184431351544e-05,0.00015175861453311907
0,dimuon,0.001,439,3.767184431351544e-05,0.00015175861453311907
0,dimuon,0.001,440,3.767184431351544e-05,0.00015175861453311907
0,dimuon,0.001,441,3.767184431351544e-05,0.00015175861453311907
0,dimuon,0.001,442,3.767184431351544e-05,0.00015175861453311907
0,dimuon,0.001,443,3.767184431351544e-05,0.00015175861453311907
0,dimuon,0.001,444,3.767184431351544e-05,0.00015175861453311907
0,dimuon,0.001,445,3.767184431351544e-05,0.00015175861453311907
0,dimuon,0.001,446,3.767184431351544e-05,0.00015175861453311907
0,dimuon,0.001,447,3.767184431351544e-05,0.00015175861453311907
0,dimuon,0.001,448,3.767184431351544e-05,0.00015175861453311907
0,dimuon,0.001,449,3.767184431351544e-05,0.00015175861453311907
0,dimuon,0.001,450,3.767184431351544e-05,0.00015175861453311907
0,dimuon,0.001,451,3.767184431351544e-05,0.00015175861453311907
0,dimuon,0.001,452,3.767184431351544e-05,0.00015175861453311907
0,dimuon,0.001,453,3.767184431351544e-05,0.00015175861453311907
0,dimuon,0.001,454,3.767184431351544e-05,0.00015175861453311907
0,dimuon,0.001,455,3.767184431351544e-05,0.00015175861453311907
0,dimuon,0.001,456,3.767184431351544e-05,0.00015175861453311907
0,dimuon,0.001,457,3.767184431351544e-05,0.00015175861453311907
0,dimuon,0.001,458,3.767184431351544e-05,0.00015175861453311907
0,dimuon,0.001,459,3.767184431351544e-05,0.00015175861453311907
0,dimuon,0.001,460,3.767184431351544e-05,0.00015175861453311907
0,dimuon,0.001,461,3.767184431351544e-05,0.00015175861453311907
0,dimuon,0.001,462,3.767184431351544e-05,0.00015175861453311907
0,dimuon,0.001,463,3.767184431351544e-05,0.00015175861453311907
0,dimuon,0.001,464,3.767184431351544e-05,0.00015175861453311907
0,dimuon,0.001,465,3.767184431351544e-05,0.00015104445634708086
0,dimuon,0.001,466,3.767184431351544e-05,0.00014247455811462238
0,dimuon,0.001,467,3.767184431351544e-05,0.00013194072487055883
0,dimuon,0.001,977,0,0
0,dimuon,0.001,1196,3.767184431351544e-05,5.74897339760757e-05
0,dimuon,0.001,1197,3.767184431351544e-05,9.49830387430816e-05
0,dimuon,0.001,1198,3.767184431351544e-05,0.00012640599892876274
0,dimuon,0.001,1199,3.767184431351544e-05,0.00014854490269594715
0,dimuon,0.001,1200,3.767184431351544e-05,0.00015175861453311907
0,dimuon,0.001,1201,3.767184431351544e-05,0.00015104445634708086
0,dimuon,0.001,1202,3.767184431351544e-05,0.00014247455811462238
0,dimuon,0.001,1203,3.767184431351544e-05,0.00013194072487055883
0,dimuon,0.001,1208,3.767184431351544e-05,5.74897339760757e-05
0,dimuon,0.001,1209,3.767184431351544e-05,9.49830387430816e-05
0,dimuon,0.001,1210,3.767184431351544e-05,0.00012640599892876274
0,dimuon,0.001,1211,3.767184431351544e-05,0.00014854490269594715
0,dimuon,0.001,1212,3.767184431351544e-05,0.00015175861453311907
0,dimuon,0.001,1213,3.767184431351544e-05,0.00015104445634708086
0,dimuon,0.001,1214,3.767184431351544e-05,0.00014247455811462238
0,dimuon,0.001,1215,3.767184431351544e-05,0.00013194072487055883
0,dimuon,0.001,1220,3.767184431351544e-05,5.74897339760757e-05
0,dimuon,0.001,1221,3.767184431351544e-05,9.49830387430816e-05
0,dimuon,0.001,1222,3.767184431351544e-05,0.00012640599892876274
0,dimuon,0.001,1223,3.767184431351544e-05,0.00014854490269594715
0,dimuon,0.001,1224,3.767184431351544e-05,0.00015175861453311907
0,dimuon,0.001,1225,3.767184431351544e-05,0.00015104445634708086
0,dimuon,0.001,1226,3.767184431351544e-05,0.00014247455811462238
0,dimuon,0.001,1227,3.767184431351544e-05,0.00013194072487055883
0,dimuon,0.001,1232,3.767184431351544e-05,5.74897339760757e-05
0,dimuon,0.001,1233,3.767184431351544e-05,9.49830387430816e-05
0,dimuon,0.001,1234,3.767184431351544e-05,0.00012640599892876274
0,dimuon,0.001,1235,3.767184431351544e-05,0.00014854490269594715
0,dimuon,0.001,1236,3.767184431351544e-05,0.00015175861453311907
0,dimuon,0.001,1237,3.767184431351544e-05,0.00015104445634708086
0,dimuon,0.001,1238,3.767184431351544e-05,0.00014247455811462238
0,dimuon,0.001,1239,3.767184431351544e-05,0.00013194072487055883
0,dimuon,0.001,1244,3.767184431351544e-05,5.74897339760757e-05
0,dimuon,0.001,1245,3.767184431351544e-05,9.49830387430816e-05
0,dimuon,0.001,1246,3.767184431351544e-05,0.00012640599892876274
0,dimuon,0.001,1247,3.767184431351544e-05,0.00014854490269594715
0,dimuon,0.001,1248,3.767184431351544e-05,0.00015175861453311907
0,dimuon,0.001,1249,3.767184431351544e-05,0.00015104445634708086
0,dimuon,0.001,1250,3.767184431351544e-05,0.00014247455811462238
0,dimuon,0.001,1251,3.767184431351544e-05,0.00013194072487055883
0,dimuon,0.001,1256,3.767184431351544e-05,5.74897339760757e-05
0,dimuon,0.001,1257,3.767184431351544e-05,9.49830387430816e-05
0,dimuon,0.001,1258,3.767184431351544e-05,0.00012640599892876274
0,dimuon,0.001,1259,3.767184431351544e-05,0.00014854490269594715
0,dimuon,0.001,1260,3.767184431351544e-05,0.00015175861453311907
0,dimuon,0.001,1261,3.767184431351544e-05,0.00015104445634708086
0,dimuon,0.001,1262,3.767184431351544e-05,0.00014247455811462238
0,dimuon,0.001,1263,3.767184431351544e-05,0.00013194072487055883
0,dimuon,0.001,1268,3.767184431351544e-05,5.74897339760757e-05
0,dimuon,0.001,1269,3.767184431351544e-05,9.49830387430816e-05
0,dimuon,0.001,1270,3.767184431351544e-05,0.00012640599892876274
0,dimuon,0.001,1271,3.767184431351544e-05,0.00014854490269594715
0,dimuon,0.001,1272,3.767184431351544e-05,0.00015175861453311907
0,dimuon,0.001,1273,3.767184431351544e-05,0.00015104445634708086
0,dimuon,0.001,1274,3.767184431351544e-05,0.00014247455811462238
0,dimuon,0.001,1275,3.767184431351544e-05,0.00013194072487055883
0,dimuon,0.001,1283,3.767184431351544e-05,5.74897339760757e-05
0,dimuon,0.001,1284,3.767184431351544e-05,9.49830387430816e-05
0,dimuon,0.001,1285,3.767184431351544e-05,0.00012640599892876274
0,dimuon,0.001,1286,3.767184431351544e-05,0.00014854490269594715
0,dimuon,0.001,1287,3.767184431351544e-05,0.00015175861453311907
0,dimuon,0.001,1288,3.767184431351544e-05,0.00015175861453311907
0,dimuon,0.001,1289,3.767184431351544e-05,0.00015175861453311907
0,dimuon,0.001,1290,3.767184431351544e-05,0.00015175861453311907
0,dimuon,0.001,1291,3.767184431351544e-05,0.00015175861453311907
0,dimuon,0.001,1292,3.767184431351544e-05,0.00015175861453311907
0,dimuon,0.001,1293,3.767184431351544e-05,0.00015175861453311907
0,dimuon,0.001,1294,3.767184431351544e-05,0.00015175861453311907
0,dimuon,0.001,1295,3.767184431351544e-05,0.00015175861453311907
0,dimuon,0.001,1296,3.767184431351544e-05,0.00015175861453311907
0,dimuon,0.001,1297,3.767184431351544e-05,0.00015175861453311907
0,dimuon,0.001,1298,3.767184431351544e-05,0.00015175861453311907
0,dimuon,0.001,1299,3.767184431351544e-05,0.00015175861453311907
0,dimuon,0.001,1300,3.767184431351544e-05,0.00015175861453311907
0,dimuon,0.001,1301,3.767184431351544e-05,0.00015175861453311907
0,dimuon,0.001,1302,3.767184431351544e-05,0.00015175861453311907
0,dimuon,0.001,1303,3.767184431351544e-05,0.00015175861453311907
0,dimuon,0.001,1304,3.767184431351544e-05,0.00015175861453311907
0,dimuon,0.001,1305,3.767184431351544e-05,0.00015175861453311907
0,dimuon,0.001,1306,3.767184431351544e-05,0.00015175861453311907
0,dimuon,0.001,1307,3.767184431351544e-05,0.00015175861453311907
0,dimuon,0.001,1308,3.767184431351544e-05,0.00015175861453311907
0,dimuon,0.001,1309,3.767184431351544e-05,0.00015175861453311907
0,dimuon,0.001,1310,3.767184431351544e-05,0.00015175861453311907
0,dimuon,0.001,1311,3.767184431351544e-05,0.00015175861453311907
0,dimuon,0.001,1312,3.767184431351544e-05,0.00015175861453311907
0,dimuon,0.001,1313,3.767184431351544e-05,0.00015175861453311907
0,dimuon,0.001,1314,3.767184431351544e-05,0.00015175861453311907
0,dimuon,0.001,1315,3.767184431351544e-05,0.00015175861453311907
0,dimuon,0.001,1316,3.767184431351544e-05,0.00015104445634708086
0,dimuon,0.001,1317,3.767184431351544e-05,0.00014247455811462238
0,dimuon,0.001,1318,3.767184431351544e-05,0.00013194072487055883
0,dimuon,0.001,1326,3.767184431351544e-05,5.74897339760757e-05
0,dimuon,0.001,1327,3.767184431351544e-05,9.49830387430816e-05
0,dimuon,0.001,1328,3.767184431351544e-05,0.00012640599892876274
0,dimuon,0.001,1329,3.767184431351544e-05,0.00014854490269594715
0,dimuon,0.001,1330,3.767184431351544e-05,0.00015175861453311907
0,dimuon,0.001,1331,3.767184431351544e-05,0.00015175861453311907
0,dimuon,0.001,1332,3.767184431351544e-05,0.00015175861453311907
0,dimuon,0.001,1333,3.767184431351544e-05,0.00015175861453311907
0,dimuon,0.001,1334,3.767184431351544e-05,0.00015175861453311907
0,dimuon,0.001,1335,3.767184431351544e-05,0.00015175861453311907
0,dimuon,0.001,1336,3.767184431351544e-05,0.00015175861453311907
0,dimuon,0.001,1337,3.767184431351544e-05,0.00015175861453311907
0,dimuon,0.001,1338,3.767184431351544e-05,0.00015175861453311907
0,dimuon,0.001,1339,3.767184431351544e-05,0.00015175861453311907
0,dimuon,0.001,1340,3.767184431351544e-05,0.00015175861453311907
0,dimuon,0.001,1341,3.767184431351544e-05,0.00015175861453311907
0,dimuon,0.001,1342,3.767184431351544e-05,0.00015175861453311907
0,dimuon,0.001,1343,3.767184431351544e-05,0.00015175861453311907
0,dimuon,0.001,1344,3.767184431351544e-05,0.00015175861453311907
0,dimuon,0.001,1345,3.767184431351544e-05,0.00015175861453311907
0,dimuon,0.001,1346,3.767184431351544e-05,0.00015175861453311907
0,dimuon,0.001,1347,3.767184431351544e-05,0.00015175861453311907
0,dimuon,0.001,1348,3.767184431351544e-05,0.00015175861453311907
0,dimuon,0.001,1349,3.767184431351544e-05,0.00015175861453311907
0,dimuon,0.001,1350,3.767184431351544e-05,0.00015175861453311907
0,dimuon,0.001,1351,3.767184431351544e-05,0.00015175861453311907
0,dimuon,0.001,1352,3.767184431351544e-05,0.00015175861453311907
0,dimuon,0.001,1353,3.767184431351544e-05,0.00015175861453311907
0,dimuon,0.001,1354,3.767184431351544e-05,0.00015175861453311907
0,dimuon,0.001,1355,3.767184431351544e-05,0.00015175861453311907
0,dimuon,0.001,1356,3.767184431351544e-05,0.00015175861453311907
0,dimuon,0.001,1357,3.767184431351544e-05,0.00015175861453311907
0,dimuon,0.001,1358,3.767184431351544e-05,0.00015175861453311907
0,dimuon,0.001,1359,3.767184431351544e-05,0.00015104445634708086
0,dimuon,0.001,1360,3.767184431351544e-05,0.00014247455811462238
0,dimuon,0.001,1361,3.767184431351544e-05,0.00013194072487055883
0,dimuon,0.001,1871,3.767184431351544e-05,3.767184431351544e-05
0,dimuon,0.001,2090,3.767184431351544e-05,5.74897339760757e-05
0,dimuon,0.001,2091,3.767184431351544e-05,9.49830387430816e-05
0,dimuon,0.001,2092,3.767184431351544e-05,0.00012640599892876274
0,dimuon,0.001,2093,3.767184431351544e-05,0.00014854490269594715
0,dimuon,0.001,2094,3.767184431351544e-05,0.00015175861453311907
0,dimuon,0.001,2095,3.767184431351544e-05,0.00015104445634708086
0,dimuon,0.001,2096,3.767184431351544e-05,0.00014247455811462238
0,dimuon,0.001,2097,3.767184431351544e-05,0.00013194072487055883
0,dimuon,0.001,2102,3.767184431351544e-05,5.74897339760757e-05
0,dimuon,0.001,2103,3.767184431351544e-05,9.49830387430816e-05
0,dimuon,0.001,2104,3.767184431351544e-05,0.00012640599892876274
0,dimuon,0.001,2105,3.767184431351544e-05,0.00014854490269594715
0,dimuon,0.001,2106,3.767184431351544e-05,0.00015175861453311907
0,dimuon,0.001,2107,3.767184431351544e-05,0.00015104445634708086
0,dimuon,0.001,2108,3.767184431351544e-05,0.00014247455811462238
0,dimuon,0.001,2109,3.767184431351544e-05,0.00013194072487055883
0,dimuon,0.001,2114,3.767184431351544e-05,5.74897339760757e-05
0,dimuon,0.001,2115,3.767184431351544e-05,9.49830387430816e-05
0,dimuon,0.001,2116,3.767184431351544e-05,0.00012640599892876274
0,dimuon,0.001,2117,3.767184431351544e-05,0.00014854490269594715
0,dimuon,0.001,2118,3.767184431351544e-05,0.00015175861453311907
0,dimuon,0.001,2119,3.767184431351544e-05,0.00015104445634708086
0,dimuon,0.001,2120,3.767184431351544e-05,0.00014247455811462238
0,dimuon,0.001,2121,3.767184431351544e-05,0.00013194072487055883
0,dimuon,0.001,2126,3.767184431351544e-05,5.74897339760757e-05
0,dimuon,0.001,2127,3.767184431351544e-05,9.49830387430816e-05
0,dimuon,0.001,2128,3.767184431351544e-05,0.00012640599892876274
0,dimuon,0.001,2129,3.767184431351544e-05,0.00014854490269594715
0,dimuon,0.001,2130,3.767184431351544e-05,0.00015175861453311907
0,dimuon,0.001,2131,3.767184431351544e-05,0.00015104445634708086
0,dimuon,0.001,2132,3.767184431351544e-05,0.00014247455811462238
0,dimuon,0.001,2133,3.767184431351544e-05,0.00013194072487055883
0,dimuon,0.001,2138,3.767184431351544e-05,5.74897339760757e-05
0,dimuon,0.001,2139,3.767184431351544e-05,9.49830387430816e-05
0,dimuon,0.001,2140,3.767184431351544e-05,0.00012640599892876274
0,dimuon,0.001,2141,3.767184431351544e-05,0.00014854490269594715
0,dimuon,0.001,2142,3.767184431351544e-05,0.00015175861453311907
0,dimuon,0.001,2143,3.767184431351544e-05,0.00015104445634708086
0,dimuon,0.001,2144,3.767184431351544e-05,0.00014247455811462238
0,dimuon,0.001,2145,3.767184431351544e-05,0.00013194072487055883
0,dimuon,0.001,2150,3.767184431351544e-05,5.74897339760757e-05
0,dimuon,0.001,2151,3.767184431351544e-05,9.49830387430816e-05
0,dimuon,0.001,2152,3.767184431351544e-05,0.00012640599892876274
0,dimuon,0.001,2153,3.767184431351544e-05,0.00014854490269594715
0,dimuon,0.001,2154,3.767184431351544e-05,0.00015175861453311907
0,dimuon,0.001,2155,3.767184431351544e-05,0.00015104445634708086
0,dimuon,0.001,2156,3.767184431351544e-05,0.00014247455811462238
0,dimuon,0.001,2157,3.767184431351544e-05,0.00013194072487055883
0,dimuon,0.001,2162,3.767184431351544e-05,5.74897339760757e-05
0,dimuon,0.001,2163,3.767184431351544e-05,9.49830387430816e-05
0,dimuon,0.001,2164,3.767184431351544e-05,0.00012640599892876274
0,dimuon,0.001,2165,3.767184431351544e-05,0.00014854490269594715
0,dimuon,0.001,2166,3.767184431351544e-05,0.00015175861453311907
0,dimuon,0.001,2167,3.767184431351544e-05,0.00015104445634708086
0,dimuon,0.001,2168,3.767184431351544e-05,0.00014247455811462238
0,dimuon,0.001,2169,3.767184431351544e-05,0.00013194072487055883
0,dimuon,0.001,2177,3.767184431351544e-05,5.74897339760757e-05
0,dimuon,0.001,2178,3.767184431351544e-05,9.49830387430816e-05
0,dimuon,0.001,2179,3.767184431351544e-05,0.00012640599892876274
0,dimuon,0.001,2180,3.767184431351544e-05,0.00014854490269594715
0,dimuon,0.001,2181,3.767184431351544e-05,0.00015175861453311907
0,dimuon,0.001,2182,3.767184431351544e-05,0.00015175861453311907
0,dimuon,0.001,2183,3.767184431351544e-05,0.00015175861453311907
0,dimuon,0.001,2184,3.767184431351544e-05,0.00015175861453311907
0,dimuon,0.001,2185,3.767184431351544e-05,0.00015175861453311907
0,dimuon,0.001,2186,3.767184431351544e-05,0.00015175861453311907
0,dimuon,0.001,2187,3.767184431351544e-05,0.00015175861453311907
0,dimuon,0.001,2188,3.767184431351544e-05,0.00015175861453311907
0,dimuon,0.001,2189,3.767184431351544e-05,0.00015175861453311907
0,dimuon,0.001,2190,3.767184431351544e-05,0.00015175861453311907
0,dimuon,0.001,2191,3.767184431351544e-05,0.00015175861453311907
0,dimuon,0.001,2192,3.767184431351544e-05,0.00015175861453311907
0,dimuon,0.001,2193,3.767184431351544e-05,0.00015175861453311907
0,dimuon,0.001,2194,3.767184431351544e-05,0.00015175861453311907
0,dimuon,0.001,2195,3.767184431351544e-05,0.00015175861453311907
0,dimuon,0.001,2196,3.767184431351544e-05,0.00015175861453311907
0,dimuon,0.001,2197,3.767184431351544e-05,0.00015175861453311907
0,dimuon,0.001,2198,3.767184431351544e-05,0.00015175861453311907
0,dimuon,0.001,2199,3.767184431351544e-05,0.00015175861453311907
0,dimuon,0.001,2200,3.767184431351544e-05,0.00015175861453311907
0,dimuon,0.001,2201,3.767184431351544e-05,0.00015175861453311907
0,dimuon,0.001,2202,3.767184431351544e-05,0.00015175861453311907
0,dimuon,0.001,2203,3.767184431351544e-05,0.00015175861453311907
0,dimuon,0.001,2204,3.767184431351544e-05,0.00015175861453311907
0,dimuon,0.001,2205,3.767184431351544e-05,0.00015175861453311907
0,dimuon,0.001,2206,3.767184431351544e-05,0.00015175861453311907
0,dimuon,0.001,2207,3.767184431351544e-05,0.00015175861453311907
0,dimuon,0.001,2208,3.767184431351544e-05,0.00015175861453311907
0,dimuon,0.001,2209,3.767184431351544e-05,0.00015175861453311907
0,dimuon,0.001,2210,3.767184431351544e-05,0.00015104445634708086
0,dimuon,0.001,2211,3.767184431351544e-05,0.00014247455811462238
0,dimuon,0.001,2212,3.767184431351544e-05,0.00013194072487055883
0,dimuon,0.001,2220,3.767184431351544e-05,5.74897339760757e-05
0,dimuon,0.001,2221,3.767184431351544e-05,9.49830387430816e-05
0,dimuon,0.001,2222,3.767184431351544e-05,0.00012640599892876274
0,dimuon,0.001,2223,3.767184431351544e-05,0.00014854490269594715
0,dimuon,0.001,2224,3.767184431351544e-05,0.00015175861453311907
0,dimuon,0.001,2225,3.767184431351544e-05,0.00015175861453311907
0,dimuon,0.001,2226,3.767184431351544e-05,0.00015175861453311907
0,dimuon,0.001,2227,3.767184431351544e-05,0.00015175861453311907
0,dimuon,0.001,2228,3.767184431351544e-05,0.00015175861453311907
0,dimuon,0.001,2229,3.767184431351544e-05,0.00015175861453311907
0,dimuon,0.001,2230,3.767184431351544e-05,0.00015175861453311907
0,dimuon,0.001,2231,3.767184431351544e-05,0.00015175861453311907
0,dimuon,0.001,2232,3.767184431351544e-05,0.00015175861453311907
0,dimuon,0.001,2233,3.767184431351544e-05,0.00015175861453311907
0,dimuon,0.001,2234,3.767184431351544e-05,0.00015175861453311907
0,dimuon,0.001,2235,3.767184431351544e-05,0.00015175861453311907
0,dimuon,0.001,2236,3.767184431351544e-05,0.00015175861453311907
0,dimuon,0.001,2237,3.767184431351544e-05,0.00015175861453311907
0,dimuon,0.001,2238,3.767184431351544e-05,0.00015175861453311907
0,dimuon,0.001,2239,3.767184431351544e-05,0.00015175861453311907
0,dimuon,0.001,2240,3.767184431351544e-05,0.00015175861453311907
0,dimuon,0.001,2241,3.767184431351544e-05,0.00015175861453311907
0,dimuon,0.001,2242,3.767184431351544e-05,0.00015175861453311907
0,dimuon,0.001,2243,3.767184431351544e-05,0.00015175861453311907
0,dimuon,0.001,2244,3.767184431351544e-05,0.00015175861453311907
0,dimuon,0.001,2245,3.767184431351544e-05,0.00015175861453311907
0,dimuon,0.001,2246,3.767184431351544e-05,0.00015175861453311907
0,dimuon,0.001,2247,3.767184431351544e-05,0.00015175861453311907
0,dimuon,0.001,2248,3.767184431351544e-05,0.00015175861453311907
0,dimuon,0.001,2249,3.767184431351544e-05,0.00015175861453311907
0,dimuon,0.001,2250,3.767184431351544e-05,0.00015175861453311907
0,dimuon,0.001,2251,3.767184431351544e-05,0.00015175861453311907
0,dimuon,0.001,2252,3.767184431351544e-05,0.00015175861453311907
0,dimuon,0.001,2253,3.767184431351544e-05,0.00015104445634708086
0,dimuon,0.001,2254,3.767184431351544e-05,0.00014247455811462238
0,dimuon,0.001,2255,3.767184431351544e-05,0.00013194072487055883
0,dimuon,0.01,1,0,0
0,dimuon,0.01,2,0,0
0,dimuon,0.01,3,0,0
0,dimuon,0.01,4,0,0
0,dimuon,0.01,5,0,0
0,dimuon,0.01,6,0,0
0,dimuon,0.01,7,0,0
0,dimuon,0.01,8,0,0
0,dimuon,0.01,9,0,0
0,dimuon,0.01,10,0,0
0,dimuon,0.01,11,0,0
0,dimuon,0.01,12,0,0
0,dimuon,0.01,86,0.0003767184431351544,0.0003767184431351544
0,dimuon,0.01,302,0.0003767184431351544,0.000574897339760757
0,dimuon,0.01,303,0.0003767184431351544,0.0009498303874308159
0,dimuon,0.01,304,0.0003767184431351544,0.0012640599892876272
0,dimuon,0.01,305,0.0003767184431351544,0.0014854490269594713
0,dimuon,0.01,306,0.0003767184431351544,0.0015175861453311907
0,dimuon,0.01,307,0.0003767184431351544,0.0015104445634708085
0,dimuon,0.01,308,0.0003767184431351544,0.0014247455811462236
0,dimuon,0.01,309,0.0003767184431351544,0.0013194072487055881
0,dimuon,0.01,314,0.0003767184431351544,0.000574897339760757
0,dimuon,0.01,315,0.0003767184431351544,0.0009498303874308159
0,dimuon,0.01,316,0.0003767184431351544,0.0012640599892876272
0,dimuon,0.01,317,0.0003767184431351544,0.0014854490269594713
0,dimuon,0.01,318,0.0003767184431351544,0.0015175861453311907
0,dimuon,0.01,319,0.0003767184431351544,0.0015104445634708085
0,dimuon,0.01,320,0.0003767184431351544,0.0014247455811462236
0,dimuon,0.01,321,0.0003767184431351544,0.0013194072487055881
0,dimuon,0.01,326,0.0003767184431351544,0.000574897339760757
0,dimuon,0.01,327,0.0003767184431351544,0.0009498303874308159
0,dimuon,0.01,328,0.0003767184431351544,0.0012640599892876272
0,dimuon,0.01,329,0.0003767184431351544,0.0014854490269594713
0,dimuon,0.01,330,0.0003767184431351544,0.0015175861453311907
0,dimuon,0.01,331,0.0003767184431351544,0.0015104445634708085
0,dimuon,0.01,332,0.0003767184431351544,0.0014247455811462236
0,dimuon,0.01,333,0.0003767184431351544,0.0013194072487055881
0,dimuon,0.01,338,0.0003767184431351544,0.000574897339760757
0,dimuon,0.01,339,0.0003767184431351544,0.0009498303874308159
0,dimuon,0.01,340,0.0003767184431351544,0.0012640599892876272
0,dimuon,0.01,341,0.0003767184431351544,0.0014854490269594713
0,dimuon,0.01,342,0.0003767184431351544,0.0015175861453311907
0,dimuon,0.01,343,0.0003767184431351544,0.0015104445634708085
0,dimuon,0.01,344,0.0003767184431351544,0.0014247455811462236
0,dimuon,0.01,345,0.0003767184431351544,0.0013194072487055881
0,dimuon,0.01,350,0.0003767184431351544,0.000574897339760757
0,dimuon,0.01,351,0.0003767184431351544,0.0009498303874308159
0,dimuon,0.01,352,0.0003767184431351544,0.0012640599892876272
0,dimuon,0.01,353,0.0003767184431351544,0.0014854490269594713
0,dimuon,0.01,354,0.0003767184431351544,0.0015175861453311907
0,dimuon,0.01,355,0.0003767184431351544,0.0015104445634708085
0,dimuon,0.01,356,0.0003767184431351544,0.0014247455811462236
0,dimuon,0.01,357,0.0003767184431351544,0.0013194072487055881
0,dimuon,0.01,362,0.0003767184431351544,0.000574897339760757
0,dimuon,0.01,363,0.0003767184431351544,0.0009498303874308159
0,dimuon,0.01,364,0.0003767184431351544,0.0012640599892876272
0,dimuon,0.01,365,0.0003767184431351544,0.0014854490269594713
0,dimuon,0.01,366,0.0003767184431351544,0.0015175861453311907
0,dimuon,0.01,367,0.0003767184431351544,0.0015104445634708085
0,dimuon,0.01,368,0.0003767184431351544,0.0014247455811462236
0,dimuon,0.01,369,0.0003767184431351544,0.0013194072487055881
0,dimuon,0.01,374,0.0003767184431351544,0.000574897339760757
0,dimuon,0.01,375,0.0003767184431351544,0.0009498303874308159
0,dimuon,0.01,376,0.0003767184431351544,0.0012640599892876272
0,dimuon,0.01,377,0.0003767184431351544,0.0014854490269594713
0,dimuon,0.01,378,0.0003767184431351544,0.0015175861453311907
0,dimuon,0.01,379,0.0003767184431351544,0.0015104445634708085
0,dimuon,0.01,380,0.0003767184431351544,0.0014247455811462236
0,dimuon,0.01,381,0.0003767184431351544,0.0013194072487055881
0,dimuon,0.01,389,0.0003767184431351544,0.000574897339760757
0,dimuon,0.01,390,0.0003767184431351544,0.0009498303874308159
0,dimuon,0.01,391,0.0003767184431351544,0.0012640599892876272
0,dimuon,0.01,392,0.0003767184431351544,0.0014854490269594713
0,dimuon,0.01,393,0.0003767184431351544,0.0015175861453311907
0,dimuon,0.01,394,0.0003767184431351544,0.0015175861453311907
0,dimuon,0.01,395,0.0003767184431351544,0.0015175861453311907
0,dimuon,0.01,396,0.0003767184431351544,0.0015175861453311907
0,dimuon,0.01,397,0.0003767184431351544,0.0015175861453311907
0,dimuon,0.01,398,0.0003767184431351544,0.0015175861453311907
0,dimuon,0.01,399,0.0003767184431351544,0.0015175861453311907
0,dimuon,0.01,400,0.0003767184431351544,0.0015175861453311907
0,dimuon,0.01,401,0.0003767184431351544,0.0015175861453311907
0,dimuon,0.01,402,0.0003767184431351544,0.0015175861453311907
0,dimuon,0.01,403,0.0003767184431351544,0.0015175861453311907
0,dimuon,0.01,404,0.0003767184431351544,0.0015175861453311907
0,dimuon,0.01,405,0.0003767184431351544,0.0015175861453311907
0,dimuon,0.01,406,0.0003767184431351544,0.0015175861453311907
0,dimuon,0.01,407,0.0003767184431351544,0.0015175861453311907
0,dimuon,0.01,408,0.0003767184431351544,0.0015175861453311907
0,dimuon,0.01,409,0.0003767184431351544,0.0015175861453311907
0,dimuon,0.01,410,0.0003767184431351544,0.0015175861453311907
0,dimuon,0.01,411,0.0003767184431351544,0.0015175861453311907
0,dimuon,0.01,412,0.0003767184431351544,0.0015175861453311907
0,dimuon,0.01,413,0.0003767184431351544,0.0015175861453311907
0,dimuon,0.01,414,0.0003767184431351544,0.0015175861453311907
0,dimuon,0.01,415,0.0003767184431351544,0.0015175861453311907
0,dimuon,0.01,416,0.0003767184431351544,0.0015175861453311907
0,dimuon,0.01,417,0.0003767184431351544,0.0015175861453311907
0,dimuon,0.01,418,0.0003767184431351544,0.0015175861453311907
0,dimuon,0.01,419,0.0003767184431351544,0.0015175861453311907
0,dimuon,0.01,420,0.0003767184431351544,0.0015175861453311907
0,dimuon,0.01,421,0.0003767184431351544,0.0015175861453311907
0,dimuon,0.01,422,0.0003767184431351544,0.0015104445634708085
0,dimuon,0.01,423,0.0003767184431351544,0.0014247455811462236
0,dimuon,0.01,424,0.0003767184431351544,0.0013194072487055881
0,dimuon,0.01,432,0.0003767184431351544,0.000574897339760757
0,dimuon,0.01,433,0.0003767184431351544,0.0009498303874308159
0,dimuon,0.01,434,0.0003767184431351544,0.0012640599892876272
0,dimuon,0.01,435,0.0003767184431351544,0.0014854490269594713
0,dimuon,0.01,436,0.0003767184431351544,0.0015175861453311907
0,dimuon,0.01,437,0.0003767184431351544,0.0015175861453311907
0,dimuon,0.01,438,0.0003767184431351544,0.0015175861453311907
0,dimuon,0.01,439,0.0003767184431351544,0.0015175861453311907
0,dimuon,0.01,440,0.0003767184431351544,0.0015175861453311907
0,dimuon,0.01,441,0.0003767184431351544,0.0015175861453311907
0,dimuon,0.01,442,0.0003767184431351544,0.0015175861453311907
0,dimuon,0.01,443,0.0003767184431351544,0.0015175861453311907
0,dimuon,0.01,444,0.0003767184431351544,0.0015175861453311907
0,dimuon,0.01,445,0.0003767184431351544,0.0015175861453311907
0,dimuon,0.01,446,0.0003767184431351544,0.0015175861453311907
0,dimuon,0.01,447,0.0003767184431351544,0.0015175861453311907
0,dimuon,0.01,448,0.0003767184431351544,0.0015175861453311907
0,dimuon,0.01,449,0.0003767184431351544,0.0015175861453311907
0,dimuon,0.01,450,0.0003767184431351544,0.0015175861453311907
0,dimuon,0.01,451,0.0003767184431351544,0.0015175861453311907
0,dimuon,0.01,452,0.0003767184431351544,0.0015175861453311907
0,dimuon,0.01,453,0.0003767184431351544,0.0015175861453311907
0,dimuon,0.01,454,0.0003767184431351544,0.0015175861453311907
0,dimuon,0.01,455,0.0003767184431351544,0.0015175861453311907
0,dimuon,0.01,456,0.0003767184431351544,0.0015175861453311907
0,dimuon,0.01,457,0.0003767184431351544,0.0015175861453311907
0,dimuon,0.01,458,0.0003767184431351544,0.0015175861453311907
0,dimuon,0.01,459,0.0003767184431351544,0.0015175861453311907
0,dimuon,0.01,460,0.0003767184431351544,0.0015175861453311907
0,dimuon,0.01,461,0.0003767184431351544,0.0015175861453311907
0,dimuon,0.01,462,0.0003767184431351544,0.0015175861453311907
0,dimuon,0.01,463,0.0003767184431351544,0.0015175861453311907
0,dimuon,0.01,464,0.0003767184431351544,0.0015175861453311907
0,dimuon,0.01,465,0.0003767184431351544,0.0015104445634708085
0,dimuon,0.01,466,0.0003767184431351544,0.0014247455811462236
0,dimuon,0.01,467,0.0003767184431351544,0.0013194072487055881
0,dimuon,0.01,977,0,0
0,dimuon,0.01,1196,0.0003767184431351544,0.000574897339760757
0,dimuon,0.01,1197,0.0003767184431351544,0.0009498303874308159
0,dimuon,0.01,1198,0.0003767184431351544,0.0012640599892876272
0,dimuon,0.01,1199,0.0003767184431351544,0.0014854490269594713
0,dimuon,0.01,1200,0.0003767184431351544,0.0015175861453311907
0,dimuon,0.01,1201,0.0003767184431351544,0.0015104445634708085
0,dimuon,0.01,1202,0.0003767184431351544,0.0014247455811462236
0,dimuon,0.01,1203,0.0003767184431351544,0.0013194072487055881
0,dimuon,0.01,1208,0.0003767184431351544,0.000574897339760757
0,dimuon,0.01,1209,0.0003767184431351544,0.0009498303874308159
0,dimuon,0.01,1210,0.0003767184431351544,0.0012640599892876272
0,dimuon,0.01,1211,0.0003767184431351544,0.0014854490269594713
0,dimuon,0.01,1212,0.0003767184431351544,0.0015175861453311907
0,dimuon,0.01,1213,0.0003767184431351544,0.0015104445634708085
0,dimuon,0.01,1214,0.0003767184431351544,0.0014247455811462236
0,dimuon,0.01,1215,0.0003767184431351544,0.0013194072487055881
0,dimuon,0.01,1220,0.0003767184431351544,0.000574897339760757
0,dimuon,0.01,1221,0.0003767184431351544,0.0009498303874308159
0,dimuon,0.01,1222,0.0003767184431351544,0.0012640599892876272
0,dimuon,0.01,1223,0.0003767184431351544,0.0014854490269594713
0,dimuon,0.01,1224,0.0003767184431351544,0.0015175861453311907
0,dimuon,0.01,1225,0.0003767184431351544,0.0015104445634708085
0,dimuon,0.01,1226,0.0003767184431351544,0.0014247455811462236
0,dimuon,0.01,1227,0.0003767184431351544,0.0013194072487055881
0,dimuon,0.01,1232,0.0003767184431351544,0.000574897339760757
0,dimuon,0.01,1233,0.0003767184431351544,0.0009498303874308159
0,dimuon,0.01,1234,0.0003767184431351544,0.0012640599892876272
0,dimuon,0.01,1235,0.0003767184431351544,0.0014854490269594713
0,dimuon,0.01,1236,0.0003767184431351544,0.0015175861453311907
0,dimuon,0.01,1237,0.0003767184431351544,0.0015104445634708085
0,dimuon,0.01,1238,0.0003767184431351544,0.0014247455811462236
0,dimuon,0.01,1239,0.0003767184431351544,0.0013194072487055881
0,dimuon,0.01,1244,0.0003767184431351544,0.000574897339760757
0,dimuon,0.01,1245,0.0003767184431351544,0.0009498303874308159
0,dimuon,0.01,1246,0.0003767184431351544,0.0012640599892876272
0,dimuon,0.01,1247,0.0003767184431351544,0.0014854490269594713
0,dimuon,0.01,1248,0.0003767184431351544,0.0015175861453311907
0,dimuon,0.01,1249,0.0003767184431351544,0.0015104445634708085
0,dimuon,0.01,1250,0.0003767184431351544,0.0014247455811462236
0,dimuon,0.01,1251,0.0003767184431351544,0.0013194072487055881
0,dimuon,0.01,1256,0.0003767184431351544,0.000574897339760757
0,dimuon,0.01,1257,0.0003767184431351544,0.0009498303874308159
0,dimuon,0.01,1258,0.0003767184431351544,0.0012640599892876272
0,dimuon,0.01,1259,0.0003767184431351544,0.0014854490269594713
0,dimuon,0.01,1260,0.0003767184431351544,0.0015175861453311907
0,dimuon,0.01,1261,0.0003767184431351544,0.0015104445634708085
0,dimuon,0.01,1262,0.0003767184431351544,0.0014247455811462236
0,dimuon,0.01,1263,0.0003767184431351544,0.0013194072487055881
0,dimuon,0.01,1268,0.0003767184431351544,0.000574897339760757
0,dimuon,0.01,1269,0.0003767184431351544,0.0009498303874308159
0,dimuon,0.01,1270,0.0003767184431351544,0.0012640599892876272
0,dimuon,0.01,1271,0.0003767184431351544,0.0014854490269594713
0,dimuon,0.01,1272,0.0003767184431351544,0.0015175861453311907
0,dimuon,0.01,1273,0.0003767184431351544,0.0015104445634708085
0,dimuon,0.01,1274,0.0003767184431351544,0.0014247455811462236
0,dimuon,0.01,1275,0.0003767184431351544,0.0013194072487055881
0,dimuon,0.01,1283,0.0003767184431351544,0.000574897339760757
0,dimuon,0.01,1284,0.0003767184431351544,0.0009498303874308159
0,dimuon,0.01,1285,0.0003767184431351544,0.0012640599892876272
0,dimuon,0.01,1286,0.0003767184431351544,0.0014854490269594713
0,dimuon,0.01,1287,0.0003767184431351544,0.0015175861453311907
0,dimuon,0.01,1288,0.0003767184431351544,0.0015175861453311907
0,dimuon,0.01,1289,0.0003767184431351544,0.0015175861453311907
0,dimuon,0.01,1290,0.0003767184431351544,0.0015175861453311907
0,dimuon,0.01,1291,0.0003767184431351544,0.0015175861453311907
0,dimuon,0.01,1292,0.0003767184431351544,0.0015175861453311907
0,dimuon,0.01,1293,0.0003767184431351544,0.0015175861453311907
0,dimuon,0.01,1294,0.0003767184431351544,0.0015175861453311907
0,dimuon,0.01,1295,0.0003767184431351544,0.0015175861453311907
0,dimuon,0.01,1296,0.0003767184431351544,0.0015175861453311907
0,dimuon,0.01,1297,0.0003767184431351544,0.0015175861453311907
0,dimuon,0.01,1298,0.0003767184431351544,0.0015175861453311907
0,dimuon,0.01,1299,0.0003767184431351544,0.0015175861453311907
0,dimuon,0.01,1300,0.0003767184431351544,0.0015175861453311907
0,dimuon,0.01,1301,0.0003767184431351544,0.0015175861453311907
0,dimuon,0.01,1302,0.0003767184431351544,0.0015175861453311907
0,dimuon,0.01,1303,0.0003767184431351544,0.0015175861453311907
0,dimuon,0.01,1304,0.0003767184431351544,0.0015175861453311907
0,dimuon,0.01,1305,0.0003767184431351544,0.0015175861453311907
0,dimuon,0.01,1306,0.0003767184431351544,0.0015175861453311907
0,dimuon,0.01,1307,0.0003767184431351544,0.0015175861453311907
0,dimuon,0.01,1308,0.0003767184431351544,0.0015175861453311907
0,dimuon,0.01,1309,0.0003767184431351544,0.0015175861453311907
0,dimuon,0.01,1310,0.0003767184431351544,0.0015175861453311907
0,dimuon,0.01,1311,0.0003767184431351544,0.0015175861453311907
0,dimuon,0.01,1312,0.0003767184431351544,0.0015175861453311907
0,dimuon,0.01,1313,0.0003767184431351544,0.0015175861453311907
0,dimuon,0.01,1314,0.0003767184431351544,0.0015175861453311907
0,dimuon,0.01,1315,0.0003767184431351544,0.0015175861453311907
0,dimuon,0.01,1316,0.0003767184431351544,0.0015104445634708085
0,dimuon,0.01,1317,0.0003767184431351544,0.0014247455811462236
0,dimuon,0.01,1318,0.0003767184431351544,0.0013194072487055881
0,dimuon,0.01,1326,0.0003767184431351544,0.000574897339760757
0,dimuon,0.01,1327,0.0003767184431351544,0.0009498303874308159
0,dimuon,0.01,1328,0.0003767184431351544,0.0012640599892876272
0,dimuon,0.01,1329,0.0003767184431351544,0.0014854490269594713
0,dimuon,0.01,1330,0.0003767184431351544,0.0015175861453311907
0,dimuon,0.01,1331,0.0003767184431351544,0.0015175861453311907
0,dimuon,0.01,1332,0.0003767184431351544,0.0015175861453311907
0,dimuon,0.01,1333,0.0003767184431351544,0.0015175861453311907
0,dimuon,0.01,1334,0.0003767184431351544,0.0015175861453311907
0,dimuon,0.01,1335,0.0003767184431351544,0.0015175861453311907
0,dimuon,0.01,1336,0.0003767184431351544,0.0015175861453311907
0,dimuon,0.01,1337,0.0003767184431351544,0.0015175861453311907
0,dimuon,0.01,1338,0.0003767184431351544,0.0015175861453311907
0,dimuon,0.01,1339,0.0003767184431351544,0.0015175861453311907
0,dimuon,0.01,1340,0.0003767184431351544,0.0015175861453311907
0,dimuon,0.01,1341,0.0003767184431351544,0.0015175861453311907
0,dimuon,0.01,1342,0.0003767184431351544,0.0015175861453311907
0,dimuon,0.01,1343,0.0003767184431351544,0.0015175861453311907
0,dimuon,0.01,1344,0.0003767184431351544,0.0015175861453311907
0,dimuon,0.01,1345,0.0003767184431351544,0.0015175861453311907
0,dimuon,0.01,1346,0.0003767184431351544,0.0015175861453311907
0,dimuon,0.01,1347,0.0003767184431351544,0.0015175861453311907
0,dimuon,0.01,1348,0.0003767184431351544,0.0015175861453311907
0,dimuon,0.01,1349,0.0003767184431351544,0.0015175861453311907
0,dimuon,0.01,1350,0.0003767184431351544,0.0015175861453311907
0,dimuon,0.01,1351,0.0003767184431351544,0.0015175861453311907
0,dimuon,0.01,1352,0.0003767184431351544,0.0015175861453311907
0,dimuon,0.01,1353,0.0003767184431351544,0.0015175861453311907
0,dimuon,0.01,1354,0.0003767184431351544,0.0015175861453311907
0,dimuon,0.01,1355,0.0003767184431351544,0.0015175861453311907
0,dimuon,0.01,1356,0.0003767184431351544,0.0015175861453311907
0,dimuon,0.01,1357,0.0003767184431351544,0.0015175861453311907
0,dimuon,0.01,1358,0.0003767184431351544,0.0015175861453311907
0,dimuon,0.01,1359,0.0003767184431351544,0.0015104445634708085
0,dimuon,0.01,1360,0.0003767184431351544,0.0014247455811462236
0,dimuon,0.01,1361,0.0003767184431351544,0.0013194072487055881
0,dimuon,0.01,1871,0.0003767184431351544,0.0003767184431351544
0,dimuon,0.01,2090,0.0003767184431351544,0.000574897339760757
0,dimuon,0.01,2091,0.0003767184431351544,0.0009498303874308159
0,dimuon,0.01,2092,0.0003767184431351544,0.0012640599892876272
0,dimuon,0.01,2093,0.0003767184431351544,0.0014854490269594713
0,dimuon,0.01,2094,0.0003767184431351544,0.0015175861453311907
0,dimuon,0.01,2095,0.0003767184431351544,0.0015104445634708085
0,dimuon,0.01,2096,0.0003767184431351544,0.0014247455811462236
0,dimuon,0.01,2097,0.0003767184431351544,0.0013194072487055881
0,dimuon,0.01,2102,0.0003767184431351544,0.000574897339760757
0,dimuon,0.01,2103,0.0003767184431351544,0.0009498303874308159
0,dimuon,0.01,2104,0.0003767184431351544,0.0012640599892876272
0,dimuon,0.01,2105,0.0003767184431351544,0.0014854490269594713
0,dimuon,0.01,2106,0.0003767184431351544,0.0015175861453311907
0,dimuon,0.01,2107,0.0003767184431351544,0.0015104445634708085
0,dimuon,0.01,2108,0.0003767184431351544,0.0014247455811462236
0,dimuon,0.01,2109,0.0003767184431351544,0.0013194072487055881
0,dimuon,0.01,2114,0.0003767184431351544,0.000574897339760757
0,dimuon,0.01,2115,0.0003767184431351544,0.0009498303874308159
0,dimuon,0.01,2116,0.0003767184431351544,0.0012640599892876272
0,dimuon,0.01,2117,0.0003767184431351544,0.0014854490269594713
0,dimuon,0.01,2118,0.0003767184431351544,0.0015175861453311907
0,dimuon,0.01,2119,0.0003767184431351544,0.0015104445634708085
0,dimuon,0.01,2120,0.0003767184431351544,0.0014247455811462236
0,dimuon,0.01,2121,0.0003767184431351544,0.0013194072487055881
0,dimuon,0.01,2126,0.0003767184431351544,0.000574897339760757
0,dimuon,0.01,2127,0.0003767184431351544,0.0009498303874308159
0,dimuon,0.01,2128,0.0003767184431351544,0.0012640599892876272
0,dimuon,0.01,2129,0.0003767184431351544,0.0014854490269594713
0,dimuon,0.01,2130,0.0003767184431351544,0.0015175861453311907
0,dimuon,0.01,2131,0.0003767184431351544,0.0015104445634708085
0,dimuon,0.01,2132,0.0003767184431351544,0.0014247455811462236
0,dimuon,0.01,2133,0.0003767184431351544,0.0013194072487055881
0,dimuon,0.01,2138,0.0003767184431351544,0.000574897339760757
0,dimuon,0.01,2139,0.0003767184431351544,0.0009498303874308159
0,dimuon,0.01,2140,0.0003767184431351544,0.0012640599892876272
0,dimuon,0.01,2141,0.0003767184431351544,0.0014854490269594713
0,dimuon,0.01,2142,0.0003767184431351544,0.0015175861453311907
0,dimuon,0.01,2143,0.0003767184431351544,0.0015104445634708085
0,dimuon,0.01,2144,0.0003767184431351544,0.0014247455811462236
0,dimuon,0.01,2145,0.0003767184431351544,0.0013194072487055881
0,dimuon,0.01,2150,0.0003767184431351544,0.000574897339760757
0,dimuon,0.01,2151,0.0003767184431351544,0.0009498303874308159
0,dimuon,0.01,2152,0.0003767184431351544,0.0012640599892876272
0,dimuon,0.01,2153,0.0003767184431351544,0.0014854490269594713
0,dimuon,0.01,2154,0.0003767184431351544,0.0015175861453311907
0,dimuon,0.01,2155,0.0003767184431351544,0.0015104445634708085
0,dimuon,0.01,2156,0.0003767184431351544,0.0014247455811462236
0,dimuon,0.01,2157,0.0003767184431351544,0.0013194072487055881
0,dimuon,0.01,2162,0.0003767184431351544,0.000574897339760757
0,dimuon,0.01,2163,0.0003767184431351544,0.0009498303874308159
0,dimuon,0.01,2164,0.0003767184431351544,0.0012640599892876272
0,dimuon,0.01,2165,0.0003767184431351544,0.0014854490269594713
0,dimuon,0.01,2166,0.0003767184431351544,0.0015175861453311907
0,dimuon,0.01,2167,0.0003767184431351544,0.0015104445634708085
0,dimuon,0.01,2168,0.0003767184431351544,0.0014247455811462236
0,dimuon,0.01,2169,0.0003767184431351544,0.0013194072487055881
0,dimuon,0.01,2177,0.0003767184431351544,0.000574897339760757
0,dimuon,0.01,2178,0.0003767184431351544,0.0009498303874308159
0,dimuon,0.01,2179,0.0003767184431351544,0.0012640599892876272
0,dimuon,0.01,2180,0.0003767184431351544,0.0014854490269594713
0,dimuon,0.01,2181,0.0003767184431351544,0.0015175861453311907
0,dimuon,0.01,2182,0.0003767184431351544,0.0015175861453311907
0,dimuon,0.01,2183,0.0003767184431351544,0.0015175861453311907
0,dimuon,0.01,2184,0.0003767184431351544,0.0015175861453311907
0,dimuon,0.01,2185,0.0003767184431351544,0.0015175861453311907
0,dimuon,0.01,2186,0.0003767184431351544,0.0015175861453311907
0,dimuon,0.01,2187,0.0003767184431351544,0.0015175861453311907
0,dimuon,0.01,2188,0.0003767184431351544,0.0015175861453311907
0,dimuon,0.01,2189,0.0003767184431351544,0.0015175861453311907
0,dimuon,0.01,2190,0.0003767184431351544,0.0015175861453311907
0,dimuon,0.01,2191,0.0003767184431351544,0.0015175861453311907
0,dimuon,0.01,2192,0.0003767184431351544,0.0015175861453311907
0,dimuon,0.01,2193,0.0003767184431351544,0.0015175861453311907
0,dimuon,0.01,2194,0.0003767184431351544,0.0015175861453311907
0,dimuon,0.01,2195,0.0003767184431351544,0.0015175861453311907
0,dimuon,0.01,2196,0.0003767184431351544,0.0015175861453311907
0,dimuon,0.01,2197,0.0003767184431351544,0.0015175861453311907
0,dimuon,0.01,2198,0.0003767184431351544,0.0015175861453311907
0,dimuon,0.01,2199,0.0003767184431351544,0.0015175861453311907
0,dimuon,0.01,2200,0.0003767184431351544,0.0015175861453311907
0,dimuon,0.01,2201,0.0003767184431351544,0.0015175861453311907
0,dimuon,0.01,2202,0.0003767184431351544,0.0015175861453311907
0,dimuon,0.01,2203,0.0003767184431351544,0.0015175861453311907
0,dimuon,0.01,2204,0.0003767184431351544,0.0015175861453311907
0,dimuon,0.01,2205,0.0003767184431351544,0.0015175861453311907
0,dimuon,0.01,2206,0.0003767184431351544,0.0015175861453311907
0,dimuon,0.01,2207,0.0003767184431351544,0.0015175861453311907
0,dimuon,0.01,2208,0.0003767184431351544,0.0015175861453311907
0,dimuon,0.01,2209,0.0003767184431351544,0.0015175861453311907
0,dimuon,0.01,2210,0.0003767184431351544,0.0015104445634708085
0,dimuon,0.01,2211,0.0003767184431351544,0.0014247455811462236
0,dimuon,0.01,2212,0.0003767184431351544,0.0013194072487055881
0,dimuon,0.01,2220,0.0003767184431351544,0.000574897339760757
0,dimuon,0.01,2221,0.0003767184431351544,0.0009498303874308159
0,dimuon,0.01,2222,0.0003767184431351544,0.0012640599892876272
0,dimuon,0.01,2223,0.0003767184431351544,0.0014854490269594713
0,dimuon,0.01,2224,0.0003767184431351544,0.0015175861453311907
0,dimuon,0.01,2225,0.0003767184431351544,0.0015175861453311907
0,dimuon,0.01,2226,0.0003767184431351544,0.0015175861453311907
0,dimuon,0.01,2227,0.0003767184431351544,0.0015175861453311907
0,dimuon,0.01,2228,0.0003767184431351544,0.0015175861453311907
0,dimuon,0.01,2229,0.0003767184431351544,0.0015175861453311907
0,dimuon,0.01,2230,0.0003767184431351544,0.0015175861453311907
0,dimuon,0.01,2231,0.0003767184431351544,0.0015175861453311907
0,dimuon,0.01,2232,0.0003767184431351544,0.0015175861453311907
0,dimuon,0.01,2233,0.0003767184431351544,0.0015175861453311907
0,dimuon,0.01,2234,0.0003767184431351544,0.0015175861453311907
0,dimuon,0.01,2235,0.0003767184431351544,0.0015175861453311907
0,dimuon,0.01,2236,0.0003767184431351544,0.0015175861453311907
0,dimuon,0.01,2237,0.0003767184431351544,0.0015175861453311907
0,dimuon,0.01,2238,0.0003767184431351544,0.0015175861453311907
0,dimuon,0.01,2239,0.0003767184431351544,0.0015175861453311907
0,dimuon,0.01,2240,0.0003767184431351544,0.0015175861453311907
0,dimuon,0.01,2241,0.0003767184431351544,0.0015175861453311907
0,dimuon,0.01,2242,0.0003767184431351544,0.0015175861453311907
0,dimuon,0.01,2243,0.0003767184431351544,0.0015175861453311907
0,dimuon,0.01,2244,0.0003767184431351544,0.0015175861453311907
0,dimuon,0.01,2245,0.0003767184431351544,0.0015175861453311907
0,dimuon,0.01,2246,0.0003767184431351544,0.0015175861453311907
0,dimuon,0.01,2247,0.0003767184431351544,0.0015175861453311907
0,dimuon,0.01,2248,0.0003767184431351544,0.0015175861453311907
0,dimuon,0.01,2249,0.0003767184431351544,0.0015175861453311907
0,dimuon,0.01,2250,0.0003767184431351544,0.0015175861453311907
0,dimuon,0.01,2251,0.0003767184431351544,0.0015175861453311907
0,dimuon,0.01,2252,0.0003767184431351544,0.0015175861453311907
0,dimuon,0.01,2253,0.0003767184431351544,0.0015104445634708085
0,dimuon,0.01,2254,0.0003767184431351544,0.0014247455811462236
0,dimuon,0.01,2255,0.0003767184431351544,0.0013194072487055881
0,dimuon,0.05,1,0,0
0,dimuon,0.05,2,0,0
0,dimuon,0.05,3,0,0
0,dimuon,0.05,4,0,0
0,dimuon,0.05,5,0,0
0,dimuon,0.05,6,0,0
0,dimuon,0.05,7,0,0
0,dimuon,0.05,8,0,0
0,dimuon,0.05,9,0,0
0,dimuon,0.05,10,0,0
0,dimuon,0.05,11,0,0
0,dimuon,0.05,12,0,0
0,dimuon,0.05,86,0.0018835922156757723,0.0018835922156757723
0,dimuon,0.05,302,0.0018835922156757723,0.002874486698803785
0,dimuon,0.05,303,0.0018835922156757723,0.004749151937154079
0,dimuon,0.05,304,0.0018835922156757723,0.006320299946438136
0,dimuon,0.05,305,0.0018835922156757723,0.007427245134797357
0,dimuon,0.05,306,0.0018835922156757723,0.007587930726655954
0,dimuon,0.05,307,0.0018835922156757723,0.007552222817354044
0,dimuon,0.05,308,0.0018835922156757723,0.007123727905731119
0,dimuon,0.05,309,0.0018835922156757723,0.0065970362435279414
0,dimuon,0.05,314,0.0018835922156757723,0.002874486698803785
0,dimuon,0.05,315,0.0018835922156757723,0.004749151937154079
0,dimuon,0.05,316,0.0018835922156757723,0.006320299946438136
0,dimuon,0.05,317,0.0018835922156757723,0.007427245134797357
0,dimuon,0.05,318,0.0018835922156757723,0.007587930726655954
0,dimuon,0.05,319,0.0018835922156757723,0.007552222817354044
0,dimuon,0.05,320,0.0018835922156757723,0.007123727905731119
0,dimuon,0.05,321,0.0018835922156757723,0.0065970362435279414
0,dimuon,0.05,326,0.0018835922156757723,0.002874486698803785
0,dimuon,0.05,327,0.0018835922156757723,0.004749151937154079
0,dimuon,0.05,328,0.0018835922156757723,0.006320299946438136
0,dimuon,0.05,329,0.0018835922156757723,0.007427245134797357
0,dimuon,0.05,330,0.0018835922156757723,0.007587930726655954
0,dimuon,0.05,331,0.0018835922156757723,0.007552222817354044
0,dimuon,0.05,332,0.0018835922156757723,0.007123727905731119
0,dimuon,0.05,333,0.0018835922156757723,0.0065970362435279414
0,dimuon,0.05,338,0.0018835922156757723,0.002874486698803785
0,dimuon,0.05,339,0.0018835922156757723,0.004749151937154079
0,dimuon,0.05,340,0.0018835922156757723,0.006320299946438136
0,dimuon,0.05,341,0.0018835922156757723,0.007427245134797357
0,dimuon,0.05,342,0.0018835922156757723,0.007587930726655954
0,dimuon,0.05,343,0.0018835922156757723,0.007552222817354044
0,dimuon,0.05,344,0.0018835922156757723,0.007123727905731119
0,dimuon,0.05,345,0.0018835922156757723,0.0065970362435279414
0,dimuon,0.05,350,0.0018835922156757723,0.002874486698803785
0,dimuon,0.05,351,0.0018835922156757723,0.004749151937154079
0,dimuon,0.05,352,0.0018835922156757723,0.006320299946438136
0,dimuon,0.05,353,0.0018835922156757723,0.007427245134797357
0,dimuon,0.05,354,0.0018835922156757723,0.007587930726655954
0,dimuon,0.05,355,0.0018835922156757723,0.007552222817354044
0,dimuon,0.05,356,0.0018835922156757723,0.007123727905731119
0,dimuon,0.05,357,0.0018835922156757723,0.0065970362435279414
0,dimuon,0.05,362,0.0018835922156757723,0.002874486698803785
0,dimuon,0.05,363,0.0018835922156757723,0.004749151937154079
0,dimuon,0.05,364,0.0018835922156757723,0.006320299946438136
0,dimuon,0.05,365,0.0018835922156757723,0.007427245134797357
0,dimuon,0.05,366,0.0018835922156757723,0.007587930726655954
0,dimuon,0.05,367,0.0018835922156757723,0.007552222817354044
0,dimuon,0.05,368,0.0018835922156757723,0.007123727905731119
0,dimuon,0.05,369,0.0018835922156757723,0.0065970362435279414
0,dimuon,0.05,374,0.0018835922156757723,0.002874486698803785
0,dimuon,0.05,375,0.0018835922156757723,0.004749151937154079
0,dimuon,0.05,376,0.0018835922156757723,0.006320299946438136
0,dimuon,0.05,377,0.0018835922156757723,0.007427245134797357
0,dimuon,0.05,378,0.0018835922156757723,0.007587930726655954
0,dimuon,0.05,379,0.0018835922156757723,0.007552222817354044
0,dimuon,0.05,380,0.0018835922156757723,0.007123727905731119
0,dimuon,0.05,381,0.0018835922156757723,0.0065970362435279414
0,dimuon,0.05,389,0.0018835922156757723,0.002874486698803785
0,dimuon,0.05,390,0.0018835922156757723,0.004749151937154079
0,dimuon,0.05,391,0.0018835922156757723,0.006320299946438136
0,dimuon,0.05,392,0.0018835922156757723,0.007427245134797357
0,dimuon,0.05,393,0.0018835922156757723,0.007587930726655954
0,dimuon,0.05,394,0.0018835922156757723,0.007587930726655954
0,dimuon,0.05,395,0.0018835922156757723,0.007587930726655954
0,dimuon,0.05,396,0.0018835922156757723,0.007587930726655954
0,dimuon,0.05,397,0.0018835922156757723,0.007587930726655954
0,dimuon,0.05,398,0.0018835922156757723,0.007587930726655954
0,dimuon,0.05,399,0.0018835922156757723,0.007587930726655954
0,dimuon,0.05,400,0.0018835922156757723,0.007587930726655954
0,dimuon,0.05,401,0.0018835922156757723,0.007587930726655954
0,dimuon,0.05,402,0.0018835922156757723,0.007587930726655954
0,dimuon,0.05,403,0.0018835922156757723,0.007587930726655954
0,dimuon,0.05,404,0.0018835922156757723,0.007587930726655954
0,dimuon,0.05,405,0.0018835922156757723,0.007587930726655954
0,dimuon,0.05,406,0.0018835922156757723,0.007587930726655954
0,dimuon,0.05,407,0.0018835922156757723,0.007587930726655954
0,dimuon,0.05,408,0.0018835922156757723,0.007587930726655954
0,dimuon,0.05,409,0.0018835922156757723,0.007587930726655954
0,dimuon,0.05,410,0.0018835922156757723,0.007587930726655954
0,dimuon,0.05,411,0.0018835922156757723,0.007587930726655954
0,dimuon,0.05,412,0.0018835922156757723,0.007587930726655954
0,dimuon,0.05,413,0.0018835922156757723,0.007587930726655954
0,dimuon,0.05,414,0.0018835922156757723,0.007587930726655954
0,dimuon,0.05,415,0.0018835922156757723,0.007587930726655954
0,dimuon,0.05,416,0.0018835922156757723,0.007587930726655954
0,dimuon,0.05,417,0.0018835922156757723,0.007587930726655954
0,dimuon,0.05,418,0.0018835922156757723,0.007587930726655954
0,dimuon,0.05,419,0.0018835922156757723,0.007587930726655954
0,dimuon,0.05,420,0.0018835922156757723,0.007587930726655954
0,dimuon,0.05,421,0.0018835922156757723,0.007587930726655954
0,dimuon,0.05,422,0.0018835922156757723,0.007552222817354044
0,dimuon,0.05,423,0.0018835922156757723,0.007123727905731119
0,dimuon,0.05,424,0.0018835922156757723,0.0065970362435279414
0,dimuon,0.05,432,0.0018835922156757723,0.002874486698803785
0,dimuon,0.05,433,0.0018835922156757723,0.004749151937154079
0,dimuon,0.05,434,0.0018835922156757723,0.006320299946438136
0,dimuon,0.05,435,0.0018835922156757723,0.007427245134797357
0,dimuon,0.05,436,0.0018835922156757723,0.007587930726655954
0,dimuon,0.05,437,0.0018835922156757723,0.007587930726655954
0,dimuon,0.05,438,0.0018835922156757723,0.007587930726655954
0,dimuon,0.05,439,0.0018835922156757723,0.007587930726655954
0,dimuon,0.05,440,0.0018835922156757723,0.007587930726655954
0,dimuon,0.05,441,0.0018835922156757723,0.007587930726655954
0,dimuon,0.05,442,0.0018835922156757723,0.007587930726655954
0,dimuon,0.05,443,0.0018835922156757723,0.007587930726655954
0,dimuon,0.05,444,0.0018835922156757723,0.007587930726655954
0,dimuon,0.05,445,0.0018835922156757723,0.007587930726655954
0,dimuon,0.05,446,0.0018835922156757723,0.007587930726655954
0,dimuon,0.05,447,0.0018835922156757723,0.007587930726655954
0,dimuon,0.05,448,0.0018835922156757723,0.007587930726655954
0,dimuon,0.05,449,0.0018835922156757723,0.007587930726655954
0,dimuon,0.05,450,0.0018835922156757723,0.007587930726655954
0,dimuon,0.05,451,0.0018835922156757723,0.007587930726655954
0,dimuon,0.05,452,0.0018835922156757723,0.007587930726655954
0,dimuon,0.05,453,0.0018835922156757723,0.007587930726655954
0,dimuon,0.05,454,0.0018835922156757723,0.007587930726655954
0,dimuon,0.05,455,0.0018835922156757723,0.007587930726655954
0,dimuon,0.05,456,0.0018835922156757723,0.007587930726655954
0,dimuon,0.05,457,0.0018835922156757723,0.007587930726655954
0,dimuon,0.05,458,0.0018835922156757723,0.007587930726655954
0,dimuon,0.05,459,0.0018835922156757723,0.007587930726655954
0,dimuon,0.05,460,0.0018835922156757723,0.007587930726655954
0,dimuon,0.05,461,0.0018835922156757723,0.007587930726655954
0,dimuon,0.05,462,0.0018835922156757723,0.007587930726655954
0,dimuon,0.05,463,0.0018835922156757723,0.007587930726655954
0,dimuon,0.05,464,0.0018835922156757723,0.007587930726655954
0,dimuon,0.05,465,0.0018835922156757723,0.007552222817354044
0,dimuon,0.05,466,0.0018835922156757723,0.007123727905731119
0,dimuon,0.05,467,0.0018835922156757723,0.0065970362435279414
0,dimuon,0.05,977,0,0
0,dimuon,0.05,1196,0.0018835922156757723,0.002874486698803785
0,dimuon,0.05,1197,0.0018835922156757723,0.004749151937154079
0,dimuon,0.05,1198,0.0018835922156757723,0.006320299946438136
0,dimuon,0.05,1199,0.0018835922156757723,0.007427245134797357
0,dimuon,0.05,1200,0.0018835922156757723,0.007587930726655954
0,dimuon,0.05,1201,0.0018835922156757723,0.007552222817354044
0,dimuon,0.05,1202,0.0018835922156757723,0.007123727905731119
0,dimuon,0.05,1203,0.0018835922156757723,0.0065970362435279414
0,dimuon,0.05,1208,0.0018835922156757723,0.002874486698803785
0,dimuon,0.05,1209,0.0018835922156757723,0.004749151937154079
0,dimuon,0.05,1210,0.0018835922156757723,0.006320299946438136
0,dimuon,0.05,1211,0.0018835922156757723,0.007427245134797357
0,dimuon,0.05,1212,0.0018835922156757723,0.007587930726655954
0,dimuon,0.05,1213,0.0018835922156757723,0.007552222817354044
0,dimuon,0.05,1214,0.0018835922156757723,0.007123727905731119
0,dimuon,0.05,1215,0.0018835922156757723,0.0065970362435279414
0,dimuon,0.05,1220,0.0018835922156757723,0.002874486698803785
0,dimuon,0.05,1221,0.0018835922156757723,0.004749151937154079
0,dimuon,0.05,1222,0.0018835922156757723,0.006320299946438136
0,dimuon,0.05,1223,0.0018835922156757723,0.007427245134797357
0,dimuon,0.05,1224,0.0018835922156757723,0.007587930726655954
0,dimuon,0.05,1225,0.0018835922156757723,0.007552222817354044
0,dimuon,0.05,1226,0.0018835922156757723,0.007123727905731119
0,dimuon,0.05,1227,0.0018835922156757723,0.0065970362435279414
0,dimuon,0.05,1232,0.0018835922156757723,0.002874486698803785
0,dimuon,0.05,1233,0.0018835922156757723,0.004749151937154079
0,dimuon,0.05,1234,0.0018835922156757723,0.006320299946438136
0,dimuon,0.05,1235,0.0018835922156757723,0.007427245134797357
0,dimuon,0.05,1236,0.0018835922156757723,0.007587930726655954
0,dimuon,0.05,1237,0.0018835922156757723,0.007552222817354044
0,dimuon,0.05,1238,0.0018835922156757723,0.007123727905731119
0,dimuon,0.05,1239,0.0018835922156757723,0.0065970362435279414
0,dimuon,0.05,1244,0.0018835922156757723,0.002874486698803785
0,dimuon,0.05,1245,0.0018835922156757723,0.004749151937154079
0,dimuon,0.05,1246,0.0018835922156757723,0.006320299946438136
0,dimuon,0.05,1247,0.0018835922156757723,0.007427245134797357
0,dimuon,0.05,1248,0.0018835922156757723,0.007587930726655954
0,dimuon,0.05,1249,0.0018835922156757723,0.007552222817354044
0,dimuon,0.05,1250,0.0018835922156757723,0.007123727905731119
0,dimuon,0.05,1251,0.0018835922156757723,0.0065970362435279414
0,dimuon,0.05,1256,0.0018835922156757723,0.002874486698803785
0,dimuon,0.05,1257,0.0018835922156757723,0.004749151937154079
0,dimuon,0.05,1258,0.0018835922156757723,0.006320299946438136
0,dimuon,0.05,1259,0.0018835922156757723,0.007427245134797357
0,dimuon,0.05,1260,0.0018835922156757723,0.007587930726655954
0,dimuon,0.05,1261,0.0018835922156757723,0.007552222817354044
0,dimuon,0.05,1262,0.0018835922156757723,0.007123727905731119
0,dimuon,0.05,1263,0.0018835922156757723,0.0065970362435279414
0,dimuon,0.05,1268,0.0018835922156757723,0.002874486698803785
0,dimuon,0.05,1269,0.0018835922156757723,0.004749151937154079
0,dimuon,0.05,1270,0.0018835922156757723,0.006320299946438136
0,dimuon,0.05,1271,0.0018835922156757723,0.007427245134797357
0,dimuon,0.05,1272,0.0018835922156757723,0.007587930726655954
0,dimuon,0.05,1273,0.0018835922156757723,0.007552222817354044
0,dimuon,0.05,1274,0.0018835922156757723,0.007123727905731119
0,dimuon,0.05,1275,0.0018835922156757723,0.0065970362435279414
0,dimuon,0.05,1283,0.0018835922156757723,0.002874486698803785
0,dimuon,0.05,1284,0.0018835922156757723,0.004749151937154079
0,dimuon,0.05,1285,0.0018835922156757723,0.006320299946438136
0,dimuon,0.05,1286,0.0018835922156757723,0.007427245134797357
0,dimuon,0.05,1287,0.0018835922156757723,0.007587930726655954
0,dimuon,0.05,1288,0.0018835922156757723,0.007587930726655954
0,dimuon,0.05,1289,0.0018835922156757723,0.007587930726655954
0,dimuon,0.05,1290,0.0018835922156757723,0.007587930726655954
0,dimuon,0.05,1291,0.0018835922156757723,0.007587930726655954
0,dimuon,0.05,1292,0.0018835922156757723,0.007587930726655954
0,dimuon,0.05,1293,0.0018835922156757723,0.007587930726655954
0,dimuon,0.05,1294,0.0018835922156757723,0.007587930726655954
0,dimuon,0.05,1295,0.0018835922156757723,0.007587930726655954
0,dimuon,0.05,1296,0.0018835922156757723,0.007587930726655954
0,dimuon,0.05,1297,0.0018835922156757723,0.007587930726655954
0,dimuon,0.05,1298,0.0018835922156757723,0.007587930726655954
0,dimuon,0.05,1299,0.0018835922156757723,0.007587930726655954
0,dimuon,0.05,1300,0.0018835922156757723,0.007587930726655954
0,dimuon,0.05,1301,0.0018835922156757723,0.007587930726655954
0,dimuon,0.05,1302,0.0018835922156757723,0.007587930726655954
0,dimuon,0.05,1303,0.0018835922156757723,0.007587930726655954
0,dimuon,0.05,1304,0.0018835922156757723,0.007587930726655954
0,dimuon,0.05,1305,0.0018835922156757723,0.007587930726655954
0,dimuon,0.05,1306,0.0018835922156757723,0.007587930726655954
0,dimuon,0.05,1307,0.0018835922156757723,0.007587930726655954
0,dimuon,0.05,1308,0.0018835922156757723,0.007587930726655954
0,dimuon,0.05,1309,0.0018835922156757723,0.007587930726655954
0,dimuon,0.05,1310,0.0018835922156757723,0.007587930726655954
0,dimuon,0.05,1311,0.0018835922156757723,0.007587930726655954
0,dimuon,0.05,1312,0.0018835922156757723,0.007587930726655954
0,dimuon,0.05,1313,0.0018835922156757723,0.007587930726655954
0,dimuon,0.05,1314,0.0018835922156757723,0.007587930726655954
0,dimuon,0.05,1315,0.0018835922156757723,0.007587930726655954
0,dimuon,0.05,1316,0.0018835922156757723,0.007552222817354044
0,dimuon,0.05,1317,0.0018835922156757723,0.007123727905731119
0,dimuon,0.05,1318,0.0018835922156757723,0.0065970362435279414
0,dimuon,0.05,1326,0.0018835922156757723,0.002874486698803785
0,dimuon,0.05,1327,0.0018835922156757723,0.004749151937154079
0,dimuon,0.05,1328,0.0018835922156757723,0.006320299946438136
0,dimuon,0.05,1329,0.0018835922156757723,0.007427245134797357
0,dimuon,0.05,1330,0.0018835922156757723,0.007587930726655954
0,dimuon,0.05,1331,0.0018835922156757723,0.007587930726655954
0,dimuon,0.05,1332,0.0018835922156757723,0.007587930726655954
0,dimuon,0.05,1333,0.0018835922156757723,0.007587930726655954
0,dimuon,0.05,1334,0.0018835922156757723,0.007587930726655954
0,dimuon,0.05,1335,0.0018835922156757723,0.007587930726655954
0,dimuon,0.05,1336,0.0018835922156757723,0.007587930726655954
0,dimuon,0.05,1337,0.0018835922156757723,0.007587930726655954
0,dimuon,0.05,1338,0.0018835922156757723,0.007587930726655954
0,dimuon,0.05,1339,0.0018835922156757723,0.007587930726655954
0,dimuon,0.05,1340,0.0018835922156757723,0.007587930726655954
0,dimuon,0.05,1341,0.0018835922156757723,0.007587930726655954
0,dimuon,0.05,1342,0.0018835922156757723,0.007587930726655954
0,dimuon,0.05,1343,0.0018835922156757723,0.007587930726655954
0,dimuon,0.05,1344,0.0018835922156757723,0.007587930726655954
0,dimuon,0.05,1345,0.0018835922156757723,0.007587930726655954
0,dimuon,0.05,1346,0.0018835922156757723,0.007587930726655954
0,dimuon,0.05,1347,0.0018835922156757723,0.007587930726655954
0,dimuon,0.05,1348,0.0018835922156757723,0.007587930726655954
0,dimuon,0.05,1349,0.0018835922156757723,0.007587930726655954
0,dimuon,0.05,1350,0.0018835922156757723,0.007587930726655954
0,dimuon,0.05,1351,0.0018835922156757723,0.007587930726655954
0,dimuon,0.05,1352,0.0018835922156757723,0.007587930726655954
0,dimuon,0.05,1353,0.0018835922156757723,0.007587930726655954
0,dimuon,0.05,1354,0.0018835922156757723,0.007587930726655954
0,dimuon,0.05,1355,0.0018835922156757723,0.007587930726655954
0,dimuon,0.05,1356,0.0018835922156757723,0.007587930726655954
0,dimuon,0.05,1357,0.0018835922156757723,0.007587930726655954
0,dimuon,0.05,1358,0.0018835922156757723,0.007587930726655954
0,dimuon,0.05,1359,0.0018835922156757723,0.007552222817354044
0,dimuon,0.05,1360,0.0018835922156757723,0.007123727905731119
0,dimuon,0.05,1361,0.0018835922156757723,0.0065970362435279414
0,dimuon,0.05,1871,0.0018835922156757723,0.0018835922156757723
0,dimuon,0.05,2090,0.0018835922156757723,0.002874486698803785
0,dimuon,0.05,2091,0.0018835922156757723,0.004749151937154079
0,dimuon,0.05,2092,0.0018835922156757723,0.006320299946438136
0,dimuon,0.05,2093,0.0018835922156757723,0.007427245134797357
0,dimuon,0.05,2094,0.0018835922156757723,0.007587930726655954
0,dimuon,0.05,2095,0.0018835922156757723,0.007552222817354044
0,dimuon,0.05,2096,0.0018835922156757723,0.007123727905731119
0,dimuon,0.05,2097,0.0018835922156757723,0.0065970362435279414
0,dimuon,0.05,2102,0.0018835922156757723,0.002874486698803785
0,dimuon,0.05,2103,0.0018835922156757723,0.004749151937154079
0,dimuon,0.05,2104,0.0018835922156757723,0.006320299946438136
0,dimuon,0.05,2105,0.0018835922156757723,0.007427245134797357
0,dimuon,0.05,2106,0.0018835922156757723,0.007587930726655954
0,dimuon,0.05,2107,0.0018835922156757723,0.007552222817354044
0,dimuon,0.05,2108,0.0018835922156757723,0.007123727905731119
0,dimuon,0.05,2109,0.0018835922156757723,0.0065970362435279414
0,dimuon,0.05,2114,0.0018835922156757723,0.002874486698803785
0,dimuon,0.05,2115,0.0018835922156757723,0.004749151937154079
0,dimuon,0.05,2116,0.0018835922156757723,0.006320299946438136
0,dimuon,0.05,2117,0.0018835922156757723,0.007427245134797357
0,dimuon,0.05,2118,0.0018835922156757723,0.007587930726655954
0,dimuon,0.05,2119,0.0018835922156757723,0.007552222817354044
0,dimuon,0.05,2120,0.0018835922156757723,0.007123727905731119
0,dimuon,0.05,2121,0.0018835922156757723,0.0065970362435279414
0,dimuon,0.05,2126,0.0018835922156757723,0.002874486698803785
0,dimuon,0.05,2127,0.0018835922156757723,0.004749151937154079
0,dimuon,0.05,2128,0.0018835922156757723,0.006320299946438136
0,dimuon,0.05,2129,0.0018835922156757723,0.007427245134797357
0,dimuon,0.05,2130,0.0018835922156757723,0.007587930726655954
0,dimuon,0.05,2131,0.0018835922156757723,0.007552222817354044
0,dimuon,0.05,2132,0.0018835922156757723,0.007123727905731119
0,dimuon,0.05,2133,0.0018835922156757723,0.0065970362435279414
0,dimuon,0.05,2138,0.0018835922156757723,0.002874486698803785
0,dimuon,0.05,2139,0.0018835922156757723,0.004749151937154079
0,dimuon,0.05,2140,0.0018835922156757723,0.006320299946438136
0,dimuon,0.05,2141,0.0018835922156757723,0.007427245134797357
0,dimuon,0.05,2142,0.0018835922156757723,0.007587930726655954
0,dimuon,0.05,2143,0.0018835922156757723,0.007552222817354044
0,dimuon,0.05,2144,0.0018835922156757723,0.007123727905731119
0,dimuon,0.05,2145,0.0018835922156757723,0.0065970362435279414
0,dimuon,0.05,2150,0.0018835922156757723,0.002874486698803785
0,dimuon,0.05,2151,0.0018835922156757723,0.004749151937154079
0,dimuon,0.05,2152,0.0018835922156757723,0.006320299946438136
0,dimuon,0.05,2153,0.0018835922156757723,0.007427245134797357
0,dimuon,0.05,2154,0.0018835922156757723,0.007587930726655954
0,dimuon,0.05,2155,0.0018835922156757723,0.007552222817354044
0,dimuon,0.05,2156,0.0018835922156757723,0.007123727905731119
0,dimuon,0.05,2157,0.0018835922156757723,0.0065970362435279414
0,dimuon,0.05,2162,0.0018835922156757723,0.002874486698803785
0,dimuon,0.05,2163,0.0018835922156757723,0.004749151937154079
0,dimuon,0.05,2164,0.0018835922156757723,0.006320299946438136
0,dimuon,0.05,2165,0.0018835922156757723,0.007427245134797357
0,dimuon,0.05,2166,0.0018835922156757723,0.007587930726655954
0,dimuon,0.05,2167,0.0018835922156757723,0.007552222817354044
0,dimuon,0.05,2168,0.0018835922156757723,0.007123727905731119
0,dimuon,0.05,2169,0.0018835922156757723,0.0065970362435279414
0,dimuon,0.05,2177,0.0018835922156757723,0.002874486698803785
0,dimuon,0.05,2178,0.0018835922156757723,0.004749151937154079
0,dimuon,0.05,2179,0.0018835922156757723,0.006320299946438136
0,dimuon,0.05,2180,0.0018835922156757723,0.007427245134797357
0,dimuon,0.05,2181,0.0018835922156757723,0.007587930726655954
0,dimuon,0.05,2182,0.0018835922156757723,0.007587930726655954
0,dimuon,0.05,2183,0.0018835922156757723,0.007587930726655954
0,dimuon,0.05,2184,0.0018835922156757723,0.007587930726655954
0,dimuon,0.05,2185,0.0018835922156757723,0.007587930726655954
0,dimuon,0.05,2186,0.0018835922156757723,0.007587930726655954
0,dimuon,0.05,2187,0.0018835922156757723,0.007587930726655954
0,dimuon,0.05,2188,0.0018835922156757723,0.007587930726655954
0,dimuon,0.05,2189,0.0018835922156757723,0.007587930726655954
0,dimuon,0.05,2190,0.0018835922156757723,0.007587930726655954
0,dimuon,0.05,2191,0.0018835922156757723,0.007587930726655954
0,dimuon,0.05,2192,0.0018835922156757723,0.007587930726655954
0,dimuon,0.05,2193,0.0018835922156757723,0.007587930726655954
0,dimuon,0.05,2194,0.0018835922156757723,0.007587930726655954
0,dimuon,0.05,2195,0.0018835922156757723,0.007587930726655954
0,dimuon,0.05,2196,0.0018835922156757723,0.007587930726655954
0,dimuon,0.05,2197,0.0018835922156757723,0.007587930726655954
0,dimuon,0.05,2198,0.0018835922156757723,0.007587930726655954
0,dimuon,0.05,2199,0.0018835922156757723,0.007587930726655954
0,dimuon,0.05,2200,0.0018835922156757723,0.007587930726655954
0,dimuon,0.05,2201,0.0018835922156757723,0.007587930726655954
0,dimuon,0.05,2202,0.0018835922156757723,0.007587930726655954
0,dimuon,0.05,2203,0.0018835922156757723,0.007587930726655954
0,dimuon,0.05,2204,0.0018835922156757723,0.007587930726655954
0,dimuon,0.05,2205,0.0018835922156757723,0.007587930726655954
0,dimuon,0.05,2206,0.0018835922156757723,0.007587930726655954
0,dimuon,0.05,2207,0.0018835922156757723,0.007587930726655954
0,dimuon,0.05,2208,0.0018835922156757723,0.007587930726655954
0,dimuon,0.05,2209,0.0018835922156757723,0.007587930726655954
0,dimuon,0.05,2210,0.0018835922156757723,0.007552222817354044
0,dimuon,0.05,2211,0.0018835922156757723,0.007123727905731119
0,dimuon,0.05,2212,0.0018835922156757723,0.0065970362435279414
0,dimuon,0.05,2220,0.0018835922156757723,0.002874486698803785
0,dimuon,0.05,2221,0.0018835922156757723,0.004749151937154079
0,dimuon,0.05,2222,0.0018835922156757723,0.006320299946438136
0,dimuon,0.05,2223,0.0018835922156757723,0.007427245134797357
0,dimuon,0.05,2224,0.0018835922156757723,0.007587930726655954
0,dimuon,0.05,2225,0.0018835922156757723,0.007587930726655954
0,dimuon,0.05,2226,0.0018835922156757723,0.007587930726655954
0,dimuon,0.05,2227,0.0018835922156757723,0.007587930726655954
0,dimuon,0.05,2228,0.0018835922156757723,0.007587930726655954
0,dimuon,0.05,2229,0.0018835922156757723,0.007587930726655954
0,dimuon,0.05,2230,0.0018835922156757723,0.007587930726655954
0,dimuon,0.05,2231,0.0018835922156757723,0.007587930726655954
0,dimuon,0.05,2232,0.0018835922156757723,0.007587930726655954
0,dimuon,0.05,2233,0.0018835922156757723,0.007587930726655954
0,dimuon,0.05,2234,0.0018835922156757723,0.007587930726655954
0,dimuon,0.05,2235,0.0018835922156757723,0.007587930726655954
0,dimuon,0.05,2236,0.0018835922156757723,0.007587930726655954
0,dimuon,0.05,2237,0.0018835922156757723,0.007587930726655954
0,dimuon,0.05,2238,0.0018835922156757723,0.007587930726655954
0,dimuon,0.05,2239,0.0018835922156757723,0.007587930726655954
0,dimuon,0.05,2240,0.0018835922156757723,0.007587930726655954
0,dimuon,0.05,2241,0.0018835922156757723,0.007587930726655954
0,dimuon,0.05,2242,0.0018835922156757723,0.007587930726655954
0,dimuon,0.05,2243,0.0018835922156757723,0.007587930726655954
0,dimuon,0.05,2244,0.0018835922156757723,0.007587930726655954
0,dimuon,0.05,2245,0.0018835922156757723,0.007587930726655954
0,dimuon,0.05,2246,0.0018835922156757723,0.007587930726655954
0,dimuon,0.05,2247,0.0018835922156757723,0.007587930726655954
0,dimuon,0.05,2248,0.0018835922156757723,0.007587930726655954
0,dimuon,0.05,2249,0.0018835922156757723,0.007587930726655954
0,dimuon,0.05,2250,0.0018835922156757723,0.007587930726655954
0,dimuon,0.05,2251,0.0018835922156757723,0.007587930726655954
0,dimuon,0.05,2252,0.0018835922156757723,0.007587930726655954
0,dimuon,0.05,2253,0.0018835922156757723,0.007552222817354044
0,dimuon,0.05,2254,0.0018835922156757723,0.007123727905731119
0,dimuon,0.05,2255,0.0018835922156757723,0.0065970362435279414
5,muon,0.001,1,0,0
5,muon,0.001,2,0,0
5,muon,0.001,3,0,0
5,muon,0.001,4,0,0
5,muon,0.001,5,0,0
5,muon,0.001,6,0,0
5,muon,0.001,7,0,0
5,muon,0.001,8,0,0
5,muon,0.001,9,0,0
5,muon,0.001,10,0,0
5,muon,0.001,11,0,0
5,muon,0.001,12,0,0
5,muon,0.001,86,0.00018237814675950724,0.00018237814675950724
5,muon,0.001,302,0.00018237814675950724,0.00043885020532047846
5,muon,0.001,303,0.00018237814675950724,0.0006199785752544188
5,muon,0.001,304,0.00018237814675950724,0.0007878057489733976
5,muon,0.001,305,0.00018237814675950724,0.0009359935725763255
5,muon,0.001,306,0.00018237814675950724,0.0009663452954829495
5,muon,0.001,307,0.00018237814675950724,0.0009076950544545617
5,muon,0.001,308,0.00018237814675950724,0.0008186930905195501
5,muon,0.001,309,0.00018237814675950724,0.000709962506695233
5,muon,0.001,314,0.00018237814675950724,0.0004389394750937333
5,muon,0.001,315,0.00018237814675950724,0.0006199785752544188
5,muon,0.001,316,0.00018237814675950724,0.0007878057489733976
5,muon,0.001,317,0.00018237814675950724,0.0009359935725763255
5,muon,0.001,318,0.00018237814675950724,0.0009663452954829495
5,muon,0.001,319,0.00018237814675950724,0.0009076950544545617
5,muon,0.001,320,0.00018237814675950724,0.0008186930905195501
5,muon,0.001,321,0.00018237814675950724,0.000709962506695233
5,muon,0.001,326,0.00018237814675950724,0.0004389394750937333
5,muon,0.001,327,0.00018237814675950724,0.0006199785752544188
5,muon,0.001,328,0.00018237814675950724,0.0007878057489733976
5,muon,0.001,329,0.00018237814675950724,0.0009359935725763255
5,muon,0.001,330,0.00018237814675950724,0.0009663452954829495
5,muon,0.001,331,0.00018237814675950724,0.0009076950544545617
5,muon,0.001,332,0.00018237814675950724,0.0008186930905195501
5,muon,0.001,333,0.00018237814675950724,0.000709962506695233
5,muon,0.001,338,0.00018237814675950724,0.0004389394750937333
5,muon,0.001,339,0.00018237814675950724,0.0006199785752544188
5,muon,0.001,340,0.00018237814675950724,0.0007878057489733976
5,muon,0.001,341,0.00018237814675950724,0.0009359935725763255
5,muon,0.001,342,0.00018237814675950724,0.0009663452954829495
5,muon,0.001,343,0.00018237814675950724,0.0009076950544545617
5,muon,0.001,344,0.00018237814675950724,0.0008186930905195501
5,muon,0.001,345,0.00018237814675950724,0.000709962506695233
5,muon,0.001,350,0.00018237814675950724,0.0004389394750937333
5,muon,0.001,351,0.00018237814675950724,0.0006199785752544188
5,muon,0.001,352,0.00018237814675950724,0.0007878057489733976
5,muon,0.001,353,0.00018237814675950724,0.0009359935725763255
5,muon,0.001,354,0.00018237814675950724,0.0009663452954829495
5,muon,0.001,355,0.00018237814675950724,0.0009076950544545617
5,muon,0.001,356,0.00018237814675950724,0.0008186930905195501
5,muon,0.001,357,0.00018237814675950724,0.000709962506695233
5,muon,0.001,362,0.00018237814675950724,0.0004389394750937333
5,muon,0.001,363,0.00018237814675950724,0.0006199785752544188
5,muon,0.001,364,0.00018237814675950724,0.0007878057489733976
5,muon,0.001,365,0.00018237814675950724,0.0009359935725763255
5,muon,0.001,366,0.00018237814675950724,0.0009663452954829495
5,muon,0.001,367,0.00018237814675950724,0.0009076950544545617
5,muon,0.001,368,0.00018237814675950724,0.0008186930905195501
5,muon,0.001,369,0.00018237814675950724,0.000709962506695233
5,muon,0.001,374,0.00018237814675950724,0.0004389394750937333
5,muon,0.001,375,0.00018237814675950724,0.0006199785752544188
5,muon,0.001,376,0.00018237814675950724,0.0007878057489733976
5,muon,0.001,377,0.00018237814675950724,0.0009359935725763255
5,muon,0.001,378,0.00018237814675950724,0.0009663452954829495
5,muon,0.001,379,0.00018237814675950724,0.0009076950544545617
5,muon,0.001,380,0.00018237814675950724,0.0008186930905195501
5,muon,0.001,381,0.00018237814675950724,0.000709962506695233
5,muon,0.001,389,0.00018237814675950724,0.00043885020532047846
5,muon,0.001,390,0.00018237814675950724,0.0006199785752544188
5,muon,0.001,391,0.00018237814675950724,0.0007878057489733976
5,muon,0.001,392,0.00018237814675950724,0.0009359935725763255
5,muon,0.001,393,0.00018237814675950724,0.0009663452954829495
5,muon,0.001,394,0.00018237814675950724,0.0009664345652562042
5,muon,0.001,395,0.00018237814675950724,0.0009664345652562042
5,muon,0.001,396,0.00018237814675950724,0.0009664345652562042
5,muon,0.001,397,0.00018237814675950724,0.0009664345652562042
5,muon,0.001,398,0.00018237814675950724,0.0009664345652562042
5,muon,0.001,399,0.00018237814675950724,0.0009664345652562042
5,muon,0.001,400,0.00018237814675950724,0.0009664345652562042
5,muon,0.001,401,0.00018237814675950724,0.0009664345652562042
5,muon,0.001,402,0.00018237814675950724,0.0009664345652562042
5,muon,0.001,403,0.00018237814675950724,0.0009664345652562042
5,muon,0.001,404,0.00018237814675950724,0.0009664345652562042
5,muon,0.001,405,0.00018237814675950724,0.0009664345652562042
5,muon,0.001,406,0.00018237814675950724,0.0009664345652562042
5,muon,0.001,407,0.00018237814675950724,0.0009664345652562042
5,muon,0.001,408,0.00018237814675950724,0.0009664345652562042
5,muon,0.001,409,0.00018237814675950724,0.0009664345652562042
5,muon,0.001,410,0.00018237814675950724,0.0009664345652562042
5,muon,0.001,411,0.00018237814675950724,0.0009664345652562042
5,muon,0.001,412,0.00018237814675950724,0.0009664345652562042
5,muon,0.001,413,0.00018237814675950724,0.0009664345652562042
5,muon,0.001,414,0.00018237814675950724,0.0009664345652562042
5,muon,0.001,415,0.00018237814675950724,0.0009664345652562042
5,muon,0.001,416,0.00018237814675950724,0.0009664345652562042
5,muon,0.001,417,0.00018237814675950724,0.0009664345652562042
5,muon,0.001,418,0.00018237814675950724,0.0009664345652562042
5,muon,0.001,419,0.00018237814675950724,0.0009664345652562042
5,muon,0.001,420,0.00018237814675950724,0.0009664345652562042
5,muon,0.001,421,0.00018237814675950724,0.0009664345652562042
5,muon,0.001,422,0.00018237814675950724,0.0009076950544545617
5,muon,0.001,423,0.00018237814675950724,0.0008186930905195501
5,muon,0.001,424,0.00018237814675950724,0.000709962506695233
5,muon,0.001,432,0.00018237814675950724,0.00043885020532047846
5,muon,0.001,433,0.00018237814675950724,0.0006199785752544188
5,muon,0.001,434,0.00018237814675950724,0.0007878057489733976
5,muon,0.001,435,0.00018237814675950724,0.0009359935725763255
5,muon,0.001,436,0.00018237814675950724,0.0009663452954829495
5,muon,0.001,437,0.00018237814675950724,0.0009664345652562042
5,muon,0.001,438,0.00018237814675950724,0.0009664345652562042
5,muon,0.001,439,0.00018237814675950724,0.0009664345652562042
5,muon,0.001,440,0.00018237814675950724,0.0009664345652562042
5,muon,0.001,441,0.00018237814675950724,0.0009664345652562042
5,muon,0.001,442,0.00018237814675950724,0.0009664345652562042
5,muon,0.001,443,0.00018237814675950724,0.0009664345652562042
5,muon,0.001,444,0.00018237814675950724,0.0009664345652562042
5,muon,0.001,445,0.00018237814675950724,0.0009664345652562042
5,muon,0.001,446,0.00018237814675950724,0.0009664345652562042
5,muon,0.001,447,0.00018237814675950724,0.0009664345652562042
5,muon,0.001,448,0.00018237814675950724,0.0009664345652562042
5,muon,0.001,449,0.00018237814675950724,0.0009664345652562042
5,muon,0.001,450,0.00018237814675950724,0.0009664345652562042
5,muon,0.001,451,0.00018237814675950724,0.0009664345652562042
5,muon,0.001,452,0.00018237814675950724,0.0009664345652562042
5,muon,0.001,453,0.00018237814675950724,0.0009664345652562042
5,muon,0.001,454,0.00018237814675950724,0.0009664345652562042
5,muon,0.001,455,0.00018237814675950724,0.0009664345652562042
5,muon,0.001,456,0.00018237814675950724,0.0009664345652562042
5,muon,0.001,457,0.00018237814675950724,0.0009664345652562042
5,muon,0.001,458,0.00018237814675950724,0.0009664345652562042
5,muon,0.001,459,0.00018237814675950724,0.0009664345652562042
5,muon,0.001,460,0.00018237814675950724,0.0009664345652562042
5,muon,0.001,461,0.00018237814675950724,0.0009664345652562042
5,muon,0.001,462,0.00018237814675950724,0.0009664345652562042
5,muon,0.001,463,0.00018237814675950724,0.0009664345652562042
5,muon,0.001,464,0.00018237814675950724,0.0009664345652562042
5,muon,0.001,465,0.00018237814675950724,0.0009076950544545617
5,muon,0.001,466,0.00018237814675950724,0.0008186930905195501
5,muon,0.001,467,0.00018237814675950724,0.000709962506695233
5,muon,0.001,977,0,0
5,muon,0.001,1196,0.00018237814675950724,0.00043885020532047846
5,muon,0.001,1197,0.00018237814675950724,0.0006199785752544188
5,muon,0.001,1198,0.00018237814675950724,0.0007878057489733976
5,muon,0.001,1199,0.00018237814675950724,0.0009359935725763255
5,muon,0.001,1200,0.00018237814675950724,0.0009663452954829495
5,muon,0.001,1201,0.00018237814675950724,0.0009076950544545617
5,muon,0.001,1202,0.00018237814675950724,0.0008186930905195501
5,muon,0.001,1203,0.00018237814675950724,0.000709962506695233
5,muon,0.001,1208,0.00018237814675950724,0.0004389394750937333
5,muon,0.001,1209,0.00018237814675950724,0.0006199785752544188
5,muon,0.001,1210,0.00018237814675950724,0.0007878057489733976
5,muon,0.001,1211,0.00018237814675950724,0.0009359935725763255
5,muon,0.001,1212,0.00018237814675950724,0.0009663452954829495
5,muon,0.001,1213,0.00018237814675950724,0.0009076950544545617
5,muon,0.001,1214,0.00018237814675950724,0.0008186930905195501
5,muon,0.001,1215,0.00018237814675950724,0.000709962506695233
5,muon,0.001,1220,0.00018237814675950724,0.0004389394750937333
5,muon,0.001,1221,0.00018237814675950724,0.0006199785752544188
5,muon,0.001,1222,0.00018237814675950724,0.0007878057489733976
5,muon,0.001,1223,0.00018237814675950724,0.0009359935725763255
5,muon,0.001,1224,0.00018237814675950724,0.0009663452954829495
5,muon,0.001,1225,0.00018237814675950724,0.0009076950544545617
5,muon,0.001,1226,0.00018237814675950724,0.0008186930905195501
5,muon,0.001,1227,0.00018237814675950724,0.000709962506695233
5,muon,0.001,1232,0.00018237814675950724,0.0004389394750937333
5,muon,0.001,1233,0.00018237814675950724,0.0006199785752544188
5,muon,0.001,1234,0.00018237814675950724,0.0007878057489733976
5,muon,0.001,1235,0.00018237814675950724,0.0009359935725763255
5,muon,0.001,1236,0.00018237814675950724,0.0009663452954829495
5,muon,0.001,1237,0.00018237814675950724,0.0009076950544545617
5,muon,0.001,1238,0.00018237814675950724,0.0008186930905195501
5,muon,0.001,1239,0.00018237814675950724,0.000709962506695233
5,muon,0.001,1244,0.00018237814675950724,0.0004389394750937333
5,muon,0.001,1245,0.00018237814675950724,0.0006199785752544188
5,muon,0.001,1246,0.00018237814675950724,0.0007878057489733976
5,muon,0.001,1247,0.00018237814675950724,0.0009359935725763255
5,muon,0.001,1248,0.00018237814675950724,0.0009663452954829495
5,muon,0.001,1249,0.00018237814675950724,0.0009076950544545617
5,muon,0.001,1250,0.00018237814675950724,0.0008186930905195501
5,muon,0.001,1251,0.00018237814675950724,0.000709962506695233
5,muon,0.001,1256,0.00018237814675950724,0.0004389394750937333
5,muon,0.001,1257,0.00018237814675950724,0.0006199785752544188
5,muon,0.001,1258,0.00018237814675950724,0.0007878057489733976
5,muon,0.001,1259,0.00018237814675950724,0.0009359935725763255
5,muon,0.001,1260,0.00018237814675950724,0.0009663452954829495
5,muon,0.001,1261,0.00018237814675950724,0.0009076950544545617
5,muon,0.001,1262,0.00018237814675950724,0.0008186930905195501
5,muon,0.001,1263,0.00018237814675950724,0.000709962506695233
5,muon,0.001,1268,0.00018237814675950724,0.0004389394750937333
5,muon,0.001,1269,0.00018237814675950724,0.0006199785752544188
5,muon,0.001,1270,0.00018237814675950724,0.0007878057489733976
5,muon,0.001,1271,0.00018237814675950724,0.0009359935725763255
5,muon,0.001,1272,0.00018237814675950724,0.0009663452954829495
5,muon,0.001,1273,0.00018237814675950724,0.0009076950544545617
5,muon,0.001,1274,0.00018237814675950724,0.0008186930905195501
5,muon,0.001,1275,0.00018237814675950724,0.000709962506695233
5,muon,0.001,1283,0.00018237814675950724,0.00043885020532047846
5,muon,0.001,1284,0.00018237814675950724,0.0006199785752544188
5,muon,0.001,1285,0.00018237814675950724,0.0007878057489733976
5,muon,0.001,1286,0.00018237814675950724,0.0009359935725763255
5,muon,0.001,1287,0.00018237814675950724,0.0009663452954829495
5,muon,0.001,1288,0.00018237814675950724,0.0009664345652562042
5,muon,0.001,1289,0.00018237814675950724,0.0009664345652562042
5,muon,0.001,1290,0.00018237814675950724,0.0009664345652562042
5,muon,0.001,1291,0.00018237814675950724,0.0009664345652562042
5,muon,0.001,1292,0.00018237814675950724,0.0009664345652562042
5,muon,0.001,1293,0.00018237814675950724,0.0009664345652562042
5,muon,0.001,1294,0.00018237814675950724,0.0009664345652562042
5,muon,0.001,1295,0.00018237814675950724,0.0009664345652562042
5,muon,0.001,1296,0.00018237814675950724,0.0009664345652562042
5,muon,0.001,1297,0.00018237814675950724,0.0009664345652562042
5,muon,0.001,1298,0.00018237814675950724,0.0009664345652562042
5,muon,0.001,1299,0.00018237814675950724,0.0009664345652562042
5,muon,0.001,1300,0.00018237814675950724,0.0009664345652562042
5,muon,0.001,1301,0.00018237814675950724,0.0009664345652562042
5,muon,0.001,1302,0.00018237814675950724,0.0009664345652562042
5,muon,0.001,1303,0.00018237814675950724,0.0009664345652562042
5,muon,0.001,1304,0.00018237814675950724,0.0009664345652562042
5,muon,0.001,1305,0.00018237814675950724,0.0009664345652562042
5,muon,0.001,1306,0.00018237814675950724,0.0009664345652562042
5,muon,0.001,1307,0.00018237814675950724,0.0009664345652562042
5,muon,0.001,1308,0.00018237814675950724,0.0009664345652562042
5,muon,0.001,1309,0.00018237814675950724,0.0009664345652562042
5,muon,0.001,1310,0.00018237814675950724,0.0009664345652562042
5,muon,0.001,1311,0.00018237814675950724,0.0009664345652562042
5,muon,0.001,1312,0.00018237814675950724,0.0009664345652562042
5,muon,0.001,1313,0.00018237814675950724,0.0009664345652562042
5,muon,0.001,1314,0.00018237814675950724,0.0009664345652562042
5,muon,0.001,1315,0.00018237814675950724,0.0009664345652562042
5,muon,0.001,1316,0.00018237814675950724,0.0009076950544545617
5,muon,0.001,1317,0.00018237814675950724,0.0008186930905195501
5,muon,0.001,1318,0.00018237814675950724,0.000709962506695233
5,muon,0.001,1326,0.00018237814675950724,0.00043885020532047846
5,muon,0.001,1327,0.00018237814675950724,0.0006199785752544188
5,muon,0.001,1328,0.00018237814675950724,0.0007878057489733976
5,muon,0.001,1329,0.00018237814675950724,0.0009359935725763255
5,muon,0.001,1330,0.00018237814675950724,0.0009663452954829495
5,muon,0.001,1331,0.00018237814675950724,0.0009664345652562042
5,muon,0.001,1332,0.00018237814675950724,0.0009664345652562042
5,muon,0.001,1333,0.00018237814675950724,0.0009664345652562042
5,muon,0.001,1334,0.00018237814675950724,0.0009664345652562042
5,muon,0.001,1335,0.00018237814675950724,0.0009664345652562042
5,muon,0.001,1336,0.00018237814675950724,0.0009664345652562042
5,muon,0.001,1337,0.00018237814675950724,0.0009664345652562042
5,muon,0.001,1338,0.00018237814675950724,0.0009664345652562042
5,muon,0.001,1339,0.00018237814675950724,0.0009664345652562042
5,muon,0.001,1340,0.00018237814675950724,0.0009664345652562042
5,muon,0.001,1341,0.00018237814675950724,0.0009664345652562042
5,muon,0.001,1342,0.00018237814675950724,0.0009664345652562042
5,muon,0.001,1343,0.00018237814675950724,0.0009664345652562042
5,muon,0.001,1344,0.00018237814675950724,0.0009664345652562042
5,muon,0.001,1345,0.00018237814675950724,0.0009664345652562042
5,muon,0.001,1346,0.00018237814675950724,0.0009664345652562042
5,muon,0.001,1347,0.00018237814675950724,0.0009664345652562042
5,muon,0.001,1348,0.00018237814675950724,0.0009664345652562042
5,muon,0.001,1349,0.00018237814675950724,0.0009664345652562042
5,muon,0.001,1350,0.00018237814675950724,0.0009664345652562042
5,muon,0.001,1351,0.00018237814675950724,0.0009664345652562042
5,muon,0.001,1352,0.00018237814675950724,0.0009664345652562042
5,muon,0.001,1353,0.00018237814675950724,0.0009664345652562042
5,muon,0.001,1354,0.00018237814675950724,0.0009664345652562042
5,muon,0.001,1355,0.00018237814675950724,0.0009664345652562042
5,muon,0.001,1356,0.00018237814675950724,0.0009664345652562042
5,muon,0.001,1357,0.00018237814675950724,0.0009664345652562042
5,muon,0.001,1358,0.00018237814675950724,0.0009664345652562042
5,muon,0.001,1359,0.00018237814675950724,0.0009076950544545617
5,muon,0.001,1360,0.00018237814675950724,0.0008186930905195501
5,muon,0.001,1361,0.00018237814675950724,0.000709962506695233
5,muon,0.001,1871,0.00018237814675950724,0.00018237814675950724
5,muon,0.001,2090,0.00018237814675950724,0.00043885020532047846
5,muon,0.001,2091,0.00018237814675950724,0.0006199785752544188
5,muon,0.001,2092,0.00018237814675950724,0.0007878057489733976
5,muon,0.001,2093,0.00018237814675950724,0.0009359935725763255
5,muon,0.001,2094,0.00018237814675950724,0.0009663452954829495
5,muon,0.001,2095,0.00018237814675950724,0.0009076950544545617
5,muon,0.001,2096,0.00018237814675950724,0.0008186930905195501
5,muon,0.001,2097,0.00018237814675950724,0.000709962506695233
5,muon,0.001,2102,0.00018237814675950724,0.0004389394750937333
5,muon,0.001,2103,0.00018237814675950724,0.0006199785752544188
5,muon,0.001,2104,0.00018237814675950724,0.0007878057489733976
5,muon,0.001,2105,0.00018237814675950724,0.0009359935725763255
5,muon,0.001,2106,0.00018237814675950724,0.0009663452954829495
5,muon,0.001,2107,0.00018237814675950724,0.0009076950544545617
5,muon,0.001,2108,0.00018237814675950724,0.0008186930905195501
5,muon,0.001,2109,0.00018237814675950724,0.000709962506695233
5,muon,0.001,2114,0.00018237814675950724,0.0004389394750937333
5,muon,0.001,2115,0.00018237814675950724,0.0006199785752544188
5,muon,0.001,2116,0.00018237814675950724,0.0007878057489733976
5,muon,0.001,2117,0.00018237814675950724,0.0009359935725763255
5,muon,0.001,2118,0.00018237814675950724,0.0009663452954829495
5,muon,0.001,2119,0.00018237814675950724,0.0009076950544545617
5,muon,0.001,2120,0.00018237814675950724,0.0008186930905195501
5,muon,0.001,2121,0.00018237814675950724,0.000709962506695233
5,muon,0.001,2126,0.00018237814675950724,0.0004389394750937333
5,muon,0.001,2127,0.00018237814675950724,0.0006199785752544188
5,muon,0.001,2128,0.00018237814675950724,0.0007878057489733976
5,muon,0.001,2129,0.00018237814675950724,0.0009359935725763255
5,muon,0.001,2130,0.00018237814675950724,0.0009663452954829495
5,muon,0.001,2131,0.00018237814675950724,0.0009076950544545617
5,muon,0.001,2132,0.00018237814675950724,0.0008186930905195501
5,muon,0.001,2133,0.00018237814675950724,0.000709962506695233
5,muon,0.001,2138,0.00018237814675950724,0.0004389394750937333
5,muon,0.001,2139,0.00018237814675950724,0.0006199785752544188
5,muon,0.001,2140,0.00018237814675950724,0.0007878057489733976
5,muon,0.001,2141,0.00018237814675950724,0.0009359935725763255
5,muon,0.001,2142,0.00018237814675950724,0.0009663452954829495
5,muon,0.001,2143,0.00018237814675950724,0.0009076950544545617
5,muon,0.001,2144,0.00018237814675950724,0.0008186930905195501
5,muon,0.001,2145,0.00018237814675950724,0.000709962506695233
5,muon,0.001,2150,0.00018237814675950724,0.0004389394750937333
5,muon,0.001,2151,0.00018237814675950724,0.0006199785752544188
5,muon,0.001,2152,0.00018237814675950724,0.0007878057489733976
5,muon,0.001,2153,0.00018237814675950724,0.0009359935725763255
5,muon,0.001,2154,0.00018237814675950724,0.0009663452954829495
5,muon,0.001,2155,0.00018237814675950724,0.0009076950544545617
5,muon,0.001,2156,0.00018237814675950724,0.0008186930905195501
5,muon,0.001,2157,0.00018237814675950724,0.000709962506695233
5,muon,0.001,2162,0.00018237814675950724,0.0004389394750937333
5,muon,0.001,2163,0.00018237814675950724,0.0006199785752544188
5,muon,0.001,2164,0.00018237814675950724,0.0007878057489733976
5,muon,0.001,2165,0.00018237814675950724,0.0009359935725763255
5,muon,0.001,2166,0.00018237814675950724,0.0009663452954829495
5,muon,0.001,2167,0.00018237814675950724,0.0009076950544545617
5,muon,0.001,2168,0.00018237814675950724,0.0008186930905195501
5,muon,0.001,2169,0.00018237814675950724,0.000709962506695233
5,muon,0.001,2177,0.00018237814675950724,0.00043885020532047846
5,muon,0.001,2178,0.00018237814675950724,0.0006199785752544188
5,muon,0.001,2179,0.00018237814675950724,0.0007878057489733976
5,muon,0.001,2180,0.00018237814675950724,0.0009359935725763255
5,muon,0.001,2181,0.00018237814675950724,0.0009663452954829495
5,muon,0.001,2182,0.00018237814675950724,0.0009664345652562042
5,muon,0.001,2183,0.00018237814675950724,0.0009664345652562042
5,muon,0.001,2184,0.00018237814675950724,0.0009664345652562042
5,muon,0.001,2185,0.00018237814675950724,0.0009664345652562042
5,muon,0.001,2186,0.00018237814675950724,0.0009664345652562042
5,muon,0.001,2187,0.00018237814675950724,0.0009664345652562042
5,muon,0.001,2188,0.00018237814675950724,0.0009664345652562042
5,muon,0.001,2189,0.00018237814675950724,0.0009664345652562042
5,muon,0.001,2190,0.00018237814675950724,0.0009664345652562042
5,muon,0.001,2191,0.00018237814675950724,0.0009664345652562042
5,muon,0.001,2192,0.00018237814675950724,0.0009664345652562042
5,muon,0.001,2193,0.00018237814675950724,0.0009664345652562042
5,muon,0.001,2194,0.00018237814675950724,0.0009664345652562042
5,muon,0.001,2195,0.00018237814675950724,0.0009664345652562042
5,muon,0.001,2196,0.00018237814675950724,0.0009664345652562042
5,muon,0.001,2197,0.00018237814675950724,0.0009664345652562042
5,muon,0.001,2198,0.00018237814675950724,0.0009664345652562042
5,muon,0.001,2199,0.00018237814675950724,0.0009664345652562042
5,muon,0.001,2200,0.00018237814675950724,0.0009664345652562042
5,muon,0.001,2201,0.00018237814675950724,0.0009664345652562042
5,muon,0.001,2202,0.00018237814675950724,0.0009664345652562042
5,muon,0.001,2203,0.00018237814675950724,0.0009664345652562042
5,muon,0.001,2204,0.00018237814675950724,0.0009664345652562042
5,muon,0.001,2205,0.00018237814675950724,0.0009664345652562042
5,muon,0.001,2206,0.00018237814675950724,0.0009664345652562042
5,muon,0.001,2207,0.00018237814675950724,0.0009664345652562042
5,muon,0.001,2208,0.00018237814675950724,0.0009664345652562042
5,muon,0.001,2209,0.00018237814675950724,0.0009664345652562042
5,muon,0.001,2210,0.00018237814675950724,0.0009076950544545617
5,muon,0.001,2211,0.00018237814675950724,0.0008186930905195501
5,muon,0.001,2212,0.00018237814675950724,0.000709962506695233
5,muon,0.001,2220,0.00018237814675950724,0.00043885020532047846
5,muon,0.001,2221,0.00018237814675950724,0.0006199785752544188
5,muon,0.001,2222,0.00018237814675950724,0.0007878057489733976
5,muon,0.001,2223,0.00018237814675950724,0.0009359935725763255
5,muon,0.001,2224,0.00018237814675950724,0.0009663452954829495
5,muon,0.001,2225,0.00018237814675950724,0.0009664345652562042
5,muon,0.001,2226,0.00018237814675950724,0.0009664345652562042
5,muon,0.001,2227,0.00018237814675950724,0.0009664345652562042
5,muon,0.001,2228,0.00018237814675950724,0.0009664345652562042
5,muon,0.001,2229,0.00018237814675950724,0.0009664345652562042
5,muon,0.001,2230,0.00018237814675950724,0.0009664345652562042
5,muon,0.001,2231,0.00018237814675950724,0.0009664345652562042
5,muon,0.001,2232,0.00018237814675950724,0.0009664345652562042
5,muon,0.001,2233,0.00018237814675950724,0.0009664345652562042
5,muon,0.001,2234,0.00018237814675950724,0.0009664345652562042
5,muon,0.001,2235,0.00018237814675950724,0.0009664345652562042
5,muon,0.001,2236,0.00018237814675950724,0.0009664345652562042
5,muon,0.001,2237,0.00018237814675950724,0.0009664345652562042
5,muon,0.001,2238,0.00018237814675950724,0.0009664345652562042
5,muon,0.001,2239,0.00018237814675950724,0.0009664345652562042
5,muon,0.001,2240,0.00018237814675950724,0.0009664345652562042
5,muon,0.001,2241,0.00018237814675950724,0.0009664345652562042
5,muon,0.001,2242,0.00018237814675950724,0.0009664345652562042
5,muon,0.001,2243,0.00018237814675950724,0.0009664345652562042
5,muon,0.001,2244,0.00018237814675950724,0.0009664345652562042
5,muon,0.001,2245,0.00018237814675950724,0.0009664345652562042
5,muon,0.001,2246,0.00018237814675950724,0.0009664345652562042
5,muon,0.001,2247,0.00018237814675950724,0.0009664345652562042
5,muon,0.001,2248,0.00018237814675950724,0.0009664345652562042
5,muon,0.001,2249,0.00018237814675950724,0.0009664345652562042
5,muon,0.001,2250,0.00018237814675950724,0.0009664345652562042
5,muon,0.001,2251,0.00018237814675950724,0.0009664345652562042
5,muon,0.001,2252,0.00018237814675950724,0.0009664345652562042
5,muon,0.001,2253,0.00018237814675950724,0.0009076950544545617
5,muon,0.001,2254,0.00018237814675950724,0.0008186930905195501
5,muon,0.001,2255,0.00018237814675950724,0.000709962506695233
5,muon,0.01,1,0,0
5,muon,0.01,2,0,0
5,muon,0.01,3,0,0
5,muon,0.01,4,0,0
5,muon,0.01,5,0,0
5,muon,0.01,6,0,0
5,muon,0.01,7,0,0
5,muon,0.01,8,0,0
5,muon,0.01,9,0,0
5,muon,0.01,10,0,0
5,muon,0.01,11,0,0
5,muon,0.01,12,0,0
5,muon,0.01,86,0.0018237814675950723,0.0018237814675950723
5,muon,0.01,302,0.0018237814675950723,0.004388502053204785
5,muon,0.01,303,0.0018237814675950723,0.006199785752544188
5,muon,0.01,304,0.0018237814675950723,0.007878057489733976
5,muon,0.01,305,0.0018237814675950723,0.009359935725763257
5,muon,0.01,306,0.0018237814675950723,0.009663452954829494
5,muon,0.01,307,0.0018237814675950723,0.009076950544545617
5,muon,0.01,308,0.0018237814675950723,0.0081869309051955
5,muon,0.01,309,0.0018237814675950723,0.00709962506695233
5,muon,0.01,314,0.0018237814675950723,0.004389394750937333
5,muon,0.01,315,0.0018237814675950723,0.006199785752544188
5,muon,0.01,316,0.0018237814675950723,0.007878057489733976
5,muon,0.01,317,0.0018237814675950723,0.009359935725763257
5,muon,0.01,318,0.0018237814675950723,0.009663452954829494
5,muon,0.01,319,0.0018237814675950723,0.009076950544545617
5,muon,0.01,320,0.0018237814675950723,0.0081869309051955
5,muon,0.01,321,0.0018237814675950723,0.00709962506695233
5,muon,0.01,326,0.0018237814675950723,0.004389394750937333
5,muon,0.01,327,0.0018237814675950723,0.006199785752544188
5,muon,0.01,328,0.0018237814675950723,0.007878057489733976
5,muon,0.01,329,0.0018237814675950723,0.009359935725763257
5,muon,0.01,330,0.0018237814675950723,0.009663452954829494
5,muon,0.01,331,0.0018237814675950723,0.009076950544545617
5,muon,0.01,332,0.0018237814675950723,0.0081869309051955
5,muon,0.01,333,0.0018237814675950723,0.00709962506695233
5,muon,0.01,338,0.0018237814675950723,0.004389394750937333
5,muon,0.01,339,0.0018237814675950723,0.006199785752544188
5,muon,0.01,340,0.0018237814675950723,0.007878057489733976
5,muon,0.01,341,0.0018237814675950723,0.009359935725763257
5,muon,0.01,342,0.0018237814675950723,0.009663452954829494
5,muon,0.01,343,0.0018237814675950723,0.009076950544545617
5,muon,0.01,344,0.0018237814675950723,0.0081869309051955
5,muon,0.01,345,0.0018237814675950723,0.00709962506695233
5,muon,0.01,350,0.0018237814675950723,0.004389394750937333
5,muon,0.01,351,0.0018237814675950723,0.006199785752544188
5,muon,0.01,352,0.0018237814675950723,0.007878057489733976
5,muon,0.01,353,0.0018237814675950723,0.009359935725763257
5,muon,0.01,354,0.0018237814675950723,0.009663452954829494
5,muon,0.01,355,0.0018237814675950723,0.009076950544545617
5,muon,0.01,356,0.0018237814675950723,0.0081869309051955
5,muon,0.01,357,0.0018237814675950723,0.00709962506695233
5,muon,0.01,362,0.0018237814675950723,0.004389394750937333
5,muon,0.01,363,0.0018237814675950723,0.006199785752544188
5,muon,0.01,364,0.0018237814675950723,0.007878057489733976
5,muon,0.01,365,0.0018237814675950723,0.009359935725763257
5,muon,0.01,366,0.0018237814675950723,0.009663452954829494
5,muon,0.01,367,0.0018237814675950723,0.009076950544545617
5,muon,0.01,368,0.0018237814675950723,0.0081869309051955
5,muon,0.01,369,0.0018237814675950723,0.00709962506695233
5,muon,0.01,374,0.0018237814675950723,0.004389394750937333
5,muon,0.01,375,0.0018237814675950723,0.006199785752544188
5,muon,0.01,376,0.0018237814675950723,0.007878057489733976
5,muon,0.01,377,0.0018237814675950723,0.009359935725763257
5,muon,0.01,378,0.0018237814675950723,0.009663452954829494
5,muon,0.01,379,0.0018237814675950723,0.009076950544545617
5,muon,0.01,380,0.0018237814675950723,0.0081869309051955
5,muon,0.01,381,0.0018237814675950723,0.00709962506695233
5,muon,0.01,389,0.0018237814675950723,0.004388502053204785
5,muon,0.01,390,0.0018237814675950723,0.006199785752544188
5,muon,0.01,391,0.0018237814675950723,0.007878057489733976
5,muon,0.01,392,0.0018237814675950723,0.009359935725763257
5,muon,0.01,393,0.0018237814675950723,0.009663452954829494
5,muon,0.01,394,0.0018237814675950723,0.009664345652562042
5,muon,0.01,395,0.0018237814675950723,0.009664345652562042
5,muon,0.01,396,0.0018237814675950723,0.009664345652562042
5,muon,0.01,397,0.0018237814675950723,0.009664345652562042
5,muon,0.01,398,0.0018237814675950723,0.009664345652562042
5,muon,0.01,399,0.0018237814675950723,0.009664345652562042
5,muon,0.01,400,0.0018237814675950723,0.009664345652562042
5,muon,0.01,401,0.0018237814675950723,0.009664345652562042
5,muon,0.01,402,0.0018237814675950723,0.009664345652562042
5,muon,0.01,403,0.0018237814675950723,0.009664345652562042
5,muon,0.01,404,0.0018237814675950723,0.009664345652562042
5,muon,0.01,405,0.0018237814675950723,0.009664345652562042
5,muon,0.01,406,0.0018237814675950723,0.009664345652562042
5,muon,0.01,407,0.0018237814675950723,0.009664345652562042
5,muon,0.01,408,0.0018237814675950723,0.009664345652562042
5,muon,0.01,409,0.0018237814675950723,0.009664345652562042
5,muon,0.01,410,0.0018237814675950723,0.009664345652562042
5,muon,0.01,411,0.0018237814675950723,0.009664345652562042
5,muon,0.01,412,0.0018237814675950723,0.009664345652562042
5,muon,0.01,413,0.0018237814675950723,0.009664345652562042
5,muon,0.01,414,0.0018237814675950723,0.009664345652562042
5,muon,0.01,415,0.0018237814675950723,0.009664345652562042
5,muon,0.01,416,0.0018237814675950723,0.009664345652562042
5,muon,0.01,417,0.0018237814675950723,0.009664345652562042
5,muon,0.01,418,0.0018237814675950723,0.009664345652562042
5,muon,0.01,419,0.0018237814675950723,0.009664345652562042
5,muon,0.01,420,0.0018237814675950723,0.009664345652562042
5,muon,0.01,421,0.0018237814675950723,0.009664345652562042
5,muon,0.01,422,0.0018237814675950723,0.009076950544545617
5,muon,0.01,423,0.0018237814675950723,0.0081869309051955
5,muon,0.01,424,0.0018237814675950723,0.00709962506695233
5,muon,0.01,432,0.0018237814675950723,0.004388502053204785
5,muon,0.01,433,0.0018237814675950723,0.006199785752544188
5,muon,0.01,434,0.0018237814675950723,0.007878057489733976
5,muon,0.01,435,0.0018237814675950723,0.009359935725763257
5,muon,0.01,436,0.0018237814675950723,0.009663452954829494
5,muon,0.01,437,0.0018237814675950723,0.009664345652562042
5,muon,0.01,438,0.0018237814675950723,0.009664345652562042
5,muon,0.01,439,0.0018237814675950723,0.009664345652562042
5,muon,0.01,440,0.0018237814675950723,0.009664345652562042
5,muon,0.01,441,0.0018237814675950723,0.009664345652562042
5,muon,0.01,442,0.0018237814675950723,0.009664345652562042
5,muon,0.01,443,0.0018237814675950723,0.009664345652562042
5,muon,0.01,444,0.0018237814675950723,0.009664345652562042
5,muon,0.01,445,0.0018237814675950723,0.009664345652562042
5,muon,0.01,446,0.0018237814675950723,0.009664345652562042
5,muon,0.01,447,0.0018237814675950723,0.009664345652562042
5,muon,0.01,448,0.0018237814675950723,0.009664345652562042
5,muon,0.01,449,0.0018237814675950723,0.009664345652562042
5,muon,0.01,450,0.0018237814675950723,0.009664345652562042
5,muon,0.01,451,0.0018237814675950723,0.009664345652562042
5,muon,0.01,452,0.0018237814675950723,0.009664345652562042
5,muon,0.01,453,0.0018237814675950723,0.009664345652562042
5,muon,0.01,454,0.0018237814675950723,0.009664345652562042
5,muon,0.01,455,0.0018237814675950723,0.009664345652562042
5,muon,0.01,456,0.0018237814675950723,0.009664345652562042
5,muon,0.01,457,0.0018237814675950723,0.009664345652562042
5,muon,0.01,458,0.0018237814675950723,0.009664345652562042
5,muon,0.01,459,0.0018237814675950723,0.009664345652562042
5,muon,0.01,460,0.0018237814675950723,0.009664345652562042
5,muon,0.01,461,0.0018237814675950723,0.009664345652562042
5,muon,0.01,462,0.0018237814675950723,0.009664345652562042
5,muon,0.01,463,0.0018237814675950723,0.009664345652562042
5,muon,0.01,464,0.0018237814675950723,0.009664345652562042
5,muon,0.01,465,0.0018237814675950723,0.009076950544545617
5,muon,0.01,466,0.0018237814675950723,0.0081869309051955
5,muon,0.01,467,0.0018237814675950723,0.00709962506695233
5,muon,0.01,977,0,0
5,muon,0.01,1196,0.0018237814675950723,0.004388502053204785
5,muon,0.01,1197,0.0018237814675950723,0.006199785752544188
5,muon,0.01,1198,0.0018237814675950723,0.007878057489733976
5,muon,0.01,1199,0.0018237814675950723,0.009359935725763257
5,muon,0.01,1200,0.0018237814675950723,0.009663452954829494
5,muon,0.01,1201,0.0018237814675950723,0.009076950544545617
5,muon,0.01,1202,0.0018237814675950723,0.0081869309051955
5,muon,0.01,1203,0.0018237814675950723,0.00709962506695233
5,muon,0.01,1208,0.0018237814675950723,0.004389394750937333
5,muon,0.01,1209,0.0018237814675950723,0.006199785752544188
5,muon,0.01,1210,0.0018237814675950723,0.007878057489733976
5,muon,0.01,1211,0.0018237814675950723,0.009359935725763257
5,muon,0.01,1212,0.0018237814675950723,0.009663452954829494
5,muon,0.01,1213,0.0018237814675950723,0.009076950544545617
5,muon,0.01,1214,0.0018237814675950723,0.0081869309051955
5,muon,0.01,1215,0.0018237814675950723,0.00709962506695233
5,muon,0.01,1220,0.0018237814675950723,0.004389394750937333
5,muon,0.01,1221,0.0018237814675950723,0.006199785752544188
5,muon,0.01,1222,0.0018237814675950723,0.007878057489733976
5,muon,0.01,1223,0.0018237814675950723,0.009359935725763257
5,muon,0.01,1224,0.0018237814675950723,0.009663452954829494
5,muon,0.01,1225,0.0018237814675950723,0.009076950544545617
5,muon,0.01,1226,0.0018237814675950723,0.0081869309051955
5,muon,0.01,1227,0.0018237814675950723,0.00709962506695233
5,muon,0.01,1232,0.0018237814675950723,0.004389394750937333
5,muon,0.01,1233,0.0018237814675950723,0.006199785752544188
5,muon,0.01,1234,0.0018237814675950723,0.007878057489733976
5,muon,0.01,1235,0.0018237814675950723,0.009359935725763257
5,muon,0.01,1236,0.0018237814675950723,0.009663452954829494
5,muon,0.01,1237,0.0018237814675950723,0.009076950544545617
5,muon,0.01,1238,0.0018237814675950723,0.0081869309051955
5,muon,0.01,1239,0.0018237814675950723,0.00709962506695233
5,muon,0.01,1244,0.0018237814675950723,0.004389394750937333
5,muon,0.01,1245,0.0018237814675950723,0.006199785752544188
5,muon,0.01,1246,0.0018237814675950723,0.007878057489733976
5,muon,0.01,1247,0.0018237814675950723,0.009359935725763257
5,muon,0.01,1248,0.0018237814675950723,0.009663452954829494
5,muon,0.01,1249,0.0018237814675950723,0.009076950544545617
5,muon,0.01,1250,0.0018237814675950723,0.0081869309051955
5,muon,0.01,1251,0.0018237814675950723,0.00709962506695233
5,muon,0.01,1256,0.0018237814675950723,0.004389394750937333
5,muon,0.01,1257,0.0018237814675950723,0.006199785752544188
5,muon,0.01,1258,0.0018237814675950723,0.007878057489733976
5,muon,0.01,1259,0.0018237814675950723,0.009359935725763257
5,muon,0.01,1260,0.0018237814675950723,0.009663452954829494
5,muon,0.01,1261,0.0018237814675950723,0.009076950544545617
5,muon,0.01,1262,0.0018237814675950723,0.0081869309051955
5,muon,0.01,1263,0.0018237814675950723,0.00709962506695233
5,muon,0.01,1268,0.0018237814675950723,0.004389394750937333
5,muon,0.01,1269,0.0018237814675950723,0.006199785752544188
5,muon,0.01,1270,0.0018237814675950723,0.007878057489733976
5,muon,0.01,1271,0.0018237814675950723,0.009359935725763257
5,muon,0.01,1272,0.0018237814675950723,0.009663452954829494
5,muon,0.01,1273,0.0018237814675950723,0.009076950544545617
5,muon,0.01,1274,0.0018237814675950723,0.0081869309051955
5,muon,0.01,1275,0.0018237814675950723,0.00709962506695233
5,muon,0.01,1283,0.0018237814675950723,0.004388502053204785
5,muon,0.01,1284,0.0018237814675950723,0.006199785752544188
5,muon,0.01,1285,0.0018237814675950723,0.007878057489733976
5,muon,0.01,1286,0.0018237814675950723,0.009359935725763257
5,muon,0.01,1287,0.0018237814675950723,0.009663452954829494
5,muon,0.01,1288,0.0018237814675950723,0.009664345652562042
5,muon,0.01,1289,0.0018237814675950723,0.009664345652562042
5,muon,0.01,1290,0.0018237814675950723,0.009664345652562042
5,muon,0.01,1291,0.0018237814675950723,0.009664345652562042
5,muon,0.01,1292,0.0018237814675950723,0.009664345652562042
5,muon,0.01,1293,0.0018237814675950723,0.009664345652562042
5,muon,0.01,1294,0.0018237814675950723,0.009664345652562042
5,muon,0.01,1295,0.0018237814675950723,0.009664345652562042
5,muon,0.01,1296,0.0018237814675950723,0.009664345652562042
5,muon,0.01,1297,0.0018237814675950723,0.009664345652562042
5,muon,0.01,1298,0.0018237814675950723,0.009664345652562042
5,muon,0.01,1299,0.0018237814675950723,0.009664345652562042
5,muon,0.01,1300,0.0018237814675950723,0.009664345652562042
5,muon,0.01,1301,0.0018237814675950723,0.009664345652562042
5,muon,0.01,1302,0.0018237814675950723,0.009664345652562042
5,muon,0.01,1303,0.0018237814675950723,0.009664345652562042
5,muon,0.01,1304,0.0018237814675950723,0.009664345652562042
5,muon,0.01,1305,0.0018237814675950723,0.009664345652562042
5,muon,0.01,1306,0.0018237814675950723,0.009664345652562042
5,muon,0.01,1307,0.0018237814675950723,0.009664345652562042
5,muon,0.01,1308,0.0018237814675950723,0.009664345652562042
5,muon,0.01,1309,0.0018237814675950723,0.009664345652562042
5,muon,0.01,1310,0.0018237814675950723,0.009664345652562042
5,muon,0.01,1311,0.0018237814675950723,0.009664345652562042
5,muon,0.01,1312,0.0018237814675950723,0.009664345652562042
5,muon,0.01,1313,0.0018237814675950723,0.009664345652562042
5,muon,0.01,1314,0.0018237814675950723,0.009664345652562042
5,muon,0.01,1315,0.0018237814675950723,0.009664345652562042
5,muon,0.01,1316,0.0018237814675950723,0.009076950544545617
5,muon,0.01,1317,0.0018237814675950723,0.0081869309051955
5,muon,0.01,1318,0.0018237814675950723,0.00709962506695233
5,muon,0.01,1326,0.0018237814675950723,0.004388502053204785
5,muon,0.01,1327,0.0018237814675950723,0.006199785752544188
5,muon,0.01,1328,0.0018237814675950723,0.007878057489733976
5,muon,0.01,1329,0.0018237814675950723,0.009359935725763257
5,muon,0.01,1330,0.0018237814675950723,0.009663452954829494
5,muon,0.01,1331,0.0018237814675950723,0.009664345652562042
5,muon,0.01,1332,0.0018237814675950723,0.009664345652562042
5,muon,0.01,1333,0.0018237814675950723,0.009664345652562042
5,muon,0.01,1334,0.0018237814675950723,0.009664345652562042
5,muon,0.01,1335,0.0018237814675950723,0.009664345652562042
5,muon,0.01,1336,0.0018237814675950723,0.009664345652562042
5,muon,0.01,1337,0.0018237814675950723,0.009664345652562042
5,muon,0.01,1338,0.0018237814675950723,0.009664345652562042
5,muon,0.01,1339,0.0018237814675950723,0.009664345652562042
5,muon,0.01,1340,0.0018237814675950723,0.009664345652562042
5,muon,0.01,1341,0.0018237814675950723,0.009664345652562042
5,muon,0.01,1342,0.0018237814675950723,0.009664345652562042
5,muon,0.01,1343,0.0018237814675950723,0.009664345652562042
5,muon,0.01,1344,0.0018237814675950723,0.009664345652562042
5,muon,0.01,1345,0.0018237814675950723,0.009664345652562042
5,muon,0.01,1346,0.0018237814675950723,0.009664345652562042
5,muon,0.01,1347,0.0018237814675950723,0.009664345652562042
5,muon,0.01,1348,0.0018237814675950723,0.009664345652562042
5,muon,0.01,1349,0.0018237814675950723,0.009664345652562042
5,muon,0.01,1350,0.0018237814675950723,0.009664345652562042
5,muon,0.01,1351,0.0018237814675950723,0.009664345652562042
5,muon,0.01,1352,0.0018237814675950723,0.009664345652562042
5,muon,0.01,1353,0.0018237814675950723,0.009664345652562042
5,muon,0.01,1354,0.0018237814675950723,0.009664345652562042
5,muon,0.01,1355,0.0018237814675950723,0.009664345652562042
5,muon,0.01,1356,0.0018237814675950723,0.009664345652562042
5,muon,0.01,1357,0.0018237814675950723,0.009664345652562042
5,muon,0.01,1358,0.0018237814675950723,0.009664345652562042
5,muon,0.01,1359,0.0018237814675950723,0.009076950544545617
5,muon,0.01,1360,0.0018237814675950723,0.0081869309051955
5,muon,0.01,1361,0.0018237814675950723,0.00709962506695233
5,muon,0.01,1871,0.0018237814675950723,0.0018237814675950723
5,muon,0.01,2090,0.0018237814675950723,0.004388502053204785
5,muon,0.01,2091,0.0018237814675950723,0.006199785752544188
5,muon,0.01,2092,0.0018237814675950723,0.007878057489733976
5,muon,0.01,2093,0.0018237814675950723,0.009359935725763257
5,muon,0.01,2094,0.0018237814675950723,0.009663452954829494
5,muon,0.01,2095,0.0018237814675950723,0.009076950544545617
5,muon,0.01,2096,0.0018237814675950723,0.0081869309051955
5,muon,0.01,2097,0.0018237814675950723,0.00709962506695233
5,muon,0.01,2102,0.0018237814675950723,0.004389394750937333
5,muon,0.01,2103,0.0018237814675950723,0.006199785752544188
5,muon,0.01,2104,0.0018237814675950723,0.007878057489733976
5,muon,0.01,2105,0.0018237814675950723,0.009359935725763257
5,muon,0.01,2106,0.0018237814675950723,0.009663452954829494
5,muon,0.01,2107,0.0018237814675950723,0.009076950544545617
5,muon,0.01,2108,0.0018237814675950723,0.0081869309051955
5,muon,0.01,2109,0.0018237814675950723,0.00709962506695233
5,muon,0.01,2114,0.0018237814675950723,0.004389394750937333
5,muon,0.01,2115,0.0018237814675950723,0.006199785752544188
5,muon,0.01,2116,0.0018237814675950723,0.007878057489733976
5,muon,0.01,2117,0.0018237814675950723,0.009359935725763257
5,muon,0.01,2118,0.0018237814675950723,0.009663452954829494
5,muon,0.01,2119,0.0018237814675950723,0.009076950544545617
5,muon,0.01,2120,0.0018237814675950723,0.0081869309051955
5,muon,0.01,2121,0.0018237814675950723,0.00709962506695233
5,muon,0.01,2126,0.0018237814675950723,0.004389394750937333
5,muon,0.01,2127,0.0018237814675950723,0.006199785752544188
5,muon,0.01,2128,0.0018237814675950723,0.007878057489733976
5,muon,0.01,2129,0.0018237814675950723,0.009359935725763257
5,muon,0.01,2130,0.0018237814675950723,0.009663452954829494
5,muon,0.01,2131,0.0018237814675950723,0.009076950544545617
5,muon,0.01,2132,0.0018237814675950723,0.0081869309051955
5,muon,0.01,2133,0.0018237814675950723,0.00709962506695233
5,muon,0.01,2138,0.0018237814675950723,0.004389394750937333
5,muon,0.01,2139,0.0018237814675950723,0.006199785752544188
5,muon,0.01,2140,0.0018237814675950723,0.007878057489733976
5,muon,0.01,2141,0.0018237814675950723,0.009359935725763257
5,muon,0.01,2142,0.0018237814675950723,0.009663452954829494
5,muon,0.01,2143,0.0018237814675950723,0.009076950544545617
5,muon,0.01,2144,0.0018237814675950723,0.0081869309051955
5,muon,0.01,2145,0.0018237814675950723,0.00709962506695233
5,muon,0.01,2150,0.0018237814675950723,0.004389394750937333
5,muon,0.01,2151,0.0018237814675950723,0.006199785752544188
5,muon,0.01,2152,0.0018237814675950723,0.007878057489733976
5,muon,0.01,2153,0.0018237814675950723,0.009359935725763257
5,muon,0.01,2154,0.0018237814675950723,0.009663452954829494
5,muon,0.01,2155,0.0018237814675950723,0.009076950544545617
5,muon,0.01,2156,0.0018237814675950723,0.0081869309051955
5,muon,0.01,2157,0.0018237814675950723,0.00709962506695233
5,muon,0.01,2162,0.0018237814675950723,0.004389394750937333
5,muon,0.01,2163,0.0018237814675950723,0.006199785752544188
5,muon,0.01,2164,0.0018237814675950723,0.007878057489733976
5,muon,0.01,2165,0.0018237814675950723,0.009359935725763257
5,muon,0.01,2166,0.0018237814675950723,0.009663452954829494
5,muon,0.01,2167,0.0018237814675950723,0.009076950544545617
5,muon,0.01,2168,0.0018237814675950723,0.0081869309051955
5,muon,0.01,2169,0.0018237814675950723,0.00709962506695233
5,muon,0.01,2177,0.0018237814675950723,0.004388502053204785
5,muon,0.01,2178,0.0018237814675950723,0.006199785752544188
5,muon,0.01,2179,0.0018237814675950723,0.007878057489733976
5,muon,0.01,2180,0.0018237814675950723,0.009359935725763257
5,muon,0.01,2181,0.0018237814675950723,0.009663452954829494
5,muon,0.01,2182,0.0018237814675950723,0.009664345652562042
5,muon,0.01,2183,0.0018237814675950723,0.009664345652562042
5,muon,0.01,2184,0.0018237814675950723,0.009664345652562042
5,muon,0.01,2185,0.0018237814675950723,0.009664345652562042
5,muon,0.01,2186,0.0018237814675950723,0.009664345652562042
5,muon,0.01,2187,0.0018237814675950723,0.009664345652562042
5,muon,0.01,2188,0.0018237814675950723,0.009664345652562042
5,muon,0.01,2189,0.0018237814675950723,0.009664345652562042
5,muon,0.01,2190,0.0018237814675950723,0.009664345652562042
5,muon,0.01,2191,0.0018237814675950723,0.009664345652562042
5,muon,0.01,2192,0.0018237814675950723,0.009664345652562042
5,muon,0.01,2193,0.0018237814675950723,0.009664345652562042
5,muon,0.01,2194,0.0018237814675950723,0.009664345652562042
5,muon,0.01,2195,0.0018237814675950723,0.009664345652562042
5,muon,0.01,2196,0.0018237814675950723,0.009664345652562042
5,muon,0.01,2197,0.0018237814675950723,0.009664345652562042
5,muon,0.01,2198,0.0018237814675950723,0.009664345652562042
5,muon,0.01,2199,0.0018237814675950723,0.009664345652562042
5,muon,0.01,2200,0.0018237814675950723,0.009664345652562042
5,muon,0.01,2201,0.0018237814675950723,0.009664345652562042
5,muon,0.01,2202,0.0018237814675950723,0.009664345652562042
5,muon,0.01,2203,0.0018237814675950723,0.009664345652562042
5,muon,0.01,2204,0.0018237814675950723,0.009664345652562042
5,muon,0.01,2205,0.0018237814675950723,0.009664345652562042
5,muon,0.01,2206,0.0018237814675950723,0.009664345652562042
5,muon,0.01,2207,0.0018237814675950723,0.009664345652562042
5,muon,0.01,2208,0.0018237814675950723,0.009664345652562042
5,muon,0.01,2209,0.0018237814675950723,0.009664345652562042
5,muon,0.01,2210,0.0018237814675950723,0.009076950544545617
5,muon,0.01,2211,0.0018237814675950723,0.0081869309051955
5,muon,0.01,2212,0.0018237814675950723,0.00709962506695233
5,muon,0.01,2220,0.0018237814675950723,0.004388502053204785
5,muon,0.01,2221,0.0018237814675950723,0.006199785752544188
5,muon,0.01,2222,0.0018237814675950723,0.007878057489733976
5,muon,0.01,2223,0.0018237814675950723,0.009359935725763257
5,muon,0.01,2224,0.0018237814675950723,0.009663452954829494
5,muon,0.01,2225,0.0018237814675950723,0.009664345652562042
5,muon,0.01,2226,0.0018237814675950723,0.009664345652562042
5,muon,0.01,2227,0.0018237814675950723,0.009664345652562042
5,muon,0.01,2228,0.0018237814675950723,0.009664345652562042
5,muon,0.01,2229,0.0018237814675950723,0.009664345652562042
5,muon,0.01,2230,0.0018237814675950723,0.009664345652562042
5,muon,0.01,2231,0.0018237814675950723,0.009664345652562042
5,muon,0.01,2232,0.0018237814675950723,0.009664345652562042
5,muon,0.01,2233,0.0018237814675950723,0.009664345652562042
5,muon,0.01,2234,0.0018237814675950723,0.009664345652562042
5,muon,0.01,2235,0.0018237814675950723,0.009664345652562042
5,muon,0.01,2236,0.0018237814675950723,0.009664345652562042
5,muon,0.01,2237,0.0018237814675950723,0.009664345652562042
5,muon,0.01,2238,0.0018237814675950723,0.009664345652562042
5,muon,0.01,2239,0.0018237814675950723,0.009664345652562042
5,muon,0.01,2240,0.0018237814675950723,0.009664345652562042
5,muon,0.01,2241,0.0018237814675950723,0.009664345652562042
5,muon,0.01,2242,0.0018237814675950723,0.009664345652562042
5,muon,0.01,2243,0.0018237814675950723,0.009664345652562042
5,muon,0.01,2244,0.0018237814675950723,0.009664345652562042
5,muon,0.01,2245,0.0018237814675950723,0.009664345652562042
5,muon,0.01,2246,0.0018237814675950723,0.009664345652562042
5,muon,0.01,2247,0.0018237814675950723,0.009664345652562042
5,muon,0.01,2248,0.0018237814675950723,0.009664345652562042
5,muon,0.01,2249,0.0018237814675950723,0.009664345652562042
5,muon,0.01,2250,0.0018237814675950723,0.009664345652562042
5,muon,0.01,2251,0.0018237814675950723,0.009664345652562042
5,muon,0.01,2252,0.0018237814675950723,0.009664345652562042
5,muon,0.01,2253,0.0018237814675950723,0.009076950544545617
5,muon,0.01,2254,0.0018237814675950723,0.0081869309051955
5,muon,0.01,2255,0.0018237814675950723,0.00709962506695233
5,muon,0.05,1,0,0
5,muon,0.05,2,0,0
5,muon,0.05,3,0,0
5,muon,0.05,4,0,0
5,muon,0.05,5,0,0
5,muon,0.05,6,0,0
5,muon,0.05,7,0,0
5,muon,0.05,8,0,0
5,muon,0.05,9,0,0
5,muon,0.05,10,0,0
5,muon,0.05,11,0,0
5,muon,0.05,12,0,0
5,muon,0.05,86,0.009118907337975362,0.009118907337975362
5,muon,0.05,302,0.009118907337975362,0.021942510266023924
5,muon,0.05,303,0.009118907337975362,0.030998928762720944
5,muon,0.05,304,0.009118907337975362,0.03939028744866988
5,muon,0.05,305,0.009118907337975362,0.04679967862881628
5,muon,0.05,306,0.009118907337975362,0.048317264774147474
5,muon,0.05,307,0.009118907337975362,0.04538475272272809
5,muon,0.05,308,0.009118907337975362,0.04093465452597751
5,muon,0.05,309,0.009118907337975362,0.035498125334761654
5,muon,0.05,314,0.009118907337975362,0.021946973754686662
5,muon,0.05,315,0.009118907337975362,0.030998928762720944
5,muon,0.05,316,0.009118907337975362,0.03939028744866988
5,muon,0.05,317,0.009118907337975362,0.04679967862881628
5,muon,0.05,318,0.009118907337975362,0.048317264774147474
5,muon,0.05,319,0.009118907337975362,0.04538475272272809
5,muon,0.05,320,0.009118907337975362,0.04093465452597751
5,muon,0.05,321,0.009118907337975362,0.035498125334761654
5,muon,0.05,326,0.009118907337975362,0.021946973754686662
5,muon,0.05,327,0.009118907337975362,0.030998928762720944
5,muon,0.05,328,0.009118907337975362,0.03939028744866988
5,muon,0.05,329,0.009118907337975362,0.04679967862881628
5,muon,0.05,330,0.009118907337975362,0.048317264774147474
5,muon,0.05,331,0.009118907337975362,0.04538475272272809
5,muon,0.05,332,0.009118907337975362,0.04093465452597751
5,muon,0.05,333,0.009118907337975362,0.035498125334761654
5,muon,0.05,338,0.009118907337975362,0.021946973754686662
5,muon,0.05,339,0.009118907337975362,0.030998928762720944
5,muon,0.05,340,0.009118907337975362,0.03939028744866988
5,muon,0.05,341,0.009118907337975362,0.04679967862881628
5,muon,0.05,342,0.009118907337975362,0.048317264774147474
5,muon,0.05,343,0.009118907337975362,0.04538475272272809
5,muon,0.05,344,0.009118907337975362,0.04093465452597751
5,muon,0.05,345,0.009118907337975362,0.035498125334761654
5,muon,0.05,350,0.009118907337975362,0.021946973754686662
5,muon,0.05,351,0.009118907337975362,0.030998928762720944
5,muon,0.05,352,0.009118907337975362,0.03939028744866988
5,muon,0.05,353,0.009118907337975362,0.04679967862881628
5,muon,0.05,354,0.009118907337975362,0.048317264774147474
5,muon,0.05,355,0.009118907337975362,0.04538475272272809
5,muon,0.05,356,0.009118907337975362,0.04093465452597751
5,muon,0.05,357,0.009118907337975362,0.035498125334761654
5,muon,0.05,362,0.009118907337975362,0.021946973754686662
5,muon,0.05,363,0.009118907337975362,0.030998928762720944
5,muon,0.05,364,0.009118907337975362,0.03939028744866988
5,muon,0.05,365,0.009118907337975362,0.04679967862881628
5,muon,0.05,366,0.009118907337975362,0.048317264774147474
5,muon,0.05,367,0.009118907337975362,0.04538475272272809
5,muon,0.05,368,0.009118907337975362,0.04093465452597751
5,muon,0.05,369,0.009118907337975362,0.035498125334761654
5,muon,0.05,374,0.009118907337975362,0.021946973754686662
5,muon,0.05,375,0.009118907337975362,0.030998928762720944
5,muon,0.05,376,0.009118907337975362,0.03939028744866988
5,muon,0.05,377,0.009118907337975362,0.04679967862881628
5,muon,0.05,378,0.009118907337975362,0.048317264774147474
5,muon,0.05,379,0.009118907337975362,0.04538475272272809
5,muon,0.05,380,0.009118907337975362,0.04093465452597751
5,muon,0.05,381,0.009118907337975362,0.035498125334761654
5,muon,0.05,389,0.009118907337975362,0.021942510266023924
5,muon,0.05,390,0.009118907337975362,0.030998928762720944
5,muon,0.05,391,0.009118907337975362,0.03939028744866988
5,muon,0.05,392,0.009118907337975362,0.04679967862881628
5,muon,0.05,393,0.009118907337975362,0.048317264774147474
5,muon,0.05,394,0.009118907337975362,0.04832172826281022
5,muon,0.05,395,0.009118907337975362,0.04832172826281022
5,muon,0.05,396,0.009118907337975362,0.04832172826281022
5,muon,0.05,397,0.009118907337975362,0.04832172826281022
5,muon,0.05,398,0.009118907337975362,0.04832172826281022
5,muon,0.05,399,0.009118907337975362,0.04832172826281022
5,muon,0.05,400,0.009118907337975362,0.04832172826281022
5,muon,0.05,401,0.009118907337975362,0.04832172826281022
5,muon,0.05,402,0.009118907337975362,0.04832172826281022
5,muon,0.05,403,0.009118907337975362,0.04832172826281022
5,muon,0.05,404,0.009118907337975362,0.04832172826281022
5,muon,0.05,405,0.009118907337975362,0.04832172826281022
5,muon,0.05,406,0.009118907337975362,0.04832172826281022
5,muon,0.05,407,0.009118907337975362,0.04832172826281022
5,muon,0.05,408,0.009118907337975362,0.04832172826281022
5,muon,0.05,409,0.009118907337975362,0.04832172826281022
5,muon,0.05,410,0.009118907337975362,0.04832172826281022
5,muon,0.05,411,0.009118907337975362,0.04832172826281022
5,muon,0.05,412,0.009118907337975362,0.04832172826281022
5,muon,0.05,413,0.009118907337975362,0.04832172826281022
5,muon,0.05,414,0.009118907337975362,0.04832172826281022
5,muon,0.05,415,0.009118907337975362,0.04832172826281022
5,muon,0.05,416,0.009118907337975362,0.04832172826281022
5,muon,0.05,417,0.009118907337975362,0.04832172826281022
5,muon,0.05,418,0.009118907337975362,0.04832172826281022
5,muon,0.05,419,0.009118907337975362,0.04832172826281022
5,muon,0.05,420,0.009118907337975362,0.04832172826281022
5,muon,0.05,421,0.009118907337975362,0.04832172826281022
5,muon,0.05,422,0.009118907337975362,0.04538475272272809
5,muon,0.05,423,0.009118907337975362,0.04093465452597751
5,muon,0.05,424,0.009118907337975362,0.035498125334761654
5,muon,0.05,432,0.009118907337975362,0.021942510266023924
5,muon,0.05,433,0.009118907337975362,0.030998928762720944
5,muon,0.05,434,0.009118907337975362,0.03939028744866988
5,muon,0.05,435,0.009118907337975362,0.04679967862881628
5,muon,0.05,436,0.009118907337975362,0.048317264774147474
5,muon,0.05,437,0.009118907337975362,0.04832172826281022
5,muon,0.05,438,0.009118907337975362,0.04832172826281022
5,muon,0.05,439,0.009118907337975362,0.04832172826281022
5,muon,0.05,440,0.009118907337975362,0.04832172826281022
5,muon,0.05,441,0.009118907337975362,0.04832172826281022
5,muon,0.05,442,0.009118907337975362,0.04832172826281022
5,muon,0.05,443,0.009118907337975362,0.04832172826281022
5,muon,0.05,444,0.009118907337975362,0.04832172826281022
5,muon,0.05,445,0.009118907337975362,0.04832172826281022
5,muon,0.05,446,0.009118907337975362,0.04832172826281022
5,muon,0.05,447,0.009118907337975362,0.04832172826281022
5,muon,0.05,448,0.009118907337975362,0.04832172826281022
5,muon,0.05,449,0.009118907337975362,0.04832172826281022
5,muon,0.05,450,0.009118907337975362,0.04832172826281022
5,muon,0.05,451,0.009118907337975362,0.04832172826281022
5,muon,0.05,452,0.009118907337975362,0.04832172826281022
5,muon,0.05,453,0.009118907337975362,0.04832172826281022
5,muon,0.05,454,0.009118907337975362,0.04832172826281022
5,muon,0.05,455,0.009118907337975362,0.04832172826281022
5,muon,0.05,456,0.009118907337975362,0.04832172826281022
5,muon,0.05,457,0.009118907337975362,0.04832172826281022
5,muon,0.05,458,0.009118907337975362,0.04832172826281022
5,muon,0.05,459,0.009118907337975362,0.04832172826281022
5,muon,0.05,460,0.009118907337975362,0.04832172826281022
5,muon,0.05,461,0.009118907337975362,0.04832172826281022
5,muon,0.05,462,0.009118907337975362,0.04832172826281022
5,muon,0.05,463,0.009118907337975362,0.04832172826281022
5,muon,0.05,464,0.009118907337975362,0.04832172826281022
5,muon,0.05,465,0.009118907337975362,0.04538475272272809
5,muon,0.05,466,0.009118907337975362,0.04093465452597751
5,muon,0.05,467,0.009118907337975362,0.035498125334761654
5,muon,0.05,977,0,0
5,muon,0.05,1196,0.009118907337975362,0.021942510266023924
5,muon,0.05,1197,0.009118907337975362,0.030998928762720944
5,muon,0.05,1198,0.009118907337975362,0.03939028744866988
5,muon,0.05,1199,0.009118907337975362,0.04679967862881628
5,muon,0.05,1200,0.009118907337975362,0.048317264774147474
5,muon,0.05,1201,0.009118907337975362,0.04538475272272809
5,muon,0.05,1202,0.009118907337975362,0.04093465452597751
5,muon,0.05,1203,0.009118907337975362,0.035498125334761654
5,muon,0.05,1208,0.009118907337975362,0.021946973754686662
5,muon,0.05,1209,0.009118907337975362,0.030998928762720944
5,muon,0.05,1210,0.009118907337975362,0.03939028744866988
5,muon,0.05,1211,0.009118907337975362,0.04679967862881628
5,muon,0.05,1212,0.009118907337975362,0.048317264774147474
5,muon,0.05,1213,0.009118907337975362,0.04538475272272809
5,muon,0.05,1214,0.009118907337975362,0.04093465452597751
5,muon,0.05,1215,0.009118907337975362,0.035498125334761654
5,muon,0.05,1220,0.009118907337975362,0.021946973754686662
5,muon,0.05,1221,0.009118907337975362,0.030998928762720944
5,muon,0.05,1222,0.009118907337975362,0.03939028744866988
5,muon,0.05,1223,0.009118907337975362,0.04679967862881628
5,muon,0.05,1224,0.009118907337975362,0.048317264774147474
5,muon,0.05,1225,0.009118907337975362,0.04538475272272809
5,muon,0.05,1226,0.009118907337975362,0.04093465452597751
5,muon,0.05,1227,0.009118907337975362,0.035498125334761654
5,muon,0.05,1232,0.009118907337975362,0.021946973754686662
5,muon,0.05,1233,0.009118907337975362,0.030998928762720944
5,muon,0.05,1234,0.009118907337975362,0.03939028744866988
5,muon,0.05,1235,0.009118907337975362,0.04679967862881628
5,muon,0.05,1236,0.009118907337975362,0.048317264774147474
5,muon,0.05,1237,0.009118907337975362,0.04538475272272809
5,muon,0.05,1238,0.009118907337975362,0.04093465452597751
5,muon,0.05,1239,0.009118907337975362,0.035498125334761654
5,muon,0.05,1244,0.009118907337975362,0.021946973754686662
5,muon,0.05,1245,0.009118907337975362,0.030998928762720944
5,muon,0.05,1246,0.009118907337975362,0.03939028744866988
5,muon,0.05,1247,0.009118907337975362,0.04679967862881628
5,muon,0.05,1248,0.009118907337975362,0.048317264774147474
5,muon,0.05,1249,0.009118907337975362,0.04538475272272809
5,muon,0.05,1250,0.009118907337975362,0.04093465452597751
5,muon,0.05,1251,0.009118907337975362,0.035498125334761654
5,muon,0.05,1256,0.009118907337975362,0.021946973754686662
5,muon,0.05,1257,0.009118907337975362,0.030998928762720944
5,muon,0.05,1258,0.009118907337975362,0.03939028744866988
5,muon,0.05,1259,0.009118907337975362,0.04679967862881628
5,muon,0.05,1260,0.009118907337975362,0.048317264774147474
5,muon,0.05,1261,0.009118907337975362,0.04538475272272809
5,muon,0.05,1262,0.009118907337975362,0.04093465452597751
5,muon,0.05,1263,0.009118907337975362,0.035498125334761654
5,muon,0.05,1268,0.009118907337975362,0.021946973754686662
5,muon,0.05,1269,0.009118907337975362,0.030998928762720944
5,muon,0.05,1270,0.009118907337975362,0.03939028744866988
5,muon,0.05,1271,0.009118907337975362,0.04679967862881628
5,muon,0.05,1272,0.009118907337975362,0.048317264774147474
5,muon,0.05,1273,0.009118907337975362,0.04538475272272809
5,muon,0.05,1274,0.009118907337975362,0.04093465452597751
5,muon,0.05,1275,0.009118907337975362,0.035498125334761654
5,muon,0.05,1283,0.009118907337975362,0.021942510266023924
5,muon,0.05,1284,0.009118907337975362,0.030998928762720944
5,muon,0.05,1285,0.009118907337975362,0.03939028744866988
5,muon,0.05,1286,0.009118907337975362,0.04679967862881628
5,muon,0.05,1287,0.009118907337975362,0.048317264774147474
5,muon,0.05,1288,0.009118907337975362,0.04832172826281022
5,muon,0.05,1289,0.009118907337975362,0.04832172826281022
5,muon,0.05,1290,0.009118907337975362,0.04832172826281022
5,muon,0.05,1291,0.009118907337975362,0.04832172826281022
5,muon,0.05,1292,0.009118907337975362,0.04832172826281022
5,muon,0.05,1293,0.009118907337975362,0.04832172826281022
5,muon,0.05,1294,0.009118907337975362,0.04832172826281022
5,muon,0.05,1295,0.009118907337975362,0.04832172826281022
5,muon,0.05,1296,0.009118907337975362,0.04832172826281022
5,muon,0.05,1297,0.009118907337975362,0.04832172826281022
5,muon,0.05,1298,0.009118907337975362,0.04832172826281022
5,muon,0.05,1299,0.009118907337975362,0.04832172826281022
5,muon,0.05,1300,0.009118907337975362,0.04832172826281022
5,muon,0.05,1301,0.009118907337975362,0.04832172826281022
5,muon,0.05,1302,0.009118907337975362,0.04832172826281022
5,muon,0.05,1303,0.009118907337975362,0.04832172826281022
5,muon,0.05,1304,0.009118907337975362,0.04832172826281022
5,muon,0.05,1305,0.009118907337975362,0.04832172826281022
5,muon,0.05,1306,0.009118907337975362,0.04832172826281022
5,muon,0.05,1307,0.009118907337975362,0.04832172826281022
5,muon,0.05,1308,0.009118907337975362,0.04832172826281022
5,muon,0.05,1309,0.009118907337975362,0.04832172826281022
5,muon,0.05,1310,0.009118907337975362,0.04832172826281022
5,muon,0.05,1311,0.009118907337975362,0.04832172826281022
5,muon,0.05,1312,0.009118907337975362,0.04832172826281022
5,muon,0.05,1313,0.009118907337975362,0.04832172826281022
5,muon,0.05,1314,0.009118907337975362,0.04832172826281022
5,muon,0.05,1315,0.009118907337975362,0.04832172826281022
5,muon,0.05,1316,0.009118907337975362,0.04538475272272809
5,muon,0.05,1317,0.009118907337975362,0.04093465452597751
5,muon,0.05,1318,0.009118907337975362,0.035498125334761654
5,muon,0.05,1326,0.009118907337975362,0.021942510266023924
5,muon,0.05,1327,0.009118907337975362,0.030998928762720944
5,muon,0.05,1328,0.009118907337975362,0.03939028744866988
5,muon,0.05,1329,0.009118907337975362,0.04679967862881628
5,muon,0.05,1330,0.009118907337975362,0.048317264774147474
5,muon,0.05,1331,0.009118907337975362,0.04832172826281022
5,muon,0.05,1332,0.009118907337975362,0.04832172826281022
5,muon,0.05,1333,0.009118907337975362,0.04832172826281022
5,muon,0.05,1334,0.009118907337975362,0.04832172826281022
5,muon,0.05,1335,0.009118907337975362,0.04832172826281022
5,muon,0.05,1336,0.009118907337975362,0.04832172826281022
5,muon,0.05,1337,0.009118907337975362,0.04832172826281022
5,muon,0.05,1338,0.009118907337975362,0.04832172826281022
5,muon,0.05,1339,0.009118907337975362,0.04832172826281022
5,muon,0.05,1340,0.009118907337975362,0.04832172826281022
5,muon,0.05,1341,0.009118907337975362,0.04832172826281022
5,muon,0.05,1342,0.009118907337975362,0.04832172826281022
5,muon,0.05,1343,0.009118907337975362,0.04832172826281022
5,muon,0.05,1344,0.009118907337975362,0.04832172826281022
5,muon,0.05,1345,0.009118907337975362,0.04832172826281022
5,muon,0.05,1346,0.009118907337975362,0.04832172826281022
5,muon,0.05,1347,0.009118907337975362,0.04832172826281022
5,muon,0.05,1348,0.009118907337975362,0.04832172826281022
5,muon,0.05,1349,0.009118907337975362,0.04832172826281022
5,muon,0.05,1350,0.009118907337975362,0.04832172826281022
5,muon,0.05,1351,0.009118907337975362,0.04832172826281022
5,muon,0.05,1352,0.009118907337975362,0.04832172826281022
5,muon,0.05,1353,0.009118907337975362,0.04832172826281022
5,muon,0.05,1354,0.009118907337975362,0.04832172826281022
5,muon,0.05,1355,0.009118907337975362,0.04832172826281022
5,muon,0.05,1356,0.009118907337975362,0.04832172826281022
5,muon,0.05,1357,0.009118907337975362,0.04832172826281022
5,muon,0.05,1358,0.009118907337975362,0.04832172826281022
5,muon,0.05,1359,0.009118907337975362,0.04538475272272809
5,muon,0.05,1360,0.009118907337975362,0.04093465452597751
5,muon,0.05,1361,0.009118907337975362,0.035498125334761654
5,muon,0.05,1871,0.009118907337975362,0.009118907337975362
5,muon,0.05,2090,0.009118907337975362,0.021942510266023924
5,muon,0.05,2091,0.009118907337975362,0.030998928762720944
5,muon,0.05,2092,0.009118907337975362,0.03939028744866988
5,muon,0.05,2093,0.009118907337975362,0.04679967862881628
5,muon,0.05,2094,0.009118907337975362,0.048317264774147474
5,muon,0.05,2095,0.009118907337975362,0.04538475272272809
5,muon,0.05,2096,0.009118907337975362,0.04093465452597751
5,muon,0.05,2097,0.009118907337975362,0.035498125334761654
5,muon,0.05,2102,0.009118907337975362,0.021946973754686662
5,muon,0.05,2103,0.009118907337975362,0.030998928762720944
5,muon,0.05,2104,0.009118907337975362,0.03939028744866988
5,muon,0.05,2105,0.009118907337975362,0.04679967862881628
5,muon,0.05,2106,0.009118907337975362,0.048317264774147474
5,muon,0.05,2107,0.009118907337975362,0.04538475272272809
5,muon,0.05,2108,0.009118907337975362,0.04093465452597751
5,muon,0.05,2109,0.009118907337975362,0.035498125334761654
5,muon,0.05,2114,0.009118907337975362,0.021946973754686662
5,muon,0.05,2115,0.009118907337975362,0.030998928762720944
5,muon,0.05,2116,0.009118907337975362,0.03939028744866988
5,muon,0.05,2117,0.009118907337975362,0.04679967862881628
5,muon,0.05,2118,0.009118907337975362,0.048317264774147474
5,muon,0.05,2119,0.009118907337975362,0.04538475272272809
5,muon,0.05,2120,0.009118907337975362,0.04093465452597751
5,muon,0.05,2121,0.009118907337975362,0.035498125334761654
5,muon,0.05,2126,0.009118907337975362,0.021946973754686662
5,muon,0.05,2127,0.009118907337975362,0.030998928762720944
5,muon,0.05,2128,0.009118907337975362,0.03939028744866988
5,muon,0.05,2129,0.009118907337975362,0.04679967862881628
5,muon,0.05,2130,0.009118907337975362,0.048317264774147474
5,muon,0.05,2131,0.009118907337975362,0.04538475272272809
5,muon,0.05,2132,0.009118907337975362,0.04093465452597751
5,muon,0.05,2133,0.009118907337975362,0.035498125334761654
5,muon,0.05,2138,0.009118907337975362,0.021946973754686662
5,muon,0.05,2139,0.009118907337975362,0.030998928762720944
5,muon,0.05,2140,0.009118907337975362,0.03939028744866988
5,muon,0.05,2141,0.009118907337975362,0.04679967862881628
5,muon,0.05,2142,0.009118907337975362,0.048317264774147474
5,muon,0.05,2143,0.009118907337975362,0.04538475272272809
5,muon,0.05,2144,0.009118907337975362,0.04093465452597751
5,muon,0.05,2145,0.009118907337975362,0.035498125334761654
5,muon,0.05,2150,0.009118907337975362,0.021946973754686662
5,muon,0.05,2151,0.009118907337975362,0.030998928762720944
5,muon,0.05,2152,0.009118907337975362,0.03939028744866988
5,muon,0.05,2153,0.009118907337975362,0.04679967862881628
5,muon,0.05,2154,0.009118907337975362,0.048317264774147474
5,muon,0.05,2155,0.009118907337975362,0.04538475272272809
5,muon,0.05,2156,0.009118907337975362,0.04093465452597751
5,muon,0.05,2157,0.009118907337975362,0.035498125334761654
5,muon,0.05,2162,0.009118907337975362,0.021946973754686662
5,muon,0.05,2163,0.009118907337975362,0.030998928762720944
5,muon,0.05,2164,0.009118907337975362,0.03939028744866988
5,muon,0.05,2165,0.009118907337975362,0.04679967862881628
5,muon,0.05,2166,0.009118907337975362,0.048317264774147474
5,muon,0.05,2167,0.009118907337975362,0.04538475272272809
5,muon,0.05,2168,0.009118907337975362,0.04093465452597751
5,muon,0.05,2169,0.009118907337975362,0.035498125334761654
5,muon,0.05,2177,0.009118907337975362,0.021942510266023924
5,muon,0.05,2178,0.009118907337975362,0.030998928762720944
5,muon,0.05,2179,0.009118907337975362,0.03939028744866988
5,muon,0.05,2180,0.009118907337975362,0.04679967862881628
5,muon,0.05,2181,0.009118907337975362,0.048317264774147474
5,muon,0.05,2182,0.009118907337975362,0.04832172826281022
5,muon,0.05,2183,0.009118907337975362,0.04832172826281022
5,muon,0.05,2184,0.009118907337975362,0.04832172826281022
5,muon,0.05,2185,0.009118907337975362,0.04832172826281022
5,muon,0.05,2186,0.009118907337975362,0.04832172826281022
5,muon,0.05,2187,0.009118907337975362,0.04832172826281022
5,muon,0.05,2188,0.009118907337975362,0.04832172826281022
5,muon,0.05,2189,0.009118907337975362,0.04832172826281022
5,muon,0.05,2190,0.009118907337975362,0.04832172826281022
5,muon,0.05,2191,0.009118907337975362,0.04832172826281022
5,muon,0.05,2192,0.009118907337975362,0.04832172826281022
5,muon,0.05,2193,0.009118907337975362,0.04832172826281022
5,muon,0.05,2194,0.009118907337975362,0.04832172826281022
5,muon,0.05,2195,0.009118907337975362,0.04832172826281022
5,muon,0.05,2196,0.009118907337975362,0.04832172826281022
5,muon,0.05,2197,0.009118907337975362,0.04832172826281022
5,muon,0.05,2198,0.009118907337975362,0.04832172826281022
5,muon,0.05,2199,0.009118907337975362,0.04832172826281022
5,muon,0.05,2200,0.009118907337975362,0.04832172826281022
5,muon,0.05,2201,0.009118907337975362,0.04832172826281022
5,muon,0.05,2202,0.009118907337975362,0.04832172826281022
5,muon,0.05,2203,0.009118907337975362,0.04832172826281022
5,muon,0.05,2204,0.009118907337975362,0.04832172826281022
5,muon,0.05,2205,0.009118907337975362,0.04832172826281022
5,muon,0.05,2206,0.009118907337975362,0.04832172826281022
5,muon,0.05,2207,0.009118907337975362,0.04832172826281022
5,muon,0.05,2208,0.009118907337975362,0.04832172826281022
5,muon,0.05,2209,0.009118907337975362,0.04832172826281022
5,muon,0.05,2210,0.009118907337975362,0.04538475272272809
5,muon,0.05,2211,0.009118907337975362,0.04093465452597751
5,muon,0.05,2212,0.009118907337975362,0.035498125334761654
5,muon,0.05,2220,0.009118907337975362,0.021942510266023924
5,muon,0.05,2221,0.009118907337975362,0.030998928762720944
5,muon,0.05,2222,0.009118907337975362,0.03939028744866988
5,muon,0.05,2223,0.009118907337975362,0.04679967862881628
5,muon,0.05,2224,0.009118907337975362,0.048317264774147474
5,muon,0.05,2225,0.009118907337975362,0.04832172826281022
5,muon,0.05,2226,0.009118907337975362,0.04832172826281022
5,muon,0.05,2227,0.009118907337975362,0.04832172826281022
5,muon,0.05,2228,0.009118907337975362,0.04832172826281022
5,muon,0.05,2229,0.009118907337975362,0.04832172826281022
5,muon,0.05,2230,0.009118907337975362,0.04832172826281022
5,muon,0.05,2231,0.009118907337975362,0.04832172826281022
5,muon,0.05,2232,0.009118907337975362,0.04832172826281022
5,muon,0.05,2233,0.009118907337975362,0.04832172826281022
5,muon,0.05,2234,0.009118907337975362,0.04832172826281022
5,muon,0.05,2235,0.009118907337975362,0.04832172826281022
5,muon,0.05,2236,0.009118907337975362,0.04832172826281022
5,muon,0.05,2237,0.009118907337975362,0.04832172826281022
5,muon,0.05,2238,0.009118907337975362,0.04832172826281022
5,muon,0.05,2239,0.009118907337975362,0.04832172826281022
5,muon,0.05,2240,0.009118907337975362,0.04832172826281022
5,muon,0.05,2241,0.009118907337975362,0.04832172826281022
5,muon,0.05,2242,0.009118907337975362,0.04832172826281022
5,muon,0.05,2243,0.009118907337975362,0.04832172826281022
5,muon,0.05,2244,0.009118907337975362,0.04832172826281022
5,muon,0.05,2245,0.009118907337975362,0.04832172826281022
5,muon,0.05,2246,0.009118907337975362,0.04832172826281022
5,muon,0.05,2247,0.009118907337975362,0.04832172826281022
5,muon,0.05,2248,0.009118907337975362,0.04832172826281022
5,muon,0.05,2249,0.009118907337975362,0.04832172826281022
5,muon,0.05,2250,0.009118907337975362,0.04832172826281022
5,muon,0.05,2251,0.009118907337975362,0.04832172826281022
5,muon,0.05,2252,0.009118907337975362,0.04832172826281022
5,muon,0.05,2253,0.009118907337975362,0.04538475272272809
5,muon,0.05,2254,0.009118907337975362,0.04093465452597751
5,muon,0.05,2255,0.009118907337975362,0.035498125334761654
5,dimuon,0.001,1,0,0
5,dimuon,0.001,2,0,0
5,dimuon,0.001,3,0,0
5,dimuon,0.001,4,0,0
5,dimuon,0.001,5,0,0
5,dimuon,0.001,6,0,0
5,dimuon,0.001,7,0,0
5,dimuon,0.001,8,0,0
5,dimuon,0.001,9,0,0
5,dimuon,0.001,10,0,0
5,dimuon,0.001,11,0,0
5,dimuon,0.001,12,0,0
5,dimuon,0.001,86,3.7850383860024996e-05,3.7850383860024996e-05
5,dimuon,0.001,302,3.7850383860024996e-05,6.445277628994823e-05
5,dimuon,0.001,303,3.7850383860024996e-05,0.00010212462060346365
5,dimuon,0.001,304,3.7850383860024996e-05,0.00013247634351008748
5,dimuon,0.001,305,3.7850383860024996e-05,0.00015104445634708086
5,dimuon,0.001,306,3.7850383860024996e-05,0.00015158007498660954
5,dimuon,0.001,307,3.7850383860024996e-05,0.0001480092840564185
5,dimuon,0.001,308,3.7850383860024996e-05,0.00013890376718443136
5,dimuon,0.001,309,3.7850383860024996e-05,0.00012497768255668632
5,dimuon,0.001,314,3.7850383860024996e-05,6.445277628994823e-05
5,dimuon,0.001,315,3.7850383860024996e-05,0.00010212462060346365
5,dimuon,0.001,316,3.7850383860024996e-05,0.00013247634351008748
5,dimuon,0.001,317,3.7850383860024996e-05,0.00015104445634708086
5,dimuon,0.001,318,3.7850383860024996e-05,0.00015158007498660954
5,dimuon,0.001,319,3.7850383860024996e-05,0.0001480092840564185
5,dimuon,0.001,320,3.7850383860024996e-05,0.00013890376718443136
5,dimuon,0.001,321,3.7850383860024996e-05,0.00012497768255668632
5,dimuon,0.001,326,3.7850383860024996e-05,6.445277628994823e-05
5,dimuon,0.001,327,3.7850383860024996e-05,0.00010212462060346365
5,dimuon,0.001,328,3.7850383860024996e-05,0.00013247634351008748
5,dimuon,0.001,329,3.7850383860024996e-05,0.00015104445634708086
5,dimuon,0.001,330,3.7850383860024996e-05,0.00015158007498660954
5,dimuon,0.001,331,3.7850383860024996e-05,0.0001480092840564185
5,dimuon,0.001,332,3.7850383860024996e-05,0.00013890376718443136
5,dimuon,0.001,333,3.7850383860024996e-05,0.00012497768255668632
5,dimuon,0.001,338,3.7850383860024996e-05,6.445277628994823e-05
5,dimuon,0.001,339,3.7850383860024996e-05,0.00010212462060346365
5,dimuon,0.001,340,3.7850383860024996e-05,0.00013247634351008748
5,dimuon,0.001,341,3.7850383860024996e-05,0.00015104445634708086
5,dimuon,0.001,342,3.7850383860024996e-05,0.00015158007498660954
5,dimuon,0.001,343,3.7850383860024996e-05,0.0001480092840564185
5,dimuon,0.001,344,3.7850383860024996e-05,0.00013890376718443136
5,dimuon,0.001,345,3.7850383860024996e-05,0.00012497768255668632
5,dimuon,0.001,350,3.7850383860024996e-05,6.445277628994823e-05
5,dimuon,0.001,351,3.7850383860024996e-05,0.00010212462060346365
5,dimuon,0.001,352,3.7850383860024996e-05,0.00013247634351008748
5,dimuon,0.001,353,3.7850383860024996e-05,0.00015104445634708086
5,dimuon,0.001,354,3.7850383860024996e-05,0.00015158007498660954
5,dimuon,0.001,355,3.7850383860024996e-05,0.0001480092840564185
5,dimuon,0.001,356,3.7850383860024996e-05,0.00013890376718443136
5,dimuon,0.001,357,3.7850383860024996e-05,0.00012497768255668632
5,dimuon,0.001,362,3.7850383860024996e-05,6.445277628994823e-05
5,dimuon,0.001,363,3.7850383860024996e-05,0.00010212462060346365
5,dimuon,0.001,364,3.7850383860024996e-05,0.00013247634351008748
5,dimuon,0.001,365,3.7850383860024996e-05,0.00015104445634708086
5,dimuon,0.001,366,3.7850383860024996e-05,0.00015158007498660954
5,dimuon,0.001,367,3.7850383860024996e-05,0.0001480092840564185
5,dimuon,0.001,368,3.7850383860024996e-05,0.00013890376718443136
5,dimuon,0.001,369,3.7850383860024996e-05,0.00012497768255668632
5,dimuon,0.001,374,3.7850383860024996e-05,6.445277628994823e-05
5,dimuon,0.001,375,3.7850383860024996e-05,0.00010212462060346365
5,dimuon,0.001,376,3.7850383860024996e-05,0.00013247634351008748
5,dimuon,0.001,377,3.7850383860024996e-05,0.00015104445634708086
5,dimuon,0.001,378,3.7850383860024996e-05,0.00015158007498660954
5,dimuon,0.001,379,3.7850383860024996e-05,0.0001480092840564185
5,dimuon,0.001,380,3.7850383860024996e-05,0.00013890376718443136
5,dimuon,0.001,381,3.7850383860024996e-05,0.00012497768255668632
5,dimuon,0.001,389,3.7850383860024996e-05,6.445277628994823e-05
5,dimuon,0.001,390,3.7850383860024996e-05,0.00010212462060346365
5,dimuon,0.001,391,3.7850383860024996e-05,0.00013247634351008748
5,dimuon,0.001,392,3.7850383860024996e-05,0.00015104445634708086
5,dimuon,0.001,393,3.7850383860024996e-05,0.00015158007498660954
5,dimuon,0.001,394,3.7850383860024996e-05,0.00015158007498660954
5,dimuon,0.001,395,3.7850383860024996e-05,0.00015158007498660954
5,dimuon,0.001,396,3.7850383860024996e-05,0.00015158007498660954
5,dimuon,0.001,397,3.7850383860024996e-05,0.00015158007498660954
5,dimuon,0.001,398,3.7850383860024996e-05,0.00015158007498660954
5,dimuon,0.001,399,3.7850383860024996e-05,0.00015158007498660954
5,dimuon,0.001,400,3.7850383860024996e-05,0.00015158007498660954
5,dimuon,0.001,401,3.7850383860024996e-05,0.00015158007498660954
5,dimuon,0.001,402,3.7850383860024996e-05,0.00015158007498660954
5,dimuon,0.001,403,3.7850383860024996e-05,0.00015158007498660954
5,dimuon,0.001,404,3.7850383860024996e-05,0.00015158007498660954
5,dimuon,0.001,405,3.7850383860024996e-05,0.00015158007498660954
5,dimuon,0.001,406,3.7850383860024996e-05,0.00015158007498660954
5,dimuon,0.001,407,3.7850383860024996e-05,0.00015158007498660954
5,dimuon,0.001,408,3.7850383860024996e-05,0.00015158007498660954
5,dimuon,0.001,409,3.7850383860024996e-05,0.00015158007498660954
5,dimuon,0.001,410,3.7850383860024996e-05,0.00015158007498660954
5,dimuon,0.001,411,3.7850383860024996e-05,0.00015158007498660954
5,dimuon,0.001,412,3.7850383860024996e-05,0.00015158007498660954
5,dimuon,0.001,413,3.7850383860024996e-05,0.00015158007498660954
5,dimuon,0.001,414,3.7850383860024996e-05,0.00015158007498660954
5,dimuon,0.001,415,3.7850383860024996e-05,0.00015158007498660954
5,dimuon,0.001,416,3.7850383860024996e-05,0.00015158007498660954
5,dimuon,0.001,417,3.7850383860024996e-05,0.00015158007498660954
5,dimuon,0.001,418,3.7850383860024996e-05,0.00015158007498660954
5,dimuon,0.001,419,3.7850383860024996e-05,0.00015158007498660954
5,dimuon,0.001,420,3.7850383860024996e-05,0.00015158007498660954
5,dimuon,0.001,421,3.7850383860024996e-05,0.00015158007498660954
5,dimuon,0.001,422,3.7850383860024996e-05,0.0001480092840564185
5,dimuon,0.001,423,3.7850383860024996e-05,0.00013890376718443136
5,dimuon,0.001,424,3.7850383860024996e-05,0.00012497768255668632
5,dimuon,0.001,432,3.7850383860024996e-05,6.445277628994823e-05
5,dimuon,0.001,433,3.7850383860024996e-05,0.00010212462060346365
5,dimuon,0.001,434,3.7850383860024996e-05,0.00013247634351008748
5,dimuon,0.001,435,3.7850383860024996e-05,0.00015104445634708086
5,dimuon,0.001,436,3.7850383860024996e-05,0.00015158007498660954
5,dimuon,0.001,437,3.7850383860024996e-05,0.00015158007498660954
5,dimuon,0.001,438,3.7850383860024996e-05,0.00015158007498660954
5,dimuon,0.001,439,3.7850383860024996e-05,0.00015158007498660954
5,dimuon,0.001,440,3.7850383860024996e-05,0.00015158007498660954
5,dimuon,0.001,441,3.7850383860024996e-05,0.00015158007498660954
5,dimuon,0.001,442,3.7850383860024996e-05,0.00015158007498660954
5,dimuon,0.001,443,3.7850383860024996e-05,0.00015158007498660954
5,dimuon,0.001,444,3.7850383860024996e-05,0.00015158007498660954
5,dimuon,0.001,445,3.7850383860024996e-05,0.00015158007498660954
5,dimuon,0.001,446,3.7850383860024996e-05,0.00015158007498660954
5,dimuon,0.001,447,3.7850383860024996e-05,0.00015158007498660954
5,dimuon,0.001,448,3.7850383860024996e-05,0.00015158007498660954
5,dimuon,0.001,449,3.7850383860024996e-05,0.00015158007498660954
5,dimuon,0.001,450,3.7850383860024996e-05,0.00015158007498660954
5,dimuon,0.001,451,3.7850383860024996e-05,0.00015158007498660954
5,dimuon,0.001,452,3.7850383860024996e-05,0.00015158007498660954
5,dimuon,0.001,453,3.7850383860024996e-05,0.00015158007498660954
5,dimuon,0.001,454,3.7850383860024996e-05,0.00015158007498660954
5,dimuon,0.001,455,3.7850383860024996e-05,0.00015158007498660954
5,dimuon,0.001,456,3.7850383860024996e-05,0.00015158007498660954
5,dimuon,0.001,457,3.7850383860024996e-05,0.00015158007498660954
5,dimuon,0.001,458,3.7850383860024996e-05,0.00015158007498660954
5,dimuon,0.001,459,3.7850383860024996e-05,0.00015158007498660954
5,dimuon,0.001,460,3.7850383860024996e-05,0.00015158007498660954
5,dimuon,0.001,461,3.7850383860024996e-05,0.00015158007498660954
5,dimuon,0.001,462,3.7850383860024996e-05,0.00015158007498660954
5,dimuon,0.001,463,3.7850383860024996e-05,0.00015158007498660954
5,dimuon,0.001,464,3.7850383860024996e-05,0.00015158007498660954
5,dimuon,0.001,465,3.7850383860024996e-05,0.0001480092840564185
5,dimuon,0.001,466,3.7850383860024996e-05,0.00013890376718443136
5,dimuon,0.001,467,3.7850383860024996e-05,0.00012497768255668632
5,dimuon,0.001,977,0,0
5,dimuon,0.001,1196,3.7850383860024996e-05,6.445277628994823e-05
5,dimuon,0.001,1197,3.7850383860024996e-05,0.00010212462060346365
5,dimuon,0.001,1198,3.7850383860024996e-05,0.00013247634351008748
5,dimuon,0.001,1199,3.7850383860024996e-05,0.00015104445634708086
5,dimuon,0.001,1200,3.7850383860024996e-05,0.00015158007498660954
5,dimuon,0.001,1201,3.7850383860024996e-05,0.0001480092840564185
5,dimuon,0.001,1202,3.7850383860024996e-05,0.00013890376718443136
5,dimuon,0.001,1203,3.7850383860024996e-05,0.00012497768255668632
5,dimuon,0.001,1208,3.7850383860024996e-05,6.445277628994823e-05
5,dimuon,0.001,1209,3.7850383860024996e-05,0.00010212462060346365
5,dimuon,0.001,1210,3.7850383860024996e-05,0.00013247634351008748
5,dimuon,0.001,1211,3.7850383860024996e-05,0.00015104445634708086
5,dimuon,0.001,1212,3.7850383860024996e-05,0.00015158007498660954
5,dimuon,0.001,1213,3.7850383860024996e-05,0.0001480092840564185
5,dimuon,0.001,1214,3.7850383860024996e-05,0.00013890376718443136
5,dimuon,0.001,1215,3.7850383860024996e-05,0.00012497768255668632
5,dimuon,0.001,1220,3.7850383860024996e-05,6.445277628994823e-05
5,dimuon,0.001,1221,3.7850383860024996e-05,0.00010212462060346365
5,dimuon,0.001,1222,3.7850383860024996e-05,0.00013247634351008748
5,dimuon,0.001,1223,3.7850383860024996e-05,0.00015104445634708086
5,dimuon,0.001,1224,3.7850383860024996e-05,0.00015158007498660954
5,dimuon,0.001,1225,3.7850383860024996e-05,0.0001480092840564185
5,dimuon,0.001,1226,3.7850383860024996e-05,0.00013890376718443136
5,dimuon,0.001,1227,3.7850383860024996e-05,0.00012497768255668632
5,dimuon,0.001,1232,3.7850383860024996e-05,6.445277628994823e-05
5,dimuon,0.001,1233,3.7850383860024996e-05,0.00010212462060346365
5,dimuon,0.001,1234,3.7850383860024996e-05,0.00013247634351008748
5,dimuon,0.001,1235,3.7850383860024996e-05,0.00015104445634708086
5,dimuon,0.001,1236,3.7850383860024996e-05,0.00015158007498660954
5,dimuon,0.001,1237,3.7850383860024996e-05,0.0001480092840564185
5,dimuon,0.001,1238,3.7850383860024996e-05,0.00013890376718443136
5,dimuon,0.001,1239,3.7850383860024996e-05,0.00012497768255668632
5,dimuon,0.001,1244,3.7850383860024996e-05,6.445277628994823e-05
5,dimuon,0.001,1245,3.7850383860024996e-05,0.00010212462060346365
5,dimuon,0.001,1246,3.7850383860024996e-05,0.00013247634351008748
5,dimuon,0.001,1247,3.7850383860024996e-05,0.00015104445634708086
5,dimuon,0.001,1248,3.7850383860024996e-05,0.00015158007498660954
5,dimuon,0.001,1249,3.7850383860024996e-05,0.0001480092840564185
5,dimuon,0.001,1250,3.7850383860024996e-05,0.00013890376718443136
5,dimuon,0.001,1251,3.7850383860024996e-05,0.00012497768255668632
5,dimuon,0.001,1256,3.7850383860024996e-05,6.445277628994823e-05
5,dimuon,0.001,1257,3.7850383860024996e-05,0.00010212462060346365
5,dimuon,0.001,1258,3.7850383860024996e-05,0.00013247634351008748
5,dimuon,0.001,1259,3.7850383860024996e-05,0.00015104445634708086
5,dimuon,0.001,1260,3.7850383860024996e-05,0.00015158007498660954
5,dimuon,0.001,1261,3.7850383860024996e-05,0.0001480092840564185
5,dimuon,0.001,1262,3.7850383860024996e-05,0.00013890376718443136
5,dimuon,0.001,1263,3.7850383860024996e-05,0.00012497768255668632
5,dimuon,0.001,1268,3.7850383860024996e-05,6.445277628994823e-05
5,dimuon,0.001,1269,3.7850383860024996e-05,0.00010212462060346365
5,dimuon,0.001,1270,3.7850383860024996e-05,0.00013247634351008748
5,dimuon,0.001,1271,3.7850383860024996e-05,0.00015104445634708086
5,dimuon,0.001,1272,3.7850383860024996e-05,0.00015158007498660954
5,dimuon,0.001,1273,3.7850383860024996e-05,0.0001480092840564185
5,dimuon,0.001,1274,3.7850383860024996e-05,0.00013890376718443136
5,dimuon,0.001,1275,3.7850383860024996e-05,0.00012497768255668632
5,dimuon,0.001,1283,3.7850383860024996e-05,6.445277628994823e-05
5,dimuon,0.001,1284,3.7850383860024996e-05,0.00010212462060346365
5,dimuon,0.001,1285,3.7850383860024996e-05,0.00013247634351008748
5,dimuon,0.001,1286,3.7850383860024996e-05,0.00015104445634708086
5,dimuon,0.001,1287,3.7850383860024996e-05,0.00015158007498660954
5,dimuon,0.001,1288,3.7850383860024996e-05,0.00015158007498660954
5,dimuon,0.001,1289,3.7850383860024996e-05,0.00015158007498660954
5,dimuon,0.001,1290,3.7850383860024996e-05,0.00015158007498660954
5,dimuon,0.001,1291,3.7850383860024996e-05,0.00015158007498660954
5,dimuon,0.001,1292,3.7850383860024996e-05,0.00015158007498660954
5,dimuon,0.001,1293,3.7850383860024996e-05,0.00015158007498660954
5,dimuon,0.001,1294,3.7850383860024996e-05,0.00015158007498660954
5,dimuon,0.001,1295,3.7850383860024996e-05,0.00015158007498660954
5,dimuon,0.001,1296,3.7850383860024996e-05,0.00015158007498660954
5,dimuon,0.001,1297,3.7850383860024996e-05,0.00015158007498660954
5,dimuon,0.001,1298,3.7850383860024996e-05,0.00015158007498660954
5,dimuon,0.001,1299,3.7850383860024996e-05,0.00015158007498660954
5,dimuon,0.001,1300,3.7850383860024996e-05,0.00015158007498660954
5,dimuon,0.001,1301,3.7850383860024996e-05,0.00015158007498660954
5,dimuon,0.001,1302,3.7850383860024996e-05,0.00015158007498660954
5,dimuon,0.001,1303,3.7850383860024996e-05,0.00015158007498660954
5,dimuon,0.001,1304,3.7850383860024996e-05,0.00015158007498660954
5,dimuon,0.001,1305,3.7850383860024996e-05,0.00015158007498660954
5,dimuon,0.001,1306,3.7850383860024996e-05,0.00015158007498660954
5,dimuon,0.001,1307,3.7850383860024996e-05,0.00015158007498660954
5,dimuon,0.001,1308,3.7850383860024996e-05,0.00015158007498660954
5,dimuon,0.001,1309,3.7850383860024996e-05,0.00015158007498660954
5,dimuon,0.001,1310,3.7850383860024996e-05,0.00015158007498660954
5,dimuon,0.001,1311,3.7850383860024996e-05,0.00015158007498660954
5,dimuon,0.001,1312,3.7850383860024996e-05,0.00015158007498660954
5,dimuon,0.001,1313,3.7850383860024996e-05,0.00015158007498660954
5,dimuon,0.001,1314,3.7850383860024996e-05,0.00015158007498660954
5,dimuon,0.001,1315,3.7850383860024996e-05,0.00015158007498660954
5,dimuon,0.001,1316,3.7850383860024996e-05,0.0001480092840564185
5,dimuon,0.001,1317,3.7850383860024996e-05,0.00013890376718443136
5,dimuon,0.001,1318,3.7850383860024996e-05,0.00012497768255668632
5,dimuon,0.001,1326,3.7850383860024996e-05,6.445277628994823e-05
5,dimuon,0.001,1327,3.7850383860024996e-05,0.00010212462060346365
5,dimuon,0.001,1328,3.7850383860024996e-05,0.00013247634351008748
5,dimuon,0.001,1329,3.7850383860024996e-05,0.00015104445634708086
5,dimuon,0.001,1330,3.7850383860024996e-05,0.00015158007498660954
5,dimuon,0.001,1331,3.7850383860024996e-05,0.00015158007498660954
5,dimuon,0.001,1332,3.7850383860024996e-05,0.00015158007498660954
5,dimuon,0.001,1333,3.7850383860024996e-05,0.00015158007498660954
5,dimuon,0.001,1334,3.7850383860024996e-05,0.00015158007498660954
5,dimuon,0.001,1335,3.7850383860024996e-05,0.00015158007498660954
5,dimuon,0.001,1336,3.7850383860024996e-05,0.00015158007498660954
5,dimuon,0.001,1337,3.7850383860024996e-05,0.00015158007498660954
5,dimuon,0.001,1338,3.7850383860024996e-05,0.00015158007498660954
5,dimuon,0.001,1339,3.7850383860024996e-05,0.00015158007498660954
5,dimuon,0.001,1340,3.7850383860024996e-05,0.00015158007498660954
5,dimuon,0.001,1341,3.7850383860024996e-05,0.00015158007498660954
5,dimuon,0.001,1342,3.7850383860024996e-05,0.00015158007498660954
5,dimuon,0.001,1343,3.7850383860024996e-05,0.00015158007498660954
5,dimuon,0.001,1344,3.7850383860024996e-05,0.00015158007498660954
5,dimuon,0.001,1345,3.7850383860024996e-05,0.00015158007498660954
5,dimuon,0.001,1346,3.7850383860024996e-05,0.00015158007498660954
5,dimuon,0.001,1347,3.7850383860024996e-05,0.00015158007498660954
5,dimuon,0.001,1348,3.7850383860024996e-05,0.00015158007498660954
5,dimuon,0.001,1349,3.7850383860024996e-05,0.00015158007498660954
5,dimuon,0.001,1350,3.7850383860024996e-05,0.00015158007498660954
5,dimuon,0.001,1351,3.7850383860024996e-05,0.00015158007498660954
5,dimuon,0.001,1352,3.7850383860024996e-05,0.00015158007498660954
5,dimuon,0.001,1353,3.7850383860024996e-05,0.00015158007498660954
5,dimuon,0.001,1354,3.7850383860024996e-05,0.00015158007498660954
5,dimuon,0.001,1355,3.7850383860024996e-05,0.00015158007498660954
5,dimuon,0.001,1356,3.7850383860024996e-05,0.00015158007498660954
5,dimuon,0.001,1357,3.7850383860024996e-05,0.00015158007498660954
5,dimuon,0.001,1358,3.7850383860024996e-05,0.00015158007498660954
5,dimuon,0.001,1359,3.7850383860024996e-05,0.0001480092840564185
5,dimuon,0.001,1360,3.7850383860024996e-05,0.00013890376718443136
5,dimuon,0.001,1361,3.7850383860024996e-05,0.00012497768255668632
5,dimuon,0.001,1871,3.7850383860024996e-05,3.7850383860024996e-05
5,dimuon,0.001,2090,3.7850383860024996e-05,6.445277628994823e-05
5,dimuon,0.001,2091,3.7850383860024996e-05,0.00010212462060346365
5,dimuon,0.001,2092,3.7850383860024996e-05,0.00013247634351008748
5,dimuon,0.001,2093,3.7850383860024996e-05,0.00015104445634708086
5,dimuon,0.001,2094,3.7850383860024996e-05,0.00015158007498660954
5,dimuon,0.001,2095,3.7850383860024996e-05,0.0001480092840564185
5,dimuon,0.001,2096,3.7850383860024996e-05,0.00013890376718443136
5,dimuon,0.001,2097,3.7850383860024996e-05,0.00012497768255668632
5,dimuon,0.001,2102,3.7850383860024996e-05,6.445277628994823e-05
5,dimuon,0.001,2103,3.7850383860024996e-05,0.00010212462060346365
5,dimuon,0.001,2104,3.7850383860024996e-05,0.00013247634351008748
5,dimuon,0.001,2105,3.7850383860024996e-05,0.00015104445634708086
5,dimuon,0.001,2106,3.7850383860024996e-05,0.00015158007498660954
5,dimuon,0.001,2107,3.7850383860024996e-05,0.0001480092840564185
5,dimuon,0.001,2108,3.7850383860024996e-05,0.00013890376718443136
5,dimuon,0.001,2109,3.7850383860024996e-05,0.00012497768255668632
5,dimuon,0.001,2114,3.7850383860024996e-05,6.445277628994823e-05
5,dimuon,0.001,2115,3.7850383860024996e-05,0.00010212462060346365
5,dimuon,0.001,2116,3.7850383860024996e-05,0.00013247634351008748
5,dimuon,0.001,2117,3.7850383860024996e-05,0.00015104445634708086
5,dimuon,0.001,2118,3.7850383860024996e-05,0.00015158007498660954
5,dimuon,0.001,2119,3.7850383860024996e-05,0.0001480092840564185
5,dimuon,0.001,2120,3.7850383860024996e-05,0.00013890376718443136
5,dimuon,0.001,2121,3.7850383860024996e-05,0.00012497768255668632
5,dimuon,0.001,2126,3.7850383860024996e-05,6.445277628994823e-05
5,dimuon,0.001,2127,3.7850383860024996e-05,0.00010212462060346365
5,dimuon,0.001,2128,3.7850383860024996e-05,0.00013247634351008748
5,dimuon,0.001,2129,3.7850383860024996e-05,0.00015104445634708086
5,dimuon,0.001,2130,3.7850383860024996e-05,0.00015158007498660954
5,dimuon,0.001,2131,3.7850383860024996e-05,0.0001480092840564185
5,dimuon,0.001,2132,3.7850383860024996e-05,0.00013890376718443136
5,dimuon,0.001,2133,3.7850383860024996e-05,0.00012497768255668632
5,dimuon,0.001,2138,3.7850383860024996e-05,6.445277628994823e-05
5,dimuon,0.001,2139,3.7850383860024996e-05,0.00010212462060346365
5,dimuon,0.001,2140,3.7850383860024996e-05,0.00013247634351008748
5,dimuon,0.001,2141,3.7850383860024996e-05,0.00015104445634708086
5,dimuon,0.001,2142,3.7850383860024996e-05,0.00015158007498660954
5,dimuon,0.001,2143,3.7850383860024996e-05,0.0001480092840564185
5,dimuon,0.001,2144,3.7850383860024996e-05,0.00013890376718443136
5,dimuon,0.001,2145,3.7850383860024996e-05,0.00012497768255668632
5,dimuon,0.001,2150,3.7850383860024996e-05,6.445277628994823e-05
5,dimuon,0.001,2151,3.7850383860024996e-05,0.00010212462060346365
5,dimuon,0.001,2152,3.7850383860024996e-05,0.00013247634351008748
5,dimuon,0.001,2153,3.7850383860024996e-05,0.00015104445634708086
5,dimuon,0.001,2154,3.7850383860024996e-05,0.00015158007498660954
5,dimuon,0.001,2155,3.7850383860024996e-05,0.0001480092840564185
5,dimuon,0.001,2156,3.7850383860024996e-05,0.00013890376718443136
5,dimuon,0.001,2157,3.7850383860024996e-05,0.00012497768255668632
5,dimuon,0.001,2162,3.7850383860024996e-05,6.445277628994823e-05
5,dimuon,0.001,2163,3.7850383860024996e-05,0.00010212462060346365
5,dimuon,0.001,2164,3.7850383860024996e-05,0.00013247634351008748
5,dimuon,0.001,2165,3.7850383860024996e-05,0.00015104445634708086
5,dimuon,0.001,2166,3.7850383860024996e-05,0.00015158007498660954
5,dimuon,0.001,2167,3.7850383860024996e-05,0.0001480092840564185
5,dimuon,0.001,2168,3.7850383860024996e-05,0.00013890376718443136
5,dimuon,0.001,2169,3.7850383860024996e-05,0.00012497768255668632
5,dimuon,0.001,2177,3.7850383860024996e-05,6.445277628994823e-05
5,dimuon,0.001,2178,3.7850383860024996e-05,0.00010212462060346365
5,dimuon,0.001,2179,3.7850383860024996e-05,0.00013247634351008748
5,dimuon,0.001,2180,3.7850383860024996e-05,0.00015104445634708086
5,dimuon,0.001,2181,3.7850383860024996e-05,0.00015158007498660954
5,dimuon,0.001,2182,3.7850383860024996e-05,0.00015158007498660954
5,dimuon,0.001,2183,3.7850383860024996e-05,0.00015158007498660954
5,dimuon,0.001,2184,3.7850383860024996e-05,0.00015158007498660954
5,dimuon,0.001,2185,3.7850383860024996e-05,0.00015158007498660954
5,dimuon,0.001,2186,3.7850383860024996e-05,0.00015158007498660954
5,dimuon,0.001,2187,3.7850383860024996e-05,0.00015158007498660954
5,dimuon,0.001,2188,3.7850383860024996e-05,0.00015158007498660954
5,dimuon,0.001,2189,3.7850383860024996e-05,0.00015158007498660954
5,dimuon,0.001,2190,3.7850383860024996e-05,0.00015158007498660954
5,dimuon,0.001,2191,3.7850383860024996e-05,0.00015158007498660954
5,dimuon,0.001,2192,3.7850383860024996e-05,0.00015158007498660954
5,dimuon,0.001,2193,3.7850383860024996e-05,0.00015158007498660954
5,dimuon,0.001,2194,3.7850383860024996e-05,0.00015158007498660954
5,dimuon,0.001,2195,3.7850383860024996e-05,0.00015158007498660954
5,dimuon,0.001,2196,3.7850383860024996e-05,0.00015158007498660954
5,dimuon,0.001,2197,3.7850383860024996e-05,0.00015158007498660954
5,dimuon,0.001,2198,3.7850383860024996e-05,0.00015158007498660954
5,dimuon,0.001,2199,3.7850383860024996e-05,0.00015158007498660954
5,dimuon,0.001,2200,3.7850383860024996e-05,0.00015158007498660954
5,dimuon,0.001,2201,3.7850383860024996e-05,0.00015158007498660954
5,dimuon,0.001,2202,3.7850383860024996e-05,0.00015158007498660954
5,dimuon,0.001,2203,3.7850383860024996e-05,0.00015158007498660954
5,dimuon,0.001,2204,3.7850383860024996e-05,0.00015158007498660954
5,dimuon,0.001,2205,3.7850383860024996e-05,0.00015158007498660954
5,dimuon,0.001,2206,3.7850383860024996e-05,0.00015158007498660954
5,dimuon,0.001,2207,3.7850383860024996e-05,0.00015158007498660954
5,dimuon,0.001,2208,3.7850383860024996e-05,0.00015158007498660954
5,dimuon,0.001,2209,3.7850383860024996e-05,0.00015158007498660954
5,dimuon,0.001,2210,3.7850383860024996e-05,0.0001480092840564185
5,dimuon,0.001,2211,3.7850383860024996e-05,0.00013890376718443136
5,dimuon,0.001,2212,3.7850383860024996e-05,0.00012497768255668632
5,dimuon,0.001,2220,3.7850383860024996e-05,6.445277628994823e-05
5,dimuon,0.001,2221,3.7850383860024996e-05,0.00010212462060346365
5,dimuon,0.001,2222,3.7850383860024996e-05,0.00013247634351008748
5,dimuon,0.001,2223,3.7850383860024996e-05,0.00015104445634708086
5,dimuon,0.001,2224,3.7850383860024996e-05,0.00015158007498660954
5,dimuon,0.001,2225,3.7850383860024996e-05,0.00015158007498660954
5,dimuon,0.001,2226,3.7850383860024996e-05,0.00015158007498660954
5,dimuon,0.001,2227,3.7850383860024996e-05,0.00015158007498660954
5,dimuon,0.001,2228,3.7850383860024996e-05,0.00015158007498660954
5,dimuon,0.001,2229,3.7850383860024996e-05,0.00015158007498660954
5,dimuon,0.001,2230,3.7850383860024996e-05,0.00015158007498660954
5,dimuon,0.001,2231,3.7850383860024996e-05,0.00015158007498660954
5,dimuon,0.001,2232,3.7850383860024996e-05,0.00015158007498660954
5,dimuon,0.001,2233,3.7850383860024996e-05,0.00015158007498660954
5,dimuon,0.001,2234,3.7850383860024996e-05,0.00015158007498660954
5,dimuon,0.001,2235,3.7850383860024996e-05,0.00015158007498660954
5,dimuon,0.001,2236,3.7850383860024996e-05,0.00015158007498660954
5,dimuon,0.001,2237,3.7850383860024996e-05,0.00015158007498660954
5,dimuon,0.001,2238,3.7850383860024996e-05,0.00015158007498660954
5,dimuon,0.001,2239,3.7850383860024996e-05,0.00015158007498660954
5,dimuon,0.001,2240,3.7850383860024996e-05,0.00015158007498660954
5,dimuon,0.001,2241,3.7850383860024996e-05,0.00015158007498660954
5,dimuon,0.001,2242,3.7850383860024996e-05,0.00015158007498660954
5,dimuon,0.001,2243,3.7850383860024996e-05,0.00015158007498660954
5,dimuon,0.001,2244,3.7850383860024996e-05,0.00015158007498660954
5,dimuon,0.001,2245,3.7850383860024996e-05,0.00015158007498660954
5,dimuon,0.001,2246,3.7850383860024996e-05,0.00015158007498660954
5,dimuon,0.001,2247,3.7850383860024996e-05,0.00015158007498660954
5,dimuon,0.001,2248,3.7850383860024996e-05,0.00015158007498660954
5,dimuon,0.001,2249,3.7850383860024996e-05,0.00015158007498660954
5,dimuon,0.001,2250,3.7850383860024996e-05,0.00015158007498660954
5,dimuon,0.001,2251,3.7850383860024996e-05,0.00015158007498660954
5,dimuon,0.001,2252,3.7850383860024996e-05,0.00015158007498660954
5,dimuon,0.001,2253,3.7850383860024996e-05,0.0001480092840564185
5,dimuon,0.001,2254,3.7850383860024996e-05,0.00013890376718443136
5,dimuon,0.001,2255,3.7850383860024996e-05,0.00012497768255668632
5,dimuon,0.01,1,0,0
5,dimuon,0.01,2,0,0
5,dimuon,0.01,3,0,0
5,dimuon,0.01,4,0,0
5,dimuon,0.01,5,0,0
5,dimuon,0.01,6,0,0
5,dimuon,0.01,7,0,0
5,dimuon,0.01,8,0,0
5,dimuon,0.01,9,0,0
5,dimuon,0.01,10,0,0
5,dimuon,0.01,11,0,0
5,dimuon,0.01,12,0,0
5,dimuon,0.01,86,0.00037850383860025,0.00037850383860025
5,dimuon,0.01,302,0.00037850383860025,0.0006445277628994823
5,dimuon,0.01,303,0.00037850383860025,0.0010212462060346366
5,dimuon,0.01,304,0.00037850383860025,0.0013247634351008749
5,dimuon,0.01,305,0.00037850383860025,0.0015104445634708085
5,dimuon,0.01,306,0.00037850383860025,0.001515800749866095
5,dimuon,0.01,307,0.00037850383860025,0.0014800928405641848
5,dimuon,0.01,308,0.00037850383860025,0.0013890376718443133
5,dimuon,0.01,309,0.00037850383860025,0.0012497768255668629
5,dimuon,0.01,314,0.00037850383860025,0.0006445277628994823
5,dimuon,0.01,315,0.00037850383860025,0.0010212462060346366
5,dimuon,0.01,316,0.00037850383860025,0.0013247634351008749
5,dimuon,0.01,317,0.00037850383860025,0.0015104445634708085
5,dimuon,0.01,318,0.00037850383860025,0.001515800749866095
5,dimuon,0.01,319,0.00037850383860025,0.0014800928405641848
5,dimuon,0.01,320,0.00037850383860025,0.0013890376718443133
5,dimuon,0.01,321,0.00037850383860025,0.0012497768255668629
5,dimuon,0.01,326,0.00037850383860025,0.0006445277628994823
5,dimuon,0.01,327,0.00037850383860025,0.0010212462060346366
5,dimuon,0.01,328,0.00037850383860025,0.0013247634351008749
5,dimuon,0.01,329,0.00037850383860025,0.0015104445634708085
5,dimuon,0.01,330,0.00037850383860025,0.001515800749866095
5,dimuon,0.01,331,0.00037850383860025,0.0014800928405641848
5,dimuon,0.01,332,0.00037850383860025,0.0013890376718443133
5,dimuon,0.01,333,0.00037850383860025,0.0012497768255668629
5,dimuon,0.01,338,0.00037850383860025,0.0006445277628994823
5,dimuon,0.01,339,0.00037850383860025,0.0010212462060346366
5,dimuon,0.01,340,0.00037850383860025,0.0013247634351008749
5,dimuon,0.01,341,0.00037850383860025,0.0015104445634708085
5,dimuon,0.01,342,0.00037850383860025,0.001515800749866095
5,dimuon,0.01,343,0.00037850383860025,0.0014800928405641848
5,dimuon,0.01,344,0.00037850383860025,0.0013890376718443133
5,dimuon,0.01,345,0.00037850383860025,0.0012497768255668629
5,dimuon,0.01,350,0.00037850383860025,0.0006445277628994823
5,dimuon,0.01,351,0.00037850383860025,0.0010212462060346366
5,dimuon,0.01,352,0.00037850383860025,0.0013247634351008749
5,dimuon,0.01,353,0.00037850383860025,0.0015104445634708085
5,dimuon,0.01,354,0.00037850383860025,0.001515800749866095
5,dimuon,0.01,355,0.00037850383860025,0.0014800928405641848
5,dimuon,0.01,356,0.00037850383860025,0.0013890376718443133
5,dimuon,0.01,357,0.00037850383860025,0.0012497768255668629
5,dimuon,0.01,362,0.00037850383860025,0.0006445277628994823
5,dimuon,0.01,363,0.00037850383860025,0.0010212462060346366
5,dimuon,0.01,364,0.00037850383860025,0.0013247634351008749
5,dimuon,0.01,365,0.00037850383860025,0.0015104445634708085
5,dimuon,0.01,366,0.00037850383860025,0.001515800749866095
5,dimuon,0.01,367,0.00037850383860025,0.0014800928405641848
5,dimuon,0.01,368,0.00037850383860025,0.0013890376718443133
5,dimuon,0.01,369,0.00037850383860025,0.0012497768255668629
5,dimuon,0.01,374,0.00037850383860025,0.0006445277628994823
5,dimuon,0.01,375,0.00037850383860025,0.0010212462060346366
5,dimuon,0.01,376,0.00037850383860025,0.0013247634351008749
5,dimuon,0.01,377,0.00037850383860025,0.0015104445634708085
5,dimuon,0.01,378,0.00037850383860025,0.001515800749866095
5,dimuon,0.01,379,0.00037850383860025,0.0014800928405641848
5,dimuon,0.01,380,0.00037850383860025,0.0013890376718443133
5,dimuon,0.01,381,0.00037850383860025,0.0012497768255668629
5,dimuon,0.01,389,0.00037850383860025,0.0006445277628994823
5,dimuon,0.01,390,0.00037850383860025,0.0010212462060346366
5,dimuon,0.01,391,0.00037850383860025,0.0013247634351008749
5,dimuon,0.01,392,0.00037850383860025,0.0015104445634708085
5,dimuon,0.01,393,0.00037850383860025,0.001515800749866095
5,dimuon,0.01,394,0.00037850383860025,0.001515800749866095
5,dimuon,0.01,395,0.00037850383860025,0.001515800749866095
5,dimuon,0.01,396,0.00037850383860025,0.001515800749866095
5,dimuon,0.01,397,0.00037850383860025,0.001515800749866095
5,dimuon,0.01,398,0.00037850383860025,0.001515800749866095
5,dimuon,0.01,399,0.00037850383860025,0.001515800749866095
5,dimuon,0.01,400,0.00037850383860025,0.001515800749866095
5,dimuon,0.01,401,0.00037850383860025,0.001515800749866095
5,dimuon,0.01,402,0.00037850383860025,0.001515800749866095
5,dimuon,0.01,403,0.00037850383860025,0.001515800749866095
5,dimuon,0.01,404,0.00037850383860025,0.001515800749866095
5,dimuon,0.01,405,0.00037850383860025,0.001515800749866095
5,dimuon,0.01,406,0.00037850383860025,0.001515800749866095
5,dimuon,0.01,407,0.00037850383860025,0.001515800749866095
5,dimuon,0.01,408,0.00037850383860025,0.001515800749866095
5,dimuon,0.01,409,0.00037850383860025,0.001515800749866095
5,dimuon,0.01,410,0.00037850383860025,0.001515800749866095
5,dimuon,0.01,411,0.00037850383860025,0.001515800749866095
5,dimuon,0.01,412,0.00037850383860025,0.001515800749866095
5,dimuon,0.01,413,0.00037850383860025,0.001515800749866095
5,dimuon,0.01,414,0.00037850383860025,0.001515800749866095
5,dimuon,0.01,415,0.00037850383860025,0.001515800749866095
5,dimuon,0.01,416,0.00037850383860025,0.001515800749866095
5,dimuon,0.01,417,0.00037850383860025,0.001515800749866095
5,dimuon,0.01,418,0.00037850383860025,0.001515800749866095
5,dimuon,0.01,419,0.00037850383860025,0.001515800749866095
5,dimuon,0.01,420,0.00037850383860025,0.001515800749866095
5,dimuon,0.01,421,0.00037850383860025,0.001515800749866095
5,dimuon,0.01,422,0.00037850383860025,0.0014800928405641848
5,dimuon,0.01,423,0.00037850383860025,0.0013890376718443133
5,dimuon,0.01,424,0.00037850383860025,0.0012497768255668629
5,dimuon,0.01,432,0.00037850383860025,0.0006445277628994823
5,dimuon,0.01,433,0.00037850383860025,0.0010212462060346366
5,dimuon,0.01,434,0.00037850383860025,0.0013247634351008749
5,dimuon,0.01,435,0.00037850383860025,0.0015104445634708085
5,dimuon,0.01,436,0.00037850383860025,0.001515800749866095
5,dimuon,0.01,437,0.00037850383860025,0.001515800749866095
5,dimuon,0.01,438,0.00037850383860025,0.001515800749866095
5,dimuon,0.01,439,0.00037850383860025,0.001515800749866095
5,dimuon,0.01,440,0.00037850383860025,0.001515800749866095
5,dimuon,0.01,441,0.00037850383860025,0.001515800749866095
5,dimuon,0.01,442,0.00037850383860025,0.001515800749866095
5,dimuon,0.01,443,0.00037850383860025,0.001515800749866095
5,dimuon,0.01,444,0.00037850383860025,0.001515800749866095
5,dimuon,0.01,445,0.00037850383860025,0.001515800749866095
5,dimuon,0.01,446,0.00037850383860025,0.001515800749866095
5,dimuon,0.01,447,0.00037850383860025,0.001515800749866095
5,dimuon,0.01,448,0.00037850383860025,0.001515800749866095
5,dimuon,0.01,449,0.00037850383860025,0.001515800749866095
5,dimuon,0.01,450,0.00037850383860025,0.001515800749866095
5,dimuon,0.01,451,0.00037850383860025,0.001515800749866095
5,dimuon,0.01,452,0.00037850383860025,0.001515800749866095
5,dimuon,0.01,453,0.00037850383860025,0.001515800749866095
5,dimuon,0.01,454,0.00037850383860025,0.001515800749866095
5,dimuon,0.01,455,0.00037850383860025,0.001515800749866095
5,dimuon,0.01,456,0.00037850383860025,0.001515800749866095
5,dimuon,0.01,457,0.00037850383860025,0.001515800749866095
5,dimuon,0.01,458,0.00037850383860025,0.001515800749866095
5,dimuon,0.01,459,0.00037850383860025,0.001515800749866095
5,dimuon,0.01,460,0.00037850383860025,0.001515800749866095
5,dimuon,0.01,461,0.00037850383860025,0.001515800749866095
5,dimuon,0.01,462,0.00037850383860025,0.001515800749866095
5,dimuon,0.01,463,0.00037850383860025,0.001515800749866095
5,dimuon,0.01,464,0.00037850383860025,0.001515800749866095
5,dimuon,0.01,465,0.00037850383860025,0.0014800928405641848
5,dimuon,0.01,466,0.00037850383860025,0.0013890376718443133
5,dimuon,0.01,467,0.00037850383860025,0.0012497768255668629
5,dimuon,0.01,977,0,0
5,dimuon,0.01,1196,0.00037850383860025,0.0006445277628994823
5,dimuon,0.01,1197,0.00037850383860025,0.0010212462060346366
5,dimuon,0.01,1198,0.00037850383860025,0.0013247634351008749
5,dimuon,0.01,1199,0.00037850383860025,0.0015104445634708085
5,dimuon,0.01,1200,0.00037850383860025,0.001515800749866095
5,dimuon,0.01,1201,0.00037850383860025,0.0014800928405641848
5,dimuon,0.01,1202,0.00037850383860025,0.0013890376718443133
5,dimuon,0.01,1203,0.00037850383860025,0.0012497768255668629
5,dimuon,0.01,1208,0.00037850383860025,0.0006445277628994823
5,dimuon,0.01,1209,0.00037850383860025,0.0010212462060346366
5,dimuon,0.01,1210,0.00037850383860025,0.0013247634351008749
5,dimuon,0.01,1211,0.00037850383860025,0.0015104445634708085
5,dimuon,0.01,1212,0.00037850383860025,0.001515800749866095
5,dimuon,0.01,1213,0.00037850383860025,0.0014800928405641848
5,dimuon,0.01,1214,0.00037850383860025,0.0013890376718443133
5,dimuon,0.01,1215,0.00037850383860025,0.0012497768255668629
5,dimuon,0.01,1220,0.00037850383860025,0.0006445277628994823
5,dimuon,0.01,1221,0.00037850383860025,0.0010212462060346366
5,dimuon,0.01,1222,0.00037850383860025,0.0013247634351008749
5,dimuon,0.01,1223,0.00037850383860025,0.0015104445634708085
5,dimuon,0.01,1224,0.00037850383860025,0.001515800749866095
5,dimuon,0.01,1225,0.00037850383860025,0.0014800928405641848
5,dimuon,0.01,1226,0.00037850383860025,0.0013890376718443133
5,dimuon,0.01,1227,0.00037850383860025,0.0012497768255668629
5,dimuon,0.01,1232,0.00037850383860025,0.0006445277628994823
5,dimuon,0.01,1233,0.00037850383860025,0.0010212462060346366
5,dimuon,0.01,1234,0.00037850383860025,0.0013247634351008749
5,dimuon,0.01,1235,0.00037850383860025,0.0015104445634708085
5,dimuon,0.01,1236,0.00037850383860025,0.001515800749866095
5,dimuon,0.01,1237,0.00037850383860025,0.0014800928405641848
5,dimuon,0.01,1238,0.00037850383860025,0.0013890376718443133
5,dimuon,0.01,1239,0.00037850383860025,0.0012497768255668629
5,dimuon,0.01,1244,0.00037850383860025,0.0006445277628994823
5,dimuon,0.01,1245,0.00037850383860025,0.0010212462060346366
5,dimuon,0.01,1246,0.00037850383860025,0.0013247634351008749
5,dimuon,0.01,1247,0.00037850383860025,0.0015104445634708085
5,dimuon,0.01,1248,0.00037850383860025,0.001515800749866095
5,dimuon,0.01,1249,0.00037850383860025,0.0014800928405641848
5,dimuon,0.01,1250,0.00037850383860025,0.0013890376718443133
5,dimuon,0.01,1251,0.00037850383860025,0.0012497768255668629
5,dimuon,0.01,1256,0.00037850383860025,0.0006445277628994823
5,dimuon,0.01,1257,0.00037850383860025,0.0010212462060346366
5,dimuon,0.01,1258,0.00037850383860025,0.0013247634351008749
5,dimuon,0.01,1259,0.00037850383860025,0.0015104445634708085
5,dimuon,0.01,1260,0.00037850383860025,0.001515800749866095
5,dimuon,0.01,1261,0.00037850383860025,0.0014800928405641848
5,dimuon,0.01,1262,0.00037850383860025,0.0013890376718443133
5,dimuon,0.01,1263,0.00037850383860025,0.0012497768255668629
5,dimuon,0.01,1268,0.00037850383860025,0.0006445277628994823
5,dimuon,0.01,1269,0.00037850383860025,0.0010212462060346366
5,dimuon,0.01,1270,0.00037850383860025,0.0013247634351008749
5,dimuon,0.01,1271,0.00037850383860025,0.0015104445634708085
5,dimuon,0.01,1272,0.00037850383860025,0.001515800749866095
5,dimuon,0.01,1273,0.00037850383860025,0.0014800928405641848
5,dimuon,0.01,1274,0.00037850383860025,0.0013890376718443133
5,dimuon,0.01,1275,0.00037850383860025,0.0012497768255668629
5,dimuon,0.01,1283,0.00037850383860025,0.0006445277628994823
5,dimuon,0.01,1284,0.00037850383860025,0.0010212462060346366
5,dimuon,0.01,1285,0.00037850383860025,0.0013247634351008749
5,dimuon,0.01,1286,0.00037850383860025,0.0015104445634708085
5,dimuon,0.01,1287,0.00037850383860025,0.001515800749866095
5,dimuon,0.01,1288,0.00037850383860025,0.001515800749866095
5,dimuon,0.01,1289,0.00037850383860025,0.001515800749866095
5,dimuon,0.01,1290,0.00037850383860025,0.001515800749866095
5,dimuon,0.01,1291,0.00037850383860025,0.001515800749866095
5,dimuon,0.01,1292,0.00037850383860025,0.001515800749866095
5,dimuon,0.01,1293,0.00037850383860025,0.001515800749866095
5,dimuon,0.01,1294,0.00037850383860025,0.001515800749866095
5,dimuon,0.01,1295,0.00037850383860025,0.001515800749866095
5,dimuon,0.01,1296,0.00037850383860025,0.001515800749866095
5,dimuon,0.01,1297,0.00037850383860025,0.001515800749866095
5,dimuon,0.01,1298,0.00037850383860025,0.001515800749866095
5,dimuon,0.01,1299,0.00037850383860025,0.001515800749866095
5,dimuon,0.01,1300,0.00037850383860025,0.001515800749866095
5,dimuon,0.01,1301,0.00037850383860025,0.001515800749866095
5,dimuon,0.01,1302,0.00037850383860025,0.001515800749866095
5,dimuon,0.01,1303,0.00037850383860025,0.001515800749866095
5,dimuon,0.01,1304,0.00037850383860025,0.001515800749866095
5,dimuon,0.01,1305,0.00037850383860025,0.001515800749866095
5,dimuon,0.01,1306,0.00037850383860025,0.001515800749866095
5,dimuon,0.01,1307,0.00037850383860025,0.001515800749866095
5,dimuon,0.01,1308,0.00037850383860025,0.001515800749866095
5,dimuon,0.01,1309,0.00037850383860025,0.001515800749866095
5,dimuon,0.01,1310,0.00037850383860025,0.001515800749866095
5,dimuon,0.01,1311,0.00037850383860025,0.001515800749866095
5,dimuon,0.01,1312,0.00037850383860025,0.001515800749866095
5,dimuon,0.01,1313,0.00037850383860025,0.001515800749866095
5,dimuon,0.01,1314,0.00037850383860025,0.001515800749866095
5,dimuon,0.01,1315,0.00037850383860025,0.001515800749866095
5,dimuon,0.01,1316,0.00037850383860025,0.0014800928405641848
5,dimuon,0.01,1317,0.00037850383860025,0.0013890376718443133
5,dimuon,0.01,1318,0.00037850383860025,0.0012497768255668629
5,dimuon,0.01,1326,0.00037850383860025,0.0006445277628994823
5,dimuon,0.01,1327,0.00037850383860025,0.0010212462060346366
5,dimuon,0.01,1328,0.00037850383860025,0.0013247634351008749
5,dimuon,0.01,1329,0.00037850383860025,0.0015104445634708085
5,dimuon,0.01,1330,0.00037850383860025,0.001515800749866095
5,dimuon,0.01,1331,0.00037850383860025,0.001515800749866095
5,dimuon,0.01,1332,0.00037850383860025,0.001515800749866095
5,dimuon,0.01,1333,0.00037850383860025,0.001515800749866095
5,dimuon,0.01,1334,0.00037850383860025,0.001515800749866095
5,dimuon,0.01,1335,0.00037850383860025,0.001515800749866095
5,dimuon,0.01,1336,0.00037850383860025,0.001515800749866095
5,dimuon,0.01,1337,0.00037850383860025,0.001515800749866095
5,dimuon,0.01,1338,0.00037850383860025,0.001515800749866095
5,dimuon,0.01,1339,0.00037850383860025,0.001515800749866095
5,dimuon,0.01,1340,0.00037850383860025,0.001515800749866095
5,dimuon,0.01,1341,0.00037850383860025,0.001515800749866095
5,dimuon,0.01,1342,0.00037850383860025,0.001515800749866095
5,dimuon,0.01,1343,0.00037850383860025,0.001515800749866095
5,dimuon,0.01,1344,0.00037850383860025,0.001515800749866095
5,dimuon,0.01,1345,0.00037850383860025,0.001515800749866095
5,dimuon,0.01,1346,0.00037850383860025,0.001515800749866095
5,dimuon,0.01,1347,0.00037850383860025,0.001515800749866095
5,dimuon,0.01,1348,0.00037850383860025,0.001515800749866095
5,dimuon,0.01,1349,0.00037850383860025,0.001515800749866095
5,dimuon,0.01,1350,0.00037850383860025,0.001515800749866095
5,dimuon,0.01,1351,0.00037850383860025,0.001515800749866095
5,dimuon,0.01,1352,0.00037850383860025,0.001515800749866095
5,dimuon,0.01,1353,0.00037850383860025,0.001515800749866095
5,dimuon,0.01,1354,0.00037850383860025,0.001515800749866095
5,dimuon,0.01,1355,0.00037850383860025,0.001515800749866095
5,dimuon,0.01,1356,0.00037850383860025,0.001515800749866095
5,dimuon,0.01,1357,0.00037850383860025,0.001515800749866095
5,dimuon,0.01,1358,0.00037850383860025,0.001515800749866095
5,dimuon,0.01,1359,0.00037850383860025,0.0014800928405641848
5,dimuon,0.01,1360,0.00037850383860025,0.0013890376718443133
5,dimuon,0.01,1361,0.00037850383860025,0.0012497768255668629
5,dimuon,0.01,1871,0.00037850383860025,0.00037850383860025
5,dimuon,0.01,2090,0.00037850383860025,0.0006445277628994823
5,dimuon,0.01,2091,0.00037850383860025,0.0010212462060346366
5,dimuon,0.01,2092,0.00037850383860025,0.0013247634351008749
5,dimuon,0.01,2093,0.00037850383860025,0.0015104445634708085
5,dimuon,0.01,2094,0.00037850383860025,0.001515800749866095
5,dimuon,0.01,2095,0.00037850383860025,0.0014800928405641848
5,dimuon,0.01,2096,0.00037850383860025,0.0013890376718443133
5,dimuon,0.01,2097,0.00037850383860025,0.0012497768255668629
5,dimuon,0.01,2102,0.00037850383860025,0.0006445277628994823
5,dimuon,0.01,2103,0.00037850383860025,0.0010212462060346366
5,dimuon,0.01,2104,0.00037850383860025,0.0013247634351008749
5,dimuon,0.01,2105,0.00037850383860025,0.0015104445634708085
5,dimuon,0.01,2106,0.00037850383860025,0.001515800749866095
5,dimuon,0.01,2107,0.00037850383860025,0.0014800928405641848
5,dimuon,0.01,2108,0.00037850383860025,0.0013890376718443133
5,dimuon,0.01,2109,0.00037850383860025,0.0012497768255668629
5,dimuon,0.01,2114,0.00037850383860025,0.0006445277628994823
5,dimuon,0.01,2115,0.00037850383860025,0.0010212462060346366
5,dimuon,0.01,2116,0.00037850383860025,0.0013247634351008749
5,dimuon,0.01,2117,0.00037850383860025,0.0015104445634708085
5,dimuon,0.01,2118,0.00037850383860025,0.001515800749866095
5,dimuon,0.01,2119,0.00037850383860025,0.0014800928405641848
5,dimuon,0.01,2120,0.00037850383860025,0.0013890376718443133
5,dimuon,0.01,2121,0.00037850383860025,0.0012497768255668629
5,dimuon,0.01,2126,0.00037850383860025,0.0006445277628994823
5,dimuon,0.01,2127,0.00037850383860025,0.0010212462060346366
5,dimuon,0.01,2128,0.00037850383860025,0.0013247634351008749
5,dimuon,0.01,2129,0.00037850383860025,0.0015104445634708085
5,dimuon,0.01,2130,0.00037850383860025,0.001515800749866095
5,dimuon,0.01,2131,0.00037850383860025,0.0014800928405641848
5,dimuon,0.01,2132,0.00037850383860025,0.0013890376718443133
5,dimuon,0.01,2133,0.00037850383860025,0.0012497768255668629
5,dimuon,0.01,2138,0.00037850383860025,0.0006445277628994823
5,dimuon,0.01,2139,0.00037850383860025,0.0010212462060346366
5,dimuon,0.01,2140,0.00037850383860025,0.0013247634351008749
5,dimuon,0.01,2141,0.00037850383860025,0.0015104445634708085
5,dimuon,0.01,2142,0.00037850383860025,0.001515800749866095
5,dimuon,0.01,2143,0.00037850383860025,0.0014800928405641848
5,dimuon,0.01,2144,0.00037850383860025,0.0013890376718443133
5,dimuon,0.01,2145,0.00037850383860025,0.0012497768255668629
5,dimuon,0.01,2150,0.00037850383860025,0.0006445277628994823
5,dimuon,0.01,2151,0.00037850383860025,0.0010212462060346366
5,dimuon,0.01,2152,0.00037850383860025,0.0013247634351008749
5,dimuon,0.01,2153,0.00037850383860025,0.0015104445634708085
5,dimuon,0.01,2154,0.00037850383860025,0.001515800749866095
5,dimuon,0.01,2155,0.00037850383860025,0.0014800928405641848
5,dimuon,0.01,2156,0.00037850383860025,0.0013890376718443133
5,dimuon,0.01,2157,0.00037850383860025,0.0012497768255668629
5,dimuon,0.01,2162,0.00037850383860025,0.0006445277628994823
5,dimuon,0.01,2163,0.00037850383860025,0.0010212462060346366
5,dimuon,0.01,2164,0.00037850383860025,0.0013247634351008749
5,dimuon,0.01,2165,0.00037850383860025,0.0015104445634708085
5,dimuon,0.01,2166,0.00037850383860025,0.001515800749866095
5,dimuon,0.01,2167,0.00037850383860025,0.0014800928405641848
5,dimuon,0.01,2168,0.00037850383860025,0.0013890376718443133
5,dimuon,0.01,2169,0.00037850383860025,0.0012497768255668629
5,dimuon,0.01,2177,0.00037850383860025,0.0006445277628994823
5,dimuon,0.01,2178,0.00037850383860025,0.0010212462060346366
5,dimuon,0.01,2179,0.00037850383860025,0.0013247634351008749
5,dimuon,0.01,2180,0.00037850383860025,0.0015104445634708085
5,dimuon,0.01,2181,0.00037850383860025,0.001515800749866095
5,dimuon,0.01,2182,0.00037850383860025,0.001515800749866095
5,dimuon,0.01,2183,0.00037850383860025,0.001515800749866095
5,dimuon,0.01,2184,0.00037850383860025,0.001515800749866095
5,dimuon,0.01,2185,0.00037850383860025,0.001515800749866095
5,dimuon,0.01,2186,0.00037850383860025,0.001515800749866095
5,dimuon,0.01,2187,0.00037850383860025,0.001515800749866095
5,dimuon,0.01,2188,0.00037850383860025,0.001515800749866095
5,dimuon,0.01,2189,0.00037850383860025,0.001515800749866095
5,dimuon,0.01,2190,0.00037850383860025,0.001515800749866095
5,dimuon,0.01,2191,0.00037850383860025,0.001515800749866095
5,dimuon,0.01,2192,0.00037850383860025,0.001515800749866095
5,dimuon,0.01,2193,0.00037850383860025,0.001515800749866095
5,dimuon,0.01,2194,0.00037850383860025,0.001515800749866095
5,dimuon,0.01,2195,0.00037850383860025,0.001515800749866095
5,dimuon,0.01,2196,0.00037850383860025,0.001515800749866095
5,dimuon,0.01,2197,0.00037850383860025,0.001515800749866095
5,dimuon,0.01,2198,0.00037850383860025,0.001515800749866095
5,dimuon,0.01,2199,0.00037850383860025,0.001515800749866095
5,dimuon,0.01,2200,0.00037850383860025,0.001515800749866095
5,dimuon,0.01,2201,0.00037850383860025,0.001515800749866095
5,dimuon,0.01,2202,0.00037850383860025,0.001515800749866095
5,dimuon,0.01,2203,0.00037850383860025,0.001515800749866095
5,dimuon,0.01,2204,0.00037850383860025,0.001515800749866095
5,dimuon,0.01,2205,0.00037850383860025,0.001515800749866095
5,dimuon,0.01,2206,0.00037850383860025,0.001515800749866095
5,dimuon,0.01,2207,0.00037850383860025,0.001515800749866095
5,dimuon,0.01,2208,0.00037850383860025,0.001515800749866095
5,dimuon,0.01,2209,0.00037850383860025,0.001515800749866095
5,dimuon,0.01,2210,0.00037850383860025,0.0014800928405641848
5,dimuon,0.01,2211,0.00037850383860025,0.0013890376718443133
5,dimuon,0.01,2212,0.00037850383860025,0.0012497768255668629
5,dimuon,0.01,2220,0.00037850383860025,0.0006445277628994823
5,dimuon,0.01,2221,0.00037850383860025,0.0010212462060346366
5,dimuon,0.01,2222,0.00037850383860025,0.0013247634351008749
5,dimuon,0.01,2223,0.00037850383860025,0.0015104445634708085
5,dimuon,0.01,2224,0.00037850383860025,0.001515800749866095
5,dimuon,0.01,2225,0.00037850383860025,0.001515800749866095
5,dimuon,0.01,2226,0.00037850383860025,0.001515800749866095
5,dimuon,0.01,2227,0.00037850383860025,0.001515800749866095
5,dimuon,0.01,2228,0.00037850383860025,0.001515800749866095
5,dimuon,0.01,2229,0.00037850383860025,0.001515800749866095
5,dimuon,0.01,2230,0.00037850383860025,0.001515800749866095
5,dimuon,0.01,2231,0.00037850383860025,0.001515800749866095
5,dimuon,0.01,2232,0.00037850383860025,0.001515800749866095
5,dimuon,0.01,2233,0.00037850383860025,0.001515800749866095
5,dimuon,0.01,2234,0.00037850383860025,0.001515800749866095
5,dimuon,0.01,2235,0.00037850383860025,0.001515800749866095
5,dimuon,0.01,2236,0.00037850383860025,0.001515800749866095
5,dimuon,0.01,2237,0.00037850383860025,0.001515800749866095
5,dimuon,0.01,2238,0.00037850383860025,0.001515800749866095
5,dimuon,0.01,2239,0.00037850383860025,0.001515800749866095
5,dimuon,0.01,2240,0.00037850383860025,0.001515800749866095
5,dimuon,0.01,2241,0.00037850383860025,0.001515800749866095
5,dimuon,0.01,2242,0.00037850383860025,0.001515800749866095
5,dimuon,0.01,2243,0.00037850383860025,0.001515800749866095
5,dimuon,0.01,2244,0.00037850383860025,0.001515800749866095
5,dimuon,0.01,2245,0.00037850383860025,0.001515800749866095
5,dimuon,0.01,2246,0.00037850383860025,0.001515800749866095
5,dimuon,0.01,2247,0.00037850383860025,0.001515800749866095
5,dimuon,0.01,2248,0.00037850383860025,0.001515800749866095
5,dimuon,0.01,2249,0.00037850383860025,0.001515800749866095
5,dimuon,0.01,2250,0.00037850383860025,0.001515800749866095
5,dimuon,0.01,2251,0.00037850383860025,0.001515800749866095
5,dimuon,0.01,2252,0.00037850383860025,0.001515800749866095
5,dimuon,0.01,2253,0.00037850383860025,0.0014800928405641848
5,dimuon,0.01,2254,0.00037850383860025,0.0013890376718443133
5,dimuon,0.01,2255,0.00037850383860025,0.0012497768255668629
5,dimuon,0.05,1,0,0
5,dimuon,0.05,2,0,0
5,dimuon,0.05,3,0,0
5,dimuon,0.05,4,0,0
5,dimuon,0.05,5,0,0
5,dimuon,0.05,6,0,0
5,dimuon,0.05,7,0,0
5,dimuon,0.05,8,0,0
5,dimuon,0.05,9,0,0
5,dimuon,0.05,10,0,0
5,dimuon,0.05,11,0,0
5,dimuon,0.05,12,0,0
5,dimuon,0.05,86,0.00189251919300125,0.00189251919300125
5,dimuon,0.05,302,0.00189251919300125,0.0032226388144974112
5,dimuon,0.05,303,0.00189251919300125,0.005106231030173184
5,dimuon,0.05,304,0.00189251919300125,0.0066238171755043755
5,dimuon,0.05,305,0.00189251919300125,0.007552222817354045
5,dimuon,0.05,306,0.00189251919300125,0.007579003749330478
5,dimuon,0.05,307,0.00189251919300125,0.007400464202820926
5,dimuon,0.05,308,0.00189251919300125,0.006945188359221568
5,dimuon,0.05,309,0.00189251919300125,0.006248884127834316
5,dimuon,0.05,314,0.00189251919300125,0.0032226388144974112
5,dimuon,0.05,315,0.00189251919300125,0.005106231030173184
5,dimuon,0.05,316,0.00189251919300125,0.0066238171755043755
5,dimuon,0.05,317,0.00189251919300125,0.007552222817354045
5,dimuon,0.05,318,0.00189251919300125,0.007579003749330478
5,dimuon,0.05,319,0.00189251919300125,0.007400464202820926
5,dimuon,0.05,320,0.00189251919300125,0.006945188359221568
5,dimuon,0.05,321,0.00189251919300125,0.006248884127834316
5,dimuon,0.05,326,0.00189251919300125,0.0032226388144974112
5,dimuon,0.05,327,0.00189251919300125,0.005106231030173184
5,dimuon,0.05,328,0.00189251919300125,0.0066238171755043755
5,dimuon,0.05,329,0.00189251919300125,0.007552222817354045
5,dimuon,0.05,330,0.00189251919300125,0.007579003749330478
5,dimuon,0.05,331,0.00189251919300125,0.007400464202820926
5,dimuon,0.05,332,0.00189251919300125,0.006945188359221568
5,dimuon,0.05,333,0.00189251919300125,0.006248884127834316
5,dimuon,0.05,338,0.00189251919300125,0.0032226388144974112
5,dimuon,0.05,339,0.00189251919300125,0.005106231030173184
5,dimuon,0.05,340,0.00189251919300125,0.0066238171755043755
5,dimuon,0.05,341,0.00189251919300125,0.007552222817354045
5,dimuon,0.05,342,0.00189251919300125,0.007579003749330478
5,dimuon,0.05,343,0.00189251919300125,0.007400464202820926
5,dimuon,0.05,344,0.00189251919300125,0.006945188359221568
5,dimuon,0.05,345,0.00189251919300125,0.006248884127834316
5,dimuon,0.05,350,0.00189251919300125,0.0032226388144974112
5,dimuon,0.05,351,0.00189251919300125,0.005106231030173184
5,dimuon,0.05,352,0.00189251919300125,0.0066238171755043755
5,dimuon,0.05,353,0.00189251919300125,0.007552222817354045
5,dimuon,0.05,354,0.00189251919300125,0.007579003749330478
5,dimuon,0.05,355,0.00189251919300125,0.007400464202820926
5,dimuon,0.05,356,0.00189251919300125,0.006945188359221568
5,dimuon,0.05,357,0.00189251919300125,0.006248884127834316
5,dimuon,0.05,362,0.00189251919300125,0.0032226388144974112
5,dimuon,0.05,363,0.00189251919300125,0.005106231030173184
5,dimuon,0.05,364,0.00189251919300125,0.0066238171755043755
5,dimuon,0.05,365,0.00189251919300125,0.007552222817354045
5,dimuon,0.05,366,0.00189251919300125,0.007579003749330478
5,dimuon,0.05,367,0.00189251919300125,0.007400464202820926
5,dimuon,0.05,368,0.00189251919300125,0.006945188359221568
5,dimuon,0.05,369,0.00189251919300125,0.006248884127834316
5,dimuon,0.05,374,0.00189251919300125,0.0032226388144974112
5,dimuon,0.05,375,0.00189251919300125,0.005106231030173184
5,dimuon,0.05,376,0.00189251919300125,0.0066238171755043755
5,dimuon,0.05,377,0.00189251919300125,0.007552222817354045
5,dimuon,0.05,378,0.00189251919300125,0.007579003749330478
5,dimuon,0.05,379,0.00189251919300125,0.007400464202820926
5,dimuon,0.05,380,0.00189251919300125,0.006945188359221568
5,dimuon,0.05,381,0.00189251919300125,0.006248884127834316
5,dimuon,0.05,389,0.00189251919300125,0.0032226388144974112
5,dimuon,0.05,390,0.00189251919300125,0.005106231030173184
5,dimuon,0.05,391,0.00189251919300125,0.0066238171755043755
5,dimuon,0.05,392,0.00189251919300125,0.007552222817354045
5,dimuon,0.05,393,0.00189251919300125,0.007579003749330478
5,dimuon,0.05,394,0.00189251919300125,0.007579003749330478
5,dimuon,0.05,395,0.00189251919300125,0.007579003749330478
5,dimuon,0.05,396,0.00189251919300125,0.007579003749330478
5,dimuon,0.05,397,0.00189251919300125,0.007579003749330478
5,dimuon,0.05,398,0.00189251919300125,0.007579003749330478
5,dimuon,0.05,399,0.00189251919300125,0.007579003749330478
5,dimuon,0.05,400,0.00189251919300125,0.007579003749330478
5,dimuon,0.05,401,0.00189251919300125,0.007579003749330478
5,dimuon,0.05,402,0.00189251919300125,0.007579003749330478
5,dimuon,0.05,403,0.00189251919300125,0.007579003749330478
5,dimuon,0.05,404,0.00189251919300125,0.007579003749330478
5,dimuon,0.05,405,0.00189251919300125,0.007579003749330478
5,dimuon,0.05,406,0.00189251919300125,0.007579003749330478
5,dimuon,0.05,407,0.00189251919300125,0.007579003749330478
5,dimuon,0.05,408,0.00189251919300125,0.007579003749330478
5,dimuon,0.05,409,0.00189251919300125,0.007579003749330478
5,dimuon,0.05,410,0.00189251919300125,0.007579003749330478
5,dimuon,0.05,411,0.00189251919300125,0.007579003749330478
5,dimuon,0.05,412,0.00189251919300125,0.007579003749330478
5,dimuon,0.05,413,0.00189251919300125,0.007579003749330478
5,dimuon,0.05,414,0.00189251919300125,0.007579003749330478
5,dimuon,0.05,415,0.00189251919300125,0.007579003749330478
5,dimuon,0.05,416,0.00189251919300125,0.007579003749330478
5,dimuon,0.05,417,0.00189251919300125,0.007579003749330478
5,dimuon,0.05,418,0.00189251919300125,0.007579003749330478
5,dimuon,0.05,419,0.00189251919300125,0.007579003749330478
5,dimuon,0.05,420,0.00189251919300125,0.007579003749330478
5,dimuon,0.05,421,0.00189251919300125,0.007579003749330478
5,dimuon,0.05,422,0.00189251919300125,0.007400464202820926
5,dimuon,0.05,423,0.00189251919300125,0.006945188359221568
5,dimuon,0.05,424,0.00189251919300125,0.006248884127834316
5,dimuon,0.05,432,0.00189251919300125,0.0032226388144974112
5,dimuon,0.05,433,0.00189251919300125,0.005106231030173184
5,dimuon,0.05,434,0.00189251919300125,0.0066238171755043755
5,dimuon,0.05,435,0.00189251919300125,0.007552222817354045
5,dimuon,0.05,436,0.00189251919300125,0.007579003749330478
5,dimuon,0.05,437,0.00189251919300125,0.007579003749330478
5,dimuon,0.05,438,0.00189251919300125,0.007579003749330478
5,dimuon,0.05,439,0.00189251919300125,0.007579003749330478
5,dimuon,0.05,440,0.00189251919300125,0.007579003749330478
5,dimuon,0.05,441,0.00189251919300125,0.007579003749330478
5,dimuon,0.05,442,0.00189251919300125,0.007579003749330478
5,dimuon,0.05,443,0.00189251919300125,0.007579003749330478
5,dimuon,0.05,444,0.00189251919300125,0.007579003749330478
5,dimuon,0.05,445,0.00189251919300125,0.007579003749330478
5,dimuon,0.05,446,0.00189251919300125,0.007579003749330478
5,dimuon,0.05,447,0.00189251919300125,0.007579003749330478
5,dimuon,0.05,448,0.00189251919300125,0.007579003749330478
5,dimuon,0.05,449,0.00189251919300125,0.007579003749330478
5,dimuon,0.05,450,0.00189251919300125,0.007579003749330478
5,dimuon,0.05,451,0.00189251919300125,0.007579003749330478
5,dimuon,0.05,452,0.00189251919300125,0.007579003749330478
5,dimuon,0.05,453,0.00189251919300125,0.007579003749330478
5,dimuon,0.05,454,0.00189251919300125,0.007579003749330478
5,dimuon,0.05,455,0.00189251919300125,0.007579003749330478
5,dimuon,0.05,456,0.00189251919300125,0.007579003749330478
5,dimuon,0.05,457,0.00189251919300125,0.007579003749330478
5,dimuon,0.05,458,0.00189251919300125,0.007579003749330478
5,dimuon,0.05,459,0.00189251919300125,0.007579003749330478
5,dimuon,0.05,460,0.00189251919300125,0.007579003749330478
5,dimuon,0.05,461,0.00189251919300125,0.007579003749330478
5,dimuon,0.05,462,0.00189251919300125,0.007579003749330478
5,dimuon,0.05,463,0.00189251919300125,0.007579003749330478
5,dimuon,0.05,464,0.00189251919300125,0.007579003749330478
5,dimuon,0.05,465,0.00189251919300125,0.007400464202820926
5,dimuon,0.05,466,0.00189251919300125,0.006945188359221568
5,dimuon,0.05,467,0.00189251919300125,0.006248884127834316
5,dimuon,0.05,977,0,0
5,dimuon,0.05,1196,0.00189251919300125,0.0032226388144974112
5,dimuon,0.05,1197,0.00189251919300125,0.005106231030173184
5,dimuon,0.05,1198,0.00189251919300125,0.0066238171755043755
5,dimuon,0.05,1199,0.00189251919300125,0.007552222817354045
5,dimuon,0.05,1200,0.00189251919300125,0.007579003749330478
5,dimuon,0.05,1201,0.00189251919300125,0.007400464202820926
5,dimuon,0.05,1202,0.00189251919300125,0.006945188359221568
5,dimuon,0.05,1203,0.00189251919300125,0.006248884127834316
5,dimuon,0.05,1208,0.00189251919300125,0.0032226388144974112
5,dimuon,0.05,1209,0.00189251919300125,0.005106231030173184
5,dimuon,0.05,1210,0.00189251919300125,0.0066238171755043755
5,dimuon,0.05,1211,0.00189251919300125,0.007552222817354045
5,dimuon,0.05,1212,0.00189251919300125,0.007579003749330478
5,dimuon,0.05,1213,0.00189251919300125,0.007400464202820926
5,dimuon,0.05,1214,0.00189251919300125,0.006945188359221568
5,dimuon,0.05,1215,0.00189251919300125,0.006248884127834316
5,dimuon,0.05,1220,0.00189251919300125,0.0032226388144974112
5,dimuon,0.05,1221,0.00189251919300125,0.005106231030173184
5,dimuon,0.05,1222,0.00189251919300125,0.0066238171755043755
5,dimuon,0.05,1223,0.00189251919300125,0.007552222817354045
5,dimuon,0.05,1224,0.00189251919300125,0.007579003749330478
5,dimuon,0.05,1225,0.00189251919300125,0.007400464202820926
5,dimuon,0.05,1226,0.00189251919300125,0.006945188359221568
5,dimuon,0.05,1227,0.00189251919300125,0.006248884127834316
5,dimuon,0.05,1232,0.00189251919300125,0.0032226388144974112
5,dimuon,0.05,1233,0.00189251919300125,0.005106231030173184
5,dimuon,0.05,1234,0.00189251919300125,0.0066238171755043755
5,dimuon,0.05,1235,0.00189251919300125,0.007552222817354045
5,dimuon,0.05,1236,0.00189251919300125,0.007579003749330478
5,dimuon,0.05,1237,0.00189251919300125,0.007400464202820926
5,dimuon,0.05,1238,0.00189251919300125,0.006945188359221568
5,dimuon,0.05,1239,0.00189251919300125,0.006248884127834316
5,dimuon,0.05,1244,0.00189251919300125,0.0032226388144974112
5,dimuon,0.05,1245,0.00189251919300125,0.005106231030173184
5,dimuon,0.05,1246,0.00189251919300125,0.0066238171755043755
5,dimuon,0.05,1247,0.00189251919300125,0.007552222817354045
5,dimuon,0.05,1248,0.00189251919300125,0.007579003749330478
5,dimuon,0.05,1249,0.00189251919300125,0.007400464202820926
5,dimuon,0.05,1250,0.00189251919300125,0.006945188359221568
5,dimuon,0.05,1251,0.00189251919300125,0.006248884127834316
5,dimuon,0.05,1256,0.00189251919300125,0.0032226388144974112
5,dimuon,0.05,1257,0.00189251919300125,0.005106231030173184
5,dimuon,0.05,1258,0.00189251919300125,0.0066238171755043755
5,dimuon,0.05,1259,0.00189251919300125,0.007552222817354045
5,dimuon,0.05,1260,0.00189251919300125,0.007579003749330478
5,dimuon,0.05,1261,0.00189251919300125,0.007400464202820926
5,dimuon,0.05,1262,0.00189251919300125,0.006945188359221568
5,dimuon,0.05,1263,0.00189251919300125,0.006248884127834316
5,dimuon,0.05,1268,0.00189251919300125,0.0032226388144974112
5,dimuon,0.05,1269,0.00189251919300125,0.005106231030173184
5,dimuon,0.05,1270,0.00189251919300125,0.0066238171755043755
5,dimuon,0.05,1271,0.00189251919300125,0.007552222817354045
5,dimuon,0.05,1272,0.00189251919300125,0.007579003749330478
5,dimuon,0.05,1273,0.00189251919300125,0.007400464202820926
5,dimuon,0.05,1274,0.00189251919300125,0.006945188359221568
5,dimuon,0.05,1275,0.00189251919300125,0.006248884127834316
5,dimuon,0.05,1283,0.00189251919300125,0.0032226388144974112
5,dimuon,0.05,1284,0.00189251919300125,0.005106231030173184
5,dimuon,0.05,1285,0.00189251919300125,0.0066238171755043755
5,dimuon,0.05,1286,0.00189251919300125,0.007552222817354045
5,dimuon,0.05,1287,0.00189251919300125,0.007579003749330478
5,dimuon,0.05,1288,0.00189251919300125,0.007579003749330478
5,dimuon,0.05,1289,0.00189251919300125,0.007579003749330478
5,dimuon,0.05,1290,0.00189251919300125,0.007579003749330478
5,dimuon,0.05,1291,0.00189251919300125,0.007579003749330478
5,dimuon,0.05,1292,0.00189251919300125,0.007579003749330478
5,dimuon,0.05,1293,0.00189251919300125,0.007579003749330478
5,dimuon,0.05,1294,0.00189251919300125,0.007579003749330478
5,dimuon,0.05,1295,0.00189251919300125,0.007579003749330478
5,dimuon,0.05,1296,0.00189251919300125,0.007579003749330478
5,dimuon,0.05,1297,0.00189251919300125,0.007579003749330478
5,dimuon,0.05,1298,0.00189251919300125,0.007579003749330478
5,dimuon,0.05,1299,0.00189251919300125,0.007579003749330478
5,dimuon,0.05,1300,0.00189251919300125,0.007579003749330478
5,dimuon,0.05,1301,0.00189251919300125,0.007579003749330478
5,dimuon,0.05,1302,0.00189251919300125,0.007579003749330478
5,dimuon,0.05,1303,0.00189251919300125,0.007579003749330478
5,dimuon,0.05,1304,0.00189251919300125,0.007579003749330478
5,dimuon,0.05,1305,0.00189251919300125,0.007579003749330478
5,dimuon,0.05,1306,0.00189251919300125,0.007579003749330478
5,dimuon,0.05,1307,0.00189251919300125,0.007579003749330478
5,dimuon,0.05,1308,0.00189251919300125,0.007579003749330478
5,dimuon,0.05,1309,0.00189251919300125,0.007579003749330478
5,dimuon,0.05,1310,0.00189251919300125,0.007579003749330478
5,dimuon,0.05,1311,0.00189251919300125,0.007579003749330478
5,dimuon,0.05,1312,0.00189251919300125,0.007579003749330478
5,dimuon,0.05,1313,0.00189251919300125,0.007579003749330478
5,dimuon,0.05,1314,0.00189251919300125,0.007579003749330478
5,dimuon,0.05,1315,0.00189251919300125,0.007579003749330478
5,dimuon,0.05,1316,0.00189251919300125,0.007400464202820926
5,dimuon,0.05,1317,0.00189251919300125,0.006945188359221568
5,dimuon,0.05,1318,0.00189251919300125,0.006248884127834316
5,dimuon,0.05,1326,0.00189251919300125,0.0032226388144974112
5,dimuon,0.05,1327,0.00189251919300125,0.005106231030173184
5,dimuon,0.05,1328,0.00189251919300125,0.0066238171755043755
5,dimuon,0.05,1329,0.00189251919300125,0.007552222817354045
5,dimuon,0.05,1330,0.00189251919300125,0.007579003749330478
5,dimuon,0.05,1331,0.00189251919300125,0.007579003749330478
5,dimuon,0.05,1332,0.00189251919300125,0.007579003749330478
5,dimuon,0.05,1333,0.00189251919300125,0.007579003749330478
5,dimuon,0.05,1334,0.00189251919300125,0.007579003749330478
5,dimuon,0.05,1335,0.00189251919300125,0.007579003749330478
5,dimuon,0.05,1336,0.00189251919300125,0.007579003749330478
5,dimuon,0.05,1337,0.00189251919300125,0.007579003749330478
5,dimuon,0.05,1338,0.00189251919300125,0.007579003749330478
5,dimuon,0.05,1339,0.00189251919300125,0.007579003749330478
5,dimuon,0.05,1340,0.00189251919300125,0.007579003749330478
5,dimuon,0.05,1341,0.00189251919300125,0.007579003749330478
5,dimuon,0.05,1342,0.00189251919300125,0.007579003749330478
5,dimuon,0.05,1343,0.00189251919300125,0.007579003749330478
5,dimuon,0.05,1344,0.00189251919300125,0.007579003749330478
5,dimuon,0.05,1345,0.00189251919300125,0.007579003749330478
5,dimuon,0.05,1346,0.00189251919300125,0.007579003749330478
5,dimuon,0.05,1347,0.00189251919300125,0.007579003749330478
5,dimuon,0.05,1348,0.00189251919300125,0.007579003749330478
5,dimuon,0.05,1349,0.00189251919300125,0.007579003749330478
5,dimuon,0.05,1350,0.00189251919300125,0.007579003749330478
5,dimuon,0.05,1351,0.00189251919300125,0.007579003749330478
5,dimuon,0.05,1352,0.00189251919300125,0.007579003749330478
5,dimuon,0.05,1353,0.00189251919300125,0.007579003749330478
5,dimuon,0.05,1354,0.00189251919300125,0.007579003749330478
5,dimuon,0.05,1355,0.00189251919300125,0.007579003749330478
5,dimuon,0.05,1356,0.00189251919300125,0.007579003749330478
5,dimuon,0.05,1357,0.00189251919300125,0.007579003749330478
5,dimuon,0.05,1358,0.00189251919300125,0.007579003749330478
5,dimuon,0.05,1359,0.00189251919300125,0.007400464202820926
5,dimuon,0.05,1360,0.00189251919300125,0.006945188359221568
5,dimuon,0.05,1361,0.00189251919300125,0.006248884127834316
5,dimuon,0.05,1871,0.00189251919300125,0.00189251919300125
5,dimuon,0.05,2090,0.00189251919300125,0.0032226388144974112
5,dimuon,0.05,2091,0.00189251919300125,0.005106231030173184
5,dimuon,0.05,2092,0.00189251919300125,0.0066238171755043755
5,dimuon,0.05,2093,0.00189251919300125,0.007552222817354045
5,dimuon,0.05,2094,0.00189251919300125,0.007579003749330478
5,dimuon,0.05,2095,0.00189251919300125,0.007400464202820926
5,dimuon,0.05,2096,0.00189251919300125,0.006945188359221568
5,dimuon,0.05,2097,0.00189251919300125,0.006248884127834316
5,dimuon,0.05,2102,0.00189251919300125,0.0032226388144974112
5,dimuon,0.05,2103,0.00189251919300125,0.005106231030173184
5,dimuon,0.05,2104,0.00189251919300125,0.0066238171755043755
5,dimuon,0.05,2105,0.00189251919300125,0.007552222817354045
5,dimuon,0.05,2106,0.00189251919300125,0.007579003749330478
5,dimuon,0.05,2107,0.00189251919300125,0.007400464202820926
5,dimuon,0.05,2108,0.00189251919300125,0.006945188359221568
5,dimuon,0.05,2109,0.00189251919300125,0.006248884127834316
5,dimuon,0.05,2114,0.00189251919300125,0.0032226388144974112
5,dimuon,0.05,2115,0.00189251919300125,0.005106231030173184
5,dimuon,0.05,2116,0.00189251919300125,0.0066238171755043755
5,dimuon,0.05,2117,0.00189251919300125,0.007552222817354045
5,dimuon,0.05,2118,0.00189251919300125,0.007579003749330478
5,dimuon,0.05,2119,0.00189251919300125,0.007400464202820926
5,dimuon,0.05,2120,0.00189251919300125,0.006945188359221568
5,dimuon,0.05,2121,0.00189251919300125,0.006248884127834316
5,dimuon,0.05,2126,0.00189251919300125,0.0032226388144974112
5,dimuon,0.05,2127,0.00189251919300125,0.005106231030173184
5,dimuon,0.05,2128,0.00189251919300125,0.0066238171755043755
5,dimuon,0.05,2129,0.00189251919300125,0.007552222817354045
5,dimuon,0.05,2130,0.00189251919300125,0.007579003749330478
5,dimuon,0.05,2131,0.00189251919300125,0.007400464202820926
5,dimuon,0.05,2132,0.00189251919300125,0.006945188359221568
5,dimuon,0.05,2133,0.00189251919300125,0.006248884127834316
5,dimuon,0.05,2138,0.00189251919300125,0.0032226388144974112
5,dimuon,0.05,2139,0.00189251919300125,0.005106231030173184
5,dimuon,0.05,2140,0.00189251919300125,0.0066238171755043755
5,dimuon,0.05,2141,0.00189251919300125,0.007552222817354045
5,dimuon,0.05,2142,0.00189251919300125,0.007579003749330478
5,dimuon,0.05,2143,0.00189251919300125,0.007400464202820926
5,dimuon,0.05,2144,0.00189251919300125,0.006945188359221568
5,dimuon,0.05,2145,0.00189251919300125,0.006248884127834316
5,dimuon,0.05,2150,0.00189251919300125,0.0032226388144974112
5,dimuon,0.05,2151,0.00189251919300125,0.005106231030173184
5,dimuon,0.05,2152,0.00189251919300125,0.0066238171755043755
5,dimuon,0.05,2153,0.00189251919300125,0.007552222817354045
5,dimuon,0.05,2154,0.00189251919300125,0.007579003749330478
5,dimuon,0.05,2155,0.00189251919300125,0.007400464202820926
5,dimuon,0.05,2156,0.00189251919300125,0.006945188359221568
5,dimuon,0.05,2157,0.00189251919300125,0.006248884127834316
5,dimuon,0.05,2162,0.00189251919300125,0.0032226388144974112
5,dimuon,0.05,2163,0.00189251919300125,0.005106231030173184
5,dimuon,0.05,2164,0.00189251919300125,0.0066238171755043755
5,dimuon,0.05,2165,0.00189251919300125,0.007552222817354045
5,dimuon,0.05,2166,0.00189251919300125,0.007579003749330478
5,dimuon,0.05,2167,0.00189251919300125,0.007400464202820926
5,dimuon,0.05,2168,0.00189251919300125,0.006945188359221568
5,dimuon,0.05,2169,0.00189251919300125,0.006248884127834316
5,dimuon,0.05,2177,0.00189251919300125,0.0032226388144974112
5,dimuon,0.05,2178,0.00189251919300125,0.005106231030173184
5,dimuon,0.05,2179,0.00189251919300125,0.0066238171755043755
5,dimuon,0.05,2180,0.00189251919300125,0.007552222817354045
5,dimuon,0.05,2181,0.00189251919300125,0.007579003749330478
5,dimuon,0.05,2182,0.00189251919300125,0.007579003749330478
5,dimuon,0.05,2183,0.00189251919300125,0.007579003749330478
5,dimuon,0.05,2184,0.00189251919300125,0.007579003749330478
5,dimuon,0.05,2185,0.00189251919300125,0.007579003749330478
5,dimuon,0.05,2186,0.00189251919300125,0.007579003749330478
5,dimuon,0.05,2187,0.00189251919300125,0.007579003749330478
5,dimuon,0.05,2188,0.00189251919300125,0.007579003749330478
5,dimuon,0.05,2189,0.00189251919300125,0.007579003749330478
5,dimuon,0.05,2190,0.00189251919300125,0.007579003749330478
5,dimuon,0.05,2191,0.00189251919300125,0.007579003749330478
5,dimuon,0.05,2192,0.00189251919300125,0.007579003749330478
5,dimuon,0.05,2193,0.00189251919300125,0.007579003749330478
5,dimuon,0.05,2194,0.00189251919300125,0.007579003749330478
5,dimuon,0.05,2195,0.00189251919300125,0.007579003749330478
5,dimuon,0.05,2196,0.00189251919300125,0.007579003749330478
5,dimuon,0.05,2197,0.00189251919300125,0.007579003749330478
5,dimuon,0.05,2198,0.00189251919300125,0.007579003749330478
5,dimuon,0.05,2199,0.00189251919300125,0.007579003749330478
5,dimuon,0.05,2200,0.00189251919300125,0.007579003749330478
5,dimuon,0.05,2201,0.00189251919300125,0.007579003749330478
5,dimuon,0.05,2202,0.00189251919300125,0.007579003749330478
5,dimuon,0.05,2203,0.00189251919300125,0.007579003749330478
5,dimuon,0.05,2204,0.00189251919300125,0.007579003749330478
5,dimuon,0.05,2205,0.00189251919300125,0.007579003749330478
5,dimuon,0.05,2206,0.00189251919300125,0.007579003749330478
5,dimuon,0.05,2207,0.00189251919300125,0.007579003749330478
5,dimuon,0.05,2208,0.00189251919300125,0.007579003749330478
5,dimuon,0.05,2209,0.00189251919300125,0.007579003749330478
5,dimuon,0.05,2210,0.00189251919300125,0.007400464202820926
5,dimuon,0.05,2211,0.00189251919300125,0.006945188359221568
5,dimuon,0.05,2212,0.00189251919300125,0.006248884127834316
5,dimuon,0.05,2220,0.00189251919300125,0.0032226388144974112
5,dimuon,0.05,2221,0.00189251919300125,0.005106231030173184
5,dimuon,0.05,2222,0.00189251919300125,0.0066238171755043755
5,dimuon,0.05,2223,0.00189251919300125,0.007552222817354045
5,dimuon,0.05,2224,0.00189251919300125,0.007579003749330478
5,dimuon,0.05,2225,0.00189251919300125,0.007579003749330478
5,dimuon,0.05,2226,0.00189251919300125,0.007579003749330478
5,dimuon,0.05,2227,0.00189251919300125,0.007579003749330478
5,dimuon,0.05,2228,0.00189251919300125,0.007579003749330478
5,dimuon,0.05,2229,0.00189251919300125,0.007579003749330478
5,dimuon,0.05,2230,0.00189251919300125,0.007579003749330478
5,dimuon,0.05,2231,0.00189251919300125,0.007579003749330478
5,dimuon,0.05,2232,0.00189251919300125,0.007579003749330478
5,dimuon,0.05,2233,0.00189251919300125,0.007579003749330478
5,dimuon,0.05,2234,0.00189251919300125,0.007579003749330478
5,dimuon,0.05,2235,0.00189251919300125,0.007579003749330478
5,dimuon,0.05,2236,0.00189251919300125,0.007579003749330478
5,dimuon,0.05,2237,0.00189251919300125,0.007579003749330478
5,dimuon,0.05,2238,0.00189251919300125,0.007579003749330478
5,dimuon,0.05,2239,0.00189251919300125,0.007579003749330478
5,dimuon,0.05,2240,0.00189251919300125,0.007579003749330478
5,dimuon,0.05,2241,0.00189251919300125,0.007579003749330478
5,dimuon,0.05,2242,0.00189251919300125,0.007579003749330478
5,dimuon,0.05,2243,0.00189251919300125,0.007579003749330478
5,dimuon,0.05,2244,0.00189251919300125,0.007579003749330478
5,dimuon,0.05,2245,0.00189251919300125,0.007579003749330478
5,dimuon,0.05,2246,0.00189251919300125,0.007579003749330478
5,dimuon,0.05,2247,0.00189251919300125,0.007579003749330478
5,dimuon,0.05,2248,0.00189251919300125,0.007579003749330478
5,dimuon,0.05,2249,0.00189251919300125,0.007579003749330478
5,dimuon,0.05,2250,0.00189251919300125,0.007579003749330478
5,dimuon,0.05,2251,0.00189251919300125,0.007579003749330478
5,dimuon,0.05,2252,0.00189251919300125,0.007579003749330478
5,dimuon,0.05,2253,0.00189251919300125,0.007400464202820926
5,dimuon,0.05,2254,0.00189251919300125,0.006945188359221568
5,dimuon,0.05,2255,0.00189251919300125,0.006248884127834316
10,muon,0.001,1,0,0
10,muon,0.001,2,0,0
10,muon,0.001,3,0,0
10,muon,0.001,4,0,0
10,muon,0.001,5,0,0
10,muon,0.001,6,0,0
10,muon,0.001,7,0,0
10,muon,0.001,8,0,0
10,muon,0.001,9,0,0
10,muon,0.001,10,0,0
10,muon,0.001,11,0,0
10,muon,0.001,12,0,0
10,muon,0.001,86,0.0001829137653990359,0.0001829137653990359
10,muon,0.001,302,0.0001829137653990359,0.000490805213354758
10,muon,0.001,303,0.0001829137653990359,0.0006694340296375646
10,muon,0.001,304,0.0001829137653990359,0.0008357436172112121
10,muon,0.001,305,0.0001829137653990359,0.0009701838957329047
10,muon,0.001,306,0.0001829137653990359,0.0009827709337618283
10,muon,0.001,307,0.0001829137653990359,0.0009029637564720585
10,muon,0.001,308,0.0001829137653990359,0.0008146759507230851
10,muon,0.001,309,0.0001829137653990359,0.0006749687555793608
10,muon,0.001,314,0.0001829137653990359,0.000490805213354758
10,muon,0.001,315,0.0001829137653990359,0.0006694340296375646
10,muon,0.001,316,0.0001829137653990359,0.0008357436172112121
10,muon,0.001,317,0.0001829137653990359,0.0009701838957329047
10,muon,0.001,318,0.0001829137653990359,0.0009827709337618283
10,muon,0.001,319,0.0001829137653990359,0.0009029637564720585
10,muon,0.001,320,0.0001829137653990359,0.0008146759507230851
10,muon,0.001,321,0.0001829137653990359,0.0006749687555793608
10,muon,0.001,326,0.0001829137653990359,0.000490805213354758
10,muon,0.001,327,0.0001829137653990359,0.0006694340296375646
10,muon,0.001,328,0.0001829137653990359,0.0008357436172112121
10,muon,0.001,329,0.0001829137653990359,0.0009701838957329047
10,muon,0.001,330,0.0001829137653990359,0.0009827709337618283
10,muon,0.001,331,0.0001829137653990359,0.0009029637564720585
10,muon,0.001,332,0.0001829137653990359,0.0008146759507230851
10,muon,0.001,333,0.0001829137653990359,0.0006749687555793608
10,muon,0.001,338,0.0001829137653990359,0.000490805213354758
10,muon,0.001,339,0.0001829137653990359,0.0006694340296375646
10,muon,0.001,340,0.0001829137653990359,0.0008357436172112121
10,muon,0.001,341,0.0001829137653990359,0.0009701838957329047
10,muon,0.001,342,0.0001829137653990359,0.0009827709337618283
10,muon,0.001,343,0.0001829137653990359,0.0009029637564720585
10,muon,0.001,344,0.0001829137653990359,0.0008146759507230851
10,muon,0.001,345,0.0001829137653990359,0.0006749687555793608
10,muon,0.001,350,0.0001829137653990359,0.000490805213354758
10,muon,0.001,351,0.0001829137653990359,0.0006694340296375646
10,muon,0.001,352,0.0001829137653990359,0.0008357436172112121
10,muon,0.001,353,0.0001829137653990359,0.0009701838957329047
10,muon,0.001,354,0.0001829137653990359,0.0009827709337618283
10,muon,0.001,355,0.0001829137653990359,0.0009029637564720585
10,muon,0.001,356,0.0001829137653990359,0.0008146759507230851
10,muon,0.001,357,0.0001829137653990359,0.0006749687555793608
10,muon,0.001,362,0.0001829137653990359,0.000490805213354758
10,muon,0.001,363,0.0001829137653990359,0.0006694340296375646
10,muon,0.001,364,0.0001829137653990359,0.0008357436172112121
10,muon,0.001,365,0.0001829137653990359,0.0009701838957329047
10,muon,0.001,366,0.0001829137653990359,0.0009827709337618283
10,muon,0.001,367,0.0001829137653990359,0.0009029637564720585
10,muon,0.001,368,0.0001829137653990359,0.0008146759507230851
10,muon,0.001,369,0.0001829137653990359,0.0006749687555793608
10,muon,0.001,374,0.0001829137653990359,0.000490805213354758
10,muon,0.001,375,0.0001829137653990359,0.0006694340296375646
10,muon,0.001,376,0.0001829137653990359,0.0008357436172112121
10,muon,0.001,377,0.0001829137653990359,0.0009701838957329047
10,muon,0.001,378,0.0001829137653990359,0.0009827709337618283
10,muon,0.001,379,0.0001829137653990359,0.0009029637564720585
10,muon,0.001,380,0.0001829137653990359,0.0008146759507230851
10,muon,0.001,381,0.0001829137653990359,0.0006749687555793608
10,muon,0.001,389,0.0001829137653990359,0.000490805213354758
10,muon,0.001,390,0.0001829137653990359,0.0006694340296375646
10,muon,0.001,391,0.0001829137653990359,0.0008357436172112121
10,muon,0.001,392,0.0001829137653990359,0.0009701838957329047
10,muon,0.001,393,0.0001829137653990359,0.000982860203535083
10,muon,0.001,394,0.0001829137653990359,0.000982860203535083
10,muon,0.001,395,0.0001829137653990359,0.000982860203535083
10,muon,0.001,396,0.0001829137653990359,0.000982860203535083
10,muon,0.001,397,0.0001829137653990359,0.000982860203535083
10,muon,0.001,398,0.0001829137653990359,0.000982860203535083
10,muon,0.001,399,0.0001829137653990359,0.000982860203535083
10,muon,0.001,400,0.0001829137653990359,0.000982860203535083
10,muon,0.001,401,0.0001829137653990359,0.000982860203535083
10,muon,0.001,402,0.0001829137653990359,0.000982860203535083
10,muon,0.001,403,0.0001829137653990359,0.000982860203535083
10,muon,0.001,404,0.0001829137653990359,0.000982860203535083
10,muon,0.001,405,0.0001829137653990359,0.000982860203535083
10,muon,0.001,406,0.0001829137653990359,0.000982860203535083
10,muon,0.001,407,0.0001829137653990359,0.000982860203535083
10,muon,0.001,408,0.0001829137653990359,0.000982860203535083
10,muon,0.001,409,0.0001829137653990359,0.000982860203535083
10,muon,0.001,410,0.0001829137653990359,0.000982860203535083
10,muon,0.001,411,0.0001829137653990359,0.000982860203535083
10,muon,0.001,412,0.0001829137653990359,0.000982860203535083
10,muon,0.001,413,0.0001829137653990359,0.000982860203535083
10,muon,0.001,414,0.0001829137653990359,0.000982860203535083
10,muon,0.001,415,0.0001829137653990359,0.000982860203535083
10,muon,0.001,416,0.0001829137653990359,0.000982860203535083
10,muon,0.001,417,0.0001829137653990359,0.000982860203535083
10,muon,0.001,418,0.0001829137653990359,0.000982860203535083
10,muon,0.001,419,0.0001829137653990359,0.000982860203535083
10,muon,0.001,420,0.0001829137653990359,0.000982860203535083
10,muon,0.001,421,0.0001829137653990359,0.0009827709337618283
10,muon,0.001,422,0.0001829137653990359,0.0009029637564720585
10,muon,0.001,423,0.0001829137653990359,0.0008146759507230851
10,muon,0.001,424,0.0001829137653990359,0.0006749687555793608
10,muon,0.001,432,0.0001829137653990359,0.000490805213354758
10,muon,0.001,433,0.0001829137653990359,0.0006694340296375646
10,muon,0.001,434,0.0001829137653990359,0.0008357436172112121
10,muon,0.001,435,0.0001829137653990359,0.0009701838957329047
10,muon,0.001,436,0.0001829137653990359,0.000982860203535083
10,muon,0.001,437,0.0001829137653990359,0.000982860203535083
10,muon,0.001,438,0.0001829137653990359,0.000982860203535083
10,muon,0.001,439,0.0001829137653990359,0.000982860203535083
10,muon,0.001,440,0.0001829137653990359,0.000982860203535083
10,muon,0.001,441,0.0001829137653990359,0.000982860203535083
10,muon,0.001,442,0.0001829137653990359,0.000982860203535083
10,muon,0.001,443,0.0001829137653990359,0.000982860203535083
10,muon,0.001,444,0.0001829137653990359,0.000982860203535083
10,muon,0.001,445,0.0001829137653990359,0.000982860203535083
10,muon,0.001,446,0.0001829137653990359,0.000982860203535083
10,muon,0.001,447,0.0001829137653990359,0.000982860203535083
10,muon,0.001,448,0.0001829137653990359,0.000982860203535083
10,muon,0.001,449,0.0001829137653990359,0.000982860203535083
10,muon,0.001,450,0.0001829137653990359,0.000982860203535083
10,muon,0.001,451,0.0001829137653990359,0.000982860203535083
10,muon,0.001,452,0.0001829137653990359,0.000982860203535083
10,muon,0.001,453,0.0001829137653990359,0.000982860203535083
10,muon,0.001,454,0.0001829137653990359,0.000982860203535083
10,muon,0.001,455,0.0001829137653990359,0.000982860203535083
10,muon,0.001,456,0.0001829137653990359,0.000982860203535083
10,muon,0.001,457,0.0001829137653990359,0.000982860203535083
10,muon,0.001,458,0.0001829137653990359,0.000982860203535083
10,muon,0.001,459,0.0001829137653990359,0.000982860203535083
10,muon,0.001,460,0.0001829137653990359,0.000982860203535083
10,muon,0.001,461,0.0001829137653990359,0.000982860203535083
10,muon,0.001,462,0.0001829137653990359,0.000982860203535083
10,muon,0.001,463,0.0001829137653990359,0.000982860203535083
10,muon,0.001,464,0.0001829137653990359,0.0009827709337618283
10,muon,0.001,465,0.0001829137653990359,0.0009029637564720585
10,muon,0.001,466,0.0001829137653990359,0.0008146759507230851
10,muon,0.001,467,0.0001829137653990359,0.0006749687555793608
10,muon,0.001,977,0,0
10,muon,0.001,1196,0.0001829137653990359,0.000490805213354758
10,muon,0.001,1197,0.0001829137653990359,0.0006694340296375646
10,muon,0.001,1198,0.0001829137653990359,0.0008357436172112121
10,muon,0.001,1199,0.0001829137653990359,0.0009701838957329047
10,muon,0.001,1200,0.0001829137653990359,0.0009827709337618283
10,muon,0.001,1201,0.0001829137653990359,0.0009029637564720585
10,muon,0.001,1202,0.0001829137653990359,0.0008146759507230851
10,muon,0.001,1203,0.0001829137653990359,0.0006749687555793608
10,muon,0.001,1208,0.0001829137653990359,0.000490805213354758
10,muon,0.001,1209,0.0001829137653990359,0.0006694340296375646
10,muon,0.001,1210,0.0001829137653990359,0.0008357436172112121
10,muon,0.001,1211,0.0001829137653990359,0.0009701838957329047
10,muon,0.001,1212,0.0001829137653990359,0.0009827709337618283
10,muon,0.001,1213,0.0001829137653990359,0.0009029637564720585
10,muon,0.001,1214,0.0001829137653990359,0.0008146759507230851
10,muon,0.001,1215,0.0001829137653990359,0.0006749687555793608
10,muon,0.001,1220,0.0001829137653990359,0.000490805213354758
10,muon,0.001,1221,0.0001829137653990359,0.0006694340296375646
10,muon,0.001,1222,0.0001829137653990359,0.0008357436172112121
10,muon,0.001,1223,0.0001829137653990359,0.0009701838957329047
10,muon,0.001,1224,0.0001829137653990359,0.0009827709337618283
10,muon,0.001,1225,0.0001829137653990359,0.0009029637564720585
10,muon,0.001,1226,0.0001829137653990359,0.0008146759507230851
10,muon,0.001,1227,0.0001829137653990359,0.0006749687555793608
10,muon,0.001,1232,0.0001829137653990359,0.000490805213354758
10,muon,0.001,1233,0.0001829137653990359,0.0006694340296375646
10,muon,0.001,1234,0.0001829137653990359,0.0008357436172112121
10,muon,0.001,1235,0.0001829137653990359,0.0009701838957329047
10,muon,0.001,1236,0.0001829137653990359,0.0009827709337618283
10,muon,0.001,1237,0.0001829137653990359,0.0009029637564720585
10,muon,0.001,1238,0.0001829137653990359,0.0008146759507230851
10,muon,0.001,1239,0.0001829137653990359,0.0006749687555793608
10,muon,0.001,1244,0.0001829137653990359,0.000490805213354758
10,muon,0.001,1245,0.0001829137653990359,0.0006694340296375646
10,muon,0.001,1246,0.0001829137653990359,0.0008357436172112121
10,muon,0.001,1247,0.0001829137653990359,0.0009701838957329047
10,muon,0.001,1248,0.0001829137653990359,0.0009827709337618283
10,muon,0.001,1249,0.0001829137653990359,0.0009029637564720585
10,muon,0.001,1250,0.0001829137653990359,0.0008146759507230851
10,muon,0.001,1251,0.0001829137653990359,0.0006749687555793608
10,muon,0.001,1256,0.0001829137653990359,0.000490805213354758
10,muon,0.001,1257,0.0001829137653990359,0.0006694340296375646
10,muon,0.001,1258,0.0001829137653990359,0.0008357436172112121
10,muon,0.001,1259,0.0001829137653990359,0.0009701838957329047
10,muon,0.001,1260,0.0001829137653990359,0.0009827709337618283
10,muon,0.001,1261,0.0001829137653990359,0.0009029637564720585
10,muon,0.001,1262,0.0001829137653990359,0.0008146759507230851
10,muon,0.001,1263,0.0001829137653990359,0.0006749687555793608
10,muon,0.001,1268,0.0001829137653990359,0.000490805213354758
10,muon,0.001,1269,0.0001829137653990359,0.0006694340296375646
10,muon,0.001,1270,0.0001829137653990359,0.0008357436172112121
10,muon,0.001,1271,0.0001829137653990359,0.0009701838957329047
10,muon,0.001,1272,0.0001829137653990359,0.0009827709337618283
10,muon,0.001,1273,0.0001829137653990359,0.0009029637564720585
10,muon,0.001,1274,0.0001829137653990359,0.0008146759507230851
10,muon,0.001,1275,0.0001829137653990359,0.0006749687555793608
10,muon,0.001,1283,0.0001829137653990359,0.000490805213354758
10,muon,0.001,1284,0.0001829137653990359,0.0006694340296375646
10,muon,0.001,1285,0.0001829137653990359,0.0008357436172112121
10,muon,0.001,1286,0.0001829137653990359,0.0009701838957329047
10,muon,0.001,1287,0.0001829137653990359,0.000982860203535083
10,muon,0.001,1288,0.0001829137653990359,0.000982860203535083
10,muon,0.001,1289,0.0001829137653990359,0.000982860203535083
10,muon,0.001,1290,0.0001829137653990359,0.000982860203535083
10,muon,0.001,1291,0.0001829137653990359,0.000982860203535083
10,muon,0.001,1292,0.0001829137653990359,0.000982860203535083
10,muon,0.001,1293,0.0001829137653990359,0.000982860203535083
10,muon,0.001,1294,0.0001829137653990359,0.000982860203535083
10,muon,0.001,1295,0.0001829137653990359,0.000982860203535083
10,muon,0.001,1296,0.0001829137653990359,0.000982860203535083
10,muon,0.001,1297,0.0001829137653990359,0.000982860203535083
10,muon,0.001,1298,0.0001829137653990359,0.000982860203535083
10,muon,0.001,1299,0.0001829137653990359,0.000982860203535083
10,muon,0.001,1300,0.0001829137653990359,0.000982860203535083
10,muon,0.001,1301,0.0001829137653990359,0.000982860203535083
10,muon,0.001,1302,0.0001829137653990359,0.000982860203535083
10,muon,0.001,1303,0.0001829137653990359,0.000982860203535083
10,muon,0.001,1304,0.0001829137653990359,0.000982860203535083
10,muon,0.001,1305,0.0001829137653990359,0.000982860203535083
10,muon,0.001,1306,0.0001829137653990359,0.000982860203535083
10,muon,0.001,1307,0.0001829137653990359,0.000982860203535083
10,muon,0.001,1308,0.0001829137653990359,0.000982860203535083
10,muon,0.001,1309,0.0001829137653990359,0.000982860203535083
10,muon,0.001,1310,0.0001829137653990359,0.000982860203535083
10,muon,0.001,1311,0.0001829137653990359,0.000982860203535083
10,muon,0.001,1312,0.0001829137653990359,0.000982860203535083
10,muon,0.001,1313,0.0001829137653990359,0.000982860203535083
10,muon,0.001,1314,0.0001829137653990359,0.000982860203535083
10,muon,0.001,1315,0.0001829137653990359,0.0009827709337618283
10,muon,0.001,1316,0.0001829137653990359,0.0009029637564720585
10,muon,0.001,1317,0.0001829137653990359,0.0008146759507230851
10,muon,0.001,1318,0.0001829137653990359,0.0006749687555793608
10,muon,0.001,1326,0.0001829137653990359,0.000490805213354758
10,muon,0.001,1327,0.0001829137653990359,0.0006694340296375646
10,muon,0.001,1328,0.0001829137653990359,0.0008357436172112121
10,muon,0.001,1329,0.0001829137653990359,0.0009701838957329047
10,muon,0.001,1330,0.0001829137653990359,0.000982860203535083
10,muon,0.001,1331,0.0001829137653990359,0.000982860203535083
10,muon,0.001,1332,0.0001829137653990359,0.000982860203535083
10,muon,0.001,1333,0.0001829137653990359,0.000982860203535083
10,muon,0.001,1334,0.0001829137653990359,0.000982860203535083
10,muon,0.001,1335,0.0001829137653990359,0.000982860203535083
10,muon,0.001,1336,0.0001829137653990359,0.000982860203535083
10,muon,0.001,1337,0.0001829137653990359,0.000982860203535083
10,muon,0.001,1338,0.0001829137653990359,0.000982860203535083
10,muon,0.001,1339,0.0001829137653990359,0.000982860203535083
10,muon,0.001,1340,0.0001829137653990359,0.000982860203535083
10,muon,0.001,1341,0.0001829137653990359,0.000982860203535083
10,muon,0.001,1342,0.0001829137653990359,0.000982860203535083
10,muon,0.001,1343,0.0001829137653990359,0.000982860203535083
10,muon,0.001,1344,0.0001829137653990359,0.000982860203535083
10,muon,0.001,1345,0.0001829137653990359,0.000982860203535083
10,muon,0.001,1346,0.0001829137653990359,0.000982860203535083
10,muon,0.001,1347,0.0001829137653990359,0.000982860203535083
10,muon,0.001,1348,0.0001829137653990359,0.000982860203535083
10,muon,0.001,1349,0.0001829137653990359,0.000982860203535083
10,muon,0.001,1350,0.0001829137653990359,0.000982860203535083
10,muon,0.001,1351,0.0001829137653990359,0.000982860203535083
10,muon,0.001,1352,0.0001829137653990359,0.000982860203535083
10,muon,0.001,1353,0.0001829137653990359,0.000982860203535083
10,muon,0.001,1354,0.0001829137653990359,0.000982860203535083
10,muon,0.001,1355,0.0001829137653990359,0.000982860203535083
10,muon,0.001,1356,0.0001829137653990359,0.000982860203535083
10,muon,0.001,1357,0.0001829137653990359,0.000982860203535083
10,muon,0.001,1358,0.0001829137653990359,0.0009827709337618283
10,muon,0.001,1359,0.0001829137653990359,0.0009029637564720585
10,muon,0.001,1360,0.0001829137653990359,0.0008146759507230851
10,muon,0.001,1361,0.0001829137653990359,0.0006749687555793608
10,muon,0.001,1871,0.0001829137653990359,0.0001829137653990359
10,muon,0.001,2090,0.0001829137653990359,0.000490805213354758
10,muon,0.001,2091,0.0001829137653990359,0.0006694340296375646
10,muon,0.001,2092,0.0001829137653990359,0.0008357436172112121
10,muon,0.001,2093,0.0001829137653990359,0.0009701838957329047
10,muon,0.001,2094,0.0001829137653990359,0.0009827709337618283
10,muon,0.001,2095,0.0001829137653990359,0.0009029637564720585
10,muon,0.001,2096,0.0001829137653990359,0.0008146759507230851
10,muon,0.001,2097,0.0001829137653990359,0.0006749687555793608
10,muon,0.001,2102,0.0001829137653990359,0.000490805213354758
10,muon,0.001,2103,0.0001829137653990359,0.0006694340296375646
10,muon,0.001,2104,0.0001829137653990359,0.0008357436172112121
10,muon,0.001,2105,0.0001829137653990359,0.0009701838957329047
10,muon,0.001,2106,0.0001829137653990359,0.0009827709337618283
10,muon,0.001,2107,0.0001829137653990359,0.0009029637564720585
10,muon,0.001,2108,0.0001829137653990359,0.0008146759507230851
10,muon,0.001,2109,0.0001829137653990359,0.0006749687555793608
10,muon,0.001,2114,0.0001829137653990359,0.000490805213354758
10,muon,0.001,2115,0.0001829137653990359,0.0006694340296375646
10,muon,0.001,2116,0.0001829137653990359,0.0008357436172112121
10,muon,0.001,2117,0.0001829137653990359,0.0009701838957329047
10,muon,0.001,2118,0.0001829137653990359,0.0009827709337618283
10,muon,0.001,2119,0.0001829137653990359,0.0009029637564720585
10,muon,0.001,2120,0.0001829137653990359,0.0008146759507230851
10,muon,0.001,2121,0.0001829137653990359,0.0006749687555793608
10,muon,0.001,2126,0.0001829137653990359,0.000490805213354758
10,muon,0.001,2127,0.0001829137653990359,0.0006694340296375646
10,muon,0.001,2128,0.0001829137653990359,0.0008357436172112121
10,muon,0.001,2129,0.0001829137653990359,0.0009701838957329047
10,muon,0.001,2130,0.0001829137653990359,0.0009827709337618283
10,muon,0.001,2131,0.0001829137653990359,0.0009029637564720585
10,muon,0.001,2132,0.0001829137653990359,0.0008146759507230851
10,muon,0.001,2133,0.0001829137653990359,0.0006749687555793608
10,muon,0.001,2138,0.0001829137653990359,0.000490805213354758
10,muon,0.001,2139,0.0001829137653990359,0.0006694340296375646
10,muon,0.001,2140,0.0001829137653990359,0.0008357436172112121
10,muon,0.001,2141,0.0001829137653990359,0.0009701838957329047
10,muon,0.001,2142,0.0001829137653990359,0.0009827709337618283
10,muon,0.001,2143,0.0001829137653990359,0.0009029637564720585
10,muon,0.001,2144,0.0001829137653990359,0.0008146759507230851
10,muon,0.001,2145,0.0001829137653990359,0.0006749687555793608
10,muon,0.001,2150,0.0001829137653990359,0.000490805213354758
10,muon,0.001,2151,0.0001829137653990359,0.0006694340296375646
10,muon,0.001,2152,0.0001829137653990359,0.0008357436172112121
10,muon,0.001,2153,0.0001829137653990359,0.0009701838957329047
10,muon,0.001,2154,0.0001829137653990359,0.0009827709337618283
10,muon,0.001,2155,0.0001829137653990359,0.0009029637564720585
10,muon,0.001,2156,0.0001829137653990359,0.0008146759507230851
10,muon,0.001,2157,0.0001829137653990359,0.0006749687555793608
10,muon,0.001,2162,0.0001829137653990359,0.000490805213354758
10,muon,0.001,2163,0.0001829137653990359,0.0006694340296375646
10,muon,0.001,2164,0.0001829137653990359,0.0008357436172112121
10,muon,0.001,2165,0.0001829137653990359,0.0009701838957329047
10,muon,0.001,2166,0.0001829137653990359,0.0009827709337618283
10,muon,0.001,2167,0.0001829137653990359,0.0009029637564720585
10,muon,0.001,2168,0.0001829137653990359,0.0008146759507230851
10,muon,0.001,2169,0.0001829137653990359,0.0006749687555793608
10,muon,0.001,2177,0.0001829137653990359,0.000490805213354758
10,muon,0.001,2178,0.0001829137653990359,0.0006694340296375646
10,muon,0.001,2179,0.0001829137653990359,0.0008357436172112121
10,muon,0.001,2180,0.0001829137653990359,0.0009701838957329047
10,muon,0.001,2181,0.0001829137653990359,0.000982860203535083
10,muon,0.001,2182,0.0001829137653990359,0.000982860203535083
10,muon,0.001,2183,0.0001829137653990359,0.000982860203535083
10,muon,0.001,2184,0.0001829137653990359,0.000982860203535083
10,muon,0.001,2185,0.0001829137653990359,0.000982860203535083
10,muon,0.001,2186,0.0001829137653990359,0.000982860203535083
10,muon,0.001,2187,0.0001829137653990359,0.000982860203535083
10,muon,0.001,2188,0.0001829137653990359,0.000982860203535083
10,muon,0.001,2189,0.0001829137653990359,0.000982860203535083
10,muon,0.001,2190,0.0001829137653990359,0.000982860203535083
10,muon,0.001,2191,0.0001829137653990359,0.000982860203535083
10,muon,0.001,2192,0.0001829137653990359,0.000982860203535083
10,muon,0.001,2193,0.0001829137653990359,0.000982860203535083
10,muon,0.001,2194,0.0001829137653990359,0.000982860203535083
10,muon,0.001,2195,0.0001829137653990359,0.000982860203535083
10,muon,0.001,2196,0.0001829137653990359,0.000982860203535083
10,muon,0.001,2197,0.0001829137653990359,0.000982860203535083
10,muon,0.001,2198,0.0001829137653990359,0.000982860203535083
10,muon,0.001,2199,0.0001829137653990359,0.000982860203535083
10,muon,0.001,2200,0.0001829137653990359,0.000982860203535083
10,muon,0.001,2201,0.0001829137653990359,0.000982860203535083
10,muon,0.001,2202,0.0001829137653990359,0.000982860203535083
10,muon,0.001,2203,0.0001829137653990359,0.000982860203535083
10,muon,0.001,2204,0.0001829137653990359,0.000982860203535083
10,muon,0.001,2205,0.0001829137653990359,0.000982860203535083
10,muon,0.001,2206,0.0001829137653990359,0.000982860203535083
10,muon,0.001,2207,0.0001829137653990359,0.000982860203535083
10,muon,0.001,2208,0.0001829137653990359,0.000982860203535083
10,muon,0.001,2209,0.0001829137653990359,0.0009827709337618283
10,muon,0.001,2210,0.0001829137653990359,0.0009029637564720585
10,muon,0.001,2211,0.0001829137653990359,0.0008146759507230851
10,muon,0.001,2212,0.0001829137653990359,0.0006749687555793608
10,muon,0.001,2220,0.0001829137653990359,0.000490805213354758
10,muon,0.001,2221,0.0001829137653990359,0.0006694340296375646
10,muon,0.001,2222,0.0001829137653990359,0.0008357436172112121
10,muon,0.001,2223,0.0001829137653990359,0.0009701838957329047
10,muon,0.001,2224,0.0001829137653990359,0.000982860203535083
10,muon,0.001,2225,0.0001829137653990359,0.000982860203535083
10,muon,0.001,2226,0.0001829137653990359,0.000982860203535083
10,muon,0.001,2227,0.0001829137653990359,0.000982860203535083
10,muon,0.001,2228,0.0001829137653990359,0.000982860203535083
10,muon,0.001,2229,0.0001829137653990359,0.000982860203535083
10,muon,0.001,2230,0.0001829137653990359,0.000982860203535083
10,muon,0.001,2231,0.0001829137653990359,0.000982860203535083
10,muon,0.001,2232,0.0001829137653990359,0.000982860203535083
10,muon,0.001,2233,0.0001829137653990359,0.000982860203535083
10,muon,0.001,2234,0.0001829137653990359,0.000982860203535083
10,muon,0.001,2235,0.0001829137653990359,0.000982860203535083
10,muon,0.001,2236,0.0001829137653990359,0.000982860203535083
10,muon,0.001,2237,0.0001829137653990359,0.000982860203535083
10,muon,0.001,2238,0.0001829137653990359,0.000982860203535083
10,muon,0.001,2239,0.0001829137653990359,0.000982860203535083
10,muon,0.001,2240,0.0001829137653990359,0.000982860203535083
10,muon,0.001,2241,0.0001829137653990359,0.000982860203535083
10,muon,0.001,2242,0.0001829137653990359,0.000982860203535083
10,muon,0.001,2243,0.0001829137653990359,0.000982860203535083
10,muon,0.001,2244,0.0001829137653990359,0.000982860203535083
10,muon,0.001,2245,0.0001829137653990359,0.000982860203535083
10,muon,0.001,2246,0.0001829137653990359,0.000982860203535083
10,muon,0.001,2247,0.0001829137653990359,0.000982860203535083
10,muon,0.001,2248,0.0001829137653990359,0.000982860203535083
10,muon,0.001,2249,0.0001829137653990359,0.000982860203535083
10,muon,0.001,2250,0.0001829137653990359,0.000982860203535083
10,muon,0.001,2251,0.0001829137653990359,0.000982860203535083
10,muon,0.001,2252,0.0001829137653990359,0.0009827709337618283
10,muon,0.001,2253,0.0001829137653990359,0.0009029637564720585
10,muon,0.001,2254,0.0001829137653990359,0.0008146759507230851
10,muon,0.001,2255,0.0001829137653990359,0.0006749687555793608
10,muon,0.01,1,0,0
10,muon,0.01,2,0,0
10,muon,0.01,3,0,0
10,muon,0.01,4,0,0
10,muon,0.01,5,0,0
10,muon,0.01,6,0,0
10,muon,0.01,7,0,0
10,muon,0.01,8,0,0
10,muon,0.01,9,0,0
10,muon,0.01,10,0,0
10,muon,0.01,11,0,0
10,muon,0.01,12,0,0
10,muon,0.01,86,0.001829137653990359,0.001829137653990359
10,muon,0.01,302,0.001829137653990359,0.0049080521335475805
10,muon,0.01,303,0.001829137653990359,0.006694340296375646
10,muon,0.01,304,0.001829137653990359,0.008357436172112123
10,muon,0.01,305,0.001829137653990359,0.009701838957329048
10,muon,0.01,306,0.001829137653990359,0.009827709337618283
10,muon,0.01,307,0.001829137653990359,0.009029637564720586
10,muon,0.01,308,0.001829137653990359,0.008146759507230853
10,muon,0.01,309,0.001829137653990359,0.006749687555793609
10,muon,0.01,314,0.001829137653990359,0.0049080521335475805
10,muon,0.01,315,0.001829137653990359,0.006694340296375646
10,muon,0.01,316,0.001829137653990359,0.008357436172112123
10,muon,0.01,317,0.001829137653990359,0.009701838957329048
10,muon,0.01,318,0.001829137653990359,0.009827709337618283
10,muon,0.01,319,0.001829137653990359,0.009029637564720586
10,muon,0.01,320,0.001829137653990359,0.008146759507230853
10,muon,0.01,321,0.001829137653990359,0.006749687555793609
10,muon,0.01,326,0.001829137653990359,0.0049080521335475805
10,muon,0.01,327,0.001829137653990359,0.006694340296375646
10,muon,0.01,328,0.001829137653990359,0.008357436172112123
10,muon,0.01,329,0.001829137653990359,0.009701838957329048
10,muon,0.01,330,0.001829137653990359,0.009827709337618283
10,muon,0.01,331,0.001829137653990359,0.009029637564720586
10,muon,0.01,332,0.001829137653990359,0.008146759507230853
10,muon,0.01,333,0.001829137653990359,0.006749687555793609
10,muon,0.01,338,0.001829137653990359,0.0049080521335475805
10,muon,0.01,339,0.001829137653990359,0.006694340296375646
10,muon,0.01,340,0.001829137653990359,0.008357436172112123
10,muon,0.01,341,0.001829137653990359,0.009701838957329048
10,muon,0.01,342,0.001829137653990359,0.009827709337618283
10,muon,0.01,343,0.001829137653990359,0.009029637564720586
10,muon,0.01,344,0.001829137653990359,0.008146759507230853
10,muon,0.01,345,0.001829137653990359,0.006749687555793609
10,muon,0.01,350,0.001829137653990359,0.0049080521335475805
10,muon,0.01,351,0.001829137653990359,0.006694340296375646
10,muon,0.01,352,0.001829137653990359,0.008357436172112123
10,muon,0.01,353,0.001829137653990359,0.009701838957329048
10,muon,0.01,354,0.001829137653990359,0.009827709337618283
10,muon,0.01,355,0.001829137653990359,0.009029637564720586
10,muon,0.01,356,0.001829137653990359,0.008146759507230853
10,muon,0.01,357,0.001829137653990359,0.006749687555793609
10,muon,0.01,362,0.001829137653990359,0.0049080521335475805
10,muon,0.01,363,0.001829137653990359,0.006694340296375646
10,muon,0.01,364,0.001829137653990359,0.008357436172112123
10,muon,0.01,365,0.001829137653990359,0.009701838957329048
10,muon,0.01,366,0.001829137653990359,0.009827709337618283
10,muon,0.01,367,0.001829137653990359,0.009029637564720586
10,muon,0.01,368,0.001829137653990359,0.008146759507230853
10,muon,0.01,369,0.001829137653990359,0.006749687555793609
10,muon,0.01,374,0.001829137653990359,0.0049080521335475805
10,muon,0.01,375,0.001829137653990359,0.006694340296375646
10,muon,0.01,376,0.001829137653990359,0.008357436172112123
10,muon,0.01,377,0.001829137653990359,0.009701838957329048
10,muon,0.01,378,0.001829137653990359,0.009827709337618283
10,muon,0.01,379,0.001829137653990359,0.009029637564720586
10,muon,0.01,380,0.001829137653990359,0.008146759507230853
10,muon,0.01,381,0.001829137653990359,0.006749687555793609
10,muon,0.01,389,0.001829137653990359,0.0049080521335475805
10,muon,0.01,390,0.001829137653990359,0.006694340296375646
10,muon,0.01,391,0.001829137653990359,0.008357436172112123
10,muon,0.01,392,0.001829137653990359,0.009701838957329048
10,muon,0.01,393,0.001829137653990359,0.00982860203535083
10,muon,0.01,394,0.001829137653990359,0.00982860203535083
10,muon,0.01,395,0.001829137653990359,0.00982860203535083
10,muon,0.01,396,0.001829137653990359,0.00982860203535083
10,muon,0.01,397,0.001829137653990359,0.00982860203535083
10,muon,0.01,398,0.001829137653990359,0.00982860203535083
10,muon,0.01,399,0.001829137653990359,0.00982860203535083
10,muon,0.01,400,0.001829137653990359,0.00982860203535083
10,muon,0.01,401,0.001829137653990359,0.00982860203535083
10,muon,0.01,402,0.001829137653990359,0.00982860203535083
10,muon,0.01,403,0.001829137653990359,0.00982860203535083
10,muon,0.01,404,0.001829137653990359,0.00982860203535083
10,muon,0.01,405,0.001829137653990359,0.00982860203535083
10,muon,0.01,406,0.001829137653990359,0.00982860203535083
10,muon,0.01,407,0.001829137653990359,0.00982860203535083
10,muon,0.01,408,0.001829137653990359,0.00982860203535083
10,muon,0.01,409,0.001829137653990359,0.00982860203535083
10,muon,0.01,410,0.001829137653990359,0.00982860203535083
10,muon,0.01,411,0.001829137653990359,0.00982860203535083
10,muon,0.01,412,0.001829137653990359,0.00982860203535083
10,muon,0.01,413,0.001829137653990359,0.00982860203535083
10,muon,0.01,414,0.001829137653990359,0.00982860203535083
10,muon,0.01,415,0.001829137653990359,0.00982860203535083
10,muon,0.01,416,0.001829137653990359,0.00982860203535083
10,muon,0.01,417,0.001829137653990359,0.00982860203535083
10,muon,0.01,418,0.001829137653990359,0.00982860203535083
10,muon,0.01,419,0.001829137653990359,0.00982860203535083
10,muon,0.01,420,0.001829137653990359,0.00982860203535083
10,muon,0.01,421,0.001829137653990359,0.009827709337618283
10,muon,0.01,422,0.001829137653990359,0.009029637564720586
10,muon,0.01,423,0.001829137653990359,0.008146759507230853
10,muon,0.01,424,0.001829137653990359,0.006749687555793609
10,muon,0.01,432,0.001829137653990359,0.0049080521335475805
10,muon,0.01,433,0.001829137653990359,0.006694340296375646
10,muon,0.01,434,0.001829137653990359,0.008357436172112123
10,muon,0.01,435,0.001829137653990359,0.009701838957329048
10,muon,0.01,436,0.001829137653990359,0.00982860203535083
10,muon,0.01,437,0.001829137653990359,0.00982860203535083
10,muon,0.01,438,0.001829137653990359,0.00982860203535083
10,muon,0.01,439,0.001829137653990359,0.00982860203535083
10,muon,0.01,440,0.001829137653990359,0.00982860203535083
10,muon,0.01,441,0.001829137653990359,0.00982860203535083
10,muon,0.01,442,0.001829137653990359,0.00982860203535083
10,muon,0.01,443,0.001829137653990359,0.00982860203535083
10,muon,0.01,444,0.001829137653990359,0.00982860203535083
10,muon,0.01,445,0.001829137653990359,0.00982860203535083
10,muon,0.01,446,0.001829137653990359,0.00982860203535083
10,muon,0.01,447,0.001829137653990359,0.00982860203535083
10,muon,0.01,448,0.001829137653990359,0.00982860203535083
10,muon,0.01,449,0.001829137653990359,0.00982860203535083
10,muon,0.01,450,0.001829137653990359,0.00982860203535083
10,muon,0.01,451,0.001829137653990359,0.00982860203535083
10,muon,0.01,452,0.001829137653990359,0.00982860203535083
10,muon,0.01,453,0.001829137653990359,0.00982860203535083
10,muon,0.01,454,0.001829137653990359,0.00982860203535083
10,muon,0.01,455,0.001829137653990359,0.00982860203535083
10,muon,0.01,456,0.001829137653990359,0.00982860203535083
10,muon,0.01,457,0.001829137653990359,0.00982860203535083
10,muon,0.01,458,0.001829137653990359,0.00982860203535083
10,muon,0.01,459,0.001829137653990359,0.00982860203535083
10,muon,0.01,460,0.001829137653990359,0.00982860203535083
10,muon,0.01,461,0.001829137653990359,0.00982860203535083
10,muon,0.01,462,0.001829137653990359,0.00982860203535083
10,muon,0.01,463,0.001829137653990359,0.00982860203535083
10,muon,0.01,464,0.001829137653990359,0.009827709337618283
10,muon,0.01,465,0.001829137653990359,0.009029637564720586
10,muon,0.01,466,0.001829137653990359,0.008146759507230853
10,muon,0.01,467,0.001829137653990359,0.006749687555793609
10,muon,0.01,977,0,0
10,muon,0.01,1196,0.001829137653990359,0.0049080521335475805
10,muon,0.01,1197,0.001829137653990359,0.006694340296375646
10,muon,0.01,1198,0.001829137653990359,0.008357436172112123
10,muon,0.01,1199,0.001829137653990359,0.009701838957329048
10,muon,0.01,1200,0.001829137653990359,0.009827709337618283
10,muon,0.01,1201,0.001829137653990359,0.009029637564720586
10,muon,0.01,1202,0.001829137653990359,0.008146759507230853
10,muon,0.01,1203,0.001829137653990359,0.006749687555793609
10,muon,0.01,1208,0.001829137653990359,0.0049080521335475805
10,muon,0.01,1209,0.001829137653990359,0.006694340296375646
10,muon,0.01,1210,0.001829137653990359,0.008357436172112123
10,muon,0.01,1211,0.001829137653990359,0.009701838957329048
10,muon,0.01,1212,0.001829137653990359,0.009827709337618283
10,muon,0.01,1213,0.001829137653990359,0.009029637564720586
10,muon,0.01,1214,0.001829137653990359,0.008146759507230853
10,muon,0.01,1215,0.001829137653990359,0.006749687555793609
10,muon,0.01,1220,0.001829137653990359,0.0049080521335475805
10,muon,0.01,1221,0.001829137653990359,0.006694340296375646
10,muon,0.01,1222,0.001829137653990359,0.008357436172112123
10,muon,0.01,1223,0.001829137653990359,0.009701838957329048
10,muon,0.01,1224,0.001829137653990359,0.009827709337618283
10,muon,0.01,1225,0.001829137653990359,0.009029637564720586
10,muon,0.01,1226,0.001829137653990359,0.008146759507230853
10,muon,0.01,1227,0.001829137653990359,0.006749687555793609
10,muon,0.01,1232,0.001829137653990359,0.0049080521335475805
10,muon,0.01,1233,0.001829137653990359,0.006694340296375646
10,muon,0.01,1234,0.001829137653990359,0.008357436172112123
10,muon,0.01,1235,0.001829137653990359,0.009701838957329048
10,muon,0.01,1236,0.001829137653990359,0.009827709337618283
10,muon,0.01,1237,0.001829137653990359,0.009029637564720586
10,muon,0.01,1238,0.001829137653990359,0.008146759507230853
10,muon,0.01,1239,0.001829137653990359,0.006749687555793609
10,muon,0.01,1244,0.001829137653990359,0.0049080521335475805
10,muon,0.01,1245,0.001829137653990359,0.006694340296375646
10,muon,0.01,1246,0.001829137653990359,0.008357436172112123
10,muon,0.01,1247,0.001829137653990359,0.009701838957329048
10,muon,0.01,1248,0.001829137653990359,0.009827709337618283
10,muon,0.01,1249,0.001829137653990359,0.009029637564720586
10,muon,0.01,1250,0.001829137653990359,0.008146759507230853
10,muon,0.01,1251,0.001829137653990359,0.006749687555793609
10,muon,0.01,1256,0.001829137653990359,0.0049080521335475805
10,muon,0.01,1257,0.001829137653990359,0.006694340296375646
10,muon,0.01,1258,0.001829137653990359,0.008357436172112123
10,muon,0.01,1259,0.001829137653990359,0.009701838957329048
10,muon,0.01,1260,0.001829137653990359,0.009827709337618283
10,muon,0.01,1261,0.001829137653990359,0.009029637564720586
10,muon,0.01,1262,0.001829137653990359,0.008146759507230853
10,muon,0.01,1263,0.001829137653990359,0.006749687555793609
10,muon,0.01,1268,0.001829137653990359,0.0049080521335475805
10,muon,0.01,1269,0.001829137653990359,0.006694340296375646
10,muon,0.01,1270,0.001829137653990359,0.008357436172112123
10,muon,0.01,1271,0.001829137653990359,0.009701838957329048
10,muon,0.01,1272,0.001829137653990359,0.009827709337618283
10,muon,0.01,1273,0.001829137653990359,0.009029637564720586
10,muon,0.01,1274,0.001829137653990359,0.008146759507230853
10,muon,0.01,1275,0.001829137653990359,0.006749687555793609
10,muon,0.01,1283,0.001829137653990359,0.0049080521335475805
10,muon,0.01,1284,0.001829137653990359,0.006694340296375646
10,muon,0.01,1285,0.001829137653990359,0.008357436172112123
10,muon,0.01,1286,0.001829137653990359,0.009701838957329048
10,muon,0.01,1287,0.001829137653990359,0.00982860203535083
10,muon,0.01,1288,0.001829137653990359,0.00982860203535083
10,muon,0.01,1289,0.001829137653990359,0.00982860203535083
10,muon,0.01,1290,0.001829137653990359,0.00982860203535083
10,muon,0.01,1291,0.001829137653990359,0.00982860203535083
10,muon,0.01,1292,0.001829137653990359,0.00982860203535083
10,muon,0.01,1293,0.001829137653990359,0.00982860203535083
10,muon,0.01,1294,0.001829137653990359,0.00982860203535083
10,muon,0.01,1295,0.001829137653990359,0.00982860203535083
10,muon,0.01,1296,0.001829137653990359,0.00982860203535083
10,muon,0.01,1297,0.001829137653990359,0.00982860203535083
10,muon,0.01,1298,0.001829137653990359,0.00982860203535083
10,muon,0.01,1299,0.001829137653990359,0.00982860203535083
10,muon,0.01,1300,0.001829137653990359,0.00982860203535083
10,muon,0.01,1301,0.001829137653990359,0.00982860203535083
10,muon,0.01,1302,0.001829137653990359,0.00982860203535083
10,muon,0.01,1303,0.001829137653990359,0.00982860203535083
10,muon,0.01,1304,0.001829137653990359,0.00982860203535083
10,muon,0.01,1305,0.001829137653990359,0.00982860203535083
10,muon,0.01,1306,0.001829137653990359,0.00982860203535083
10,muon,0.01,1307,0.001829137653990359,0.00982860203535083
10,muon,0.01,1308,0.001829137653990359,0.00982860203535083
10,muon,0.01,1309,0.001829137653990359,0.00982860203535083
10,muon,0.01,1310,0.001829137653990359,0.00982860203535083
10,muon,0.01,1311,0.001829137653990359,0.00982860203535083
10,muon,0.01,1312,0.001829137653990359,0.00982860203535083
10,muon,0.01,1313,0.001829137653990359,0.00982860203535083
10,muon,0.01,1314,0.001829137653990359,0.00982860203535083
10,muon,0.01,1315,0.001829137653990359,0.009827709337618283
10,muon,0.01,1316,0.001829137653990359,0.009029637564720586
10,muon,0.01,1317,0.001829137653990359,0.008146759507230853
10,muon,0.01,1318,0.001829137653990359,0.006749687555793609
10,muon,0.01,1326,0.001829137653990359,0.0049080521335475805
10,muon,0.01,1327,0.001829137653990359,0.006694340296375646
10,muon,0.01,1328,0.001829137653990359,0.008357436172112123
10,muon,0.01,1329,0.001829137653990359,0.009701838957329048
10,muon,0.01,1330,0.001829137653990359,0.00982860203535083
10,muon,0.01,1331,0.001829137653990359,0.00982860203535083
10,muon,0.01,1332,0.001829137653990359,0.00982860203535083
10,muon,0.01,1333,0.001829137653990359,0.00982860203535083
10,muon,0.01,1334,0.001829137653990359,0.00982860203535083
10,muon,0.01,1335,0.001829137653990359,0.00982860203535083
10,muon,0.01,1336,0.001829137653990359,0.00982860203535083
10,muon,0.01,1337,0.001829137653990359,0.00982860203535083
10,muon,0.01,1338,0.001829137653990359,0.00982860203535083
10,muon,0.01,1339,0.001829137653990359,0.00982860203535083
10,muon,0.01,1340,0.001829137653990359,0.00982860203535083
10,muon,0.01,1341,0.001829137653990359,0.00982860203535083
10,muon,0.01,1342,0.001829137653990359,0.00982860203535083
10,muon,0.01,1343,0.001829137653990359,0.00982860203535083
10,muon,0.01,1344,0.001829137653990359,0.00982860203535083
10,muon,0.01,1345,0.001829137653990359,0.00982860203535083
10,muon,0.01,1346,0.001829137653990359,0.00982860203535083
10,muon,0.01,1347,0.001829137653990359,0.00982860203535083
10,muon,0.01,1348,0.001829137653990359,0.00982860203535083
10,muon,0.01,1349,0.001829137653990359,0.00982860203535083
10,muon,0.01,1350,0.001829137653990359,0.00982860203535083
10,muon,0.01,1351,0.001829137653990359,0.00982860203535083
10,muon,0.01,1352,0.001829137653990359,0.00982860203535083
10,muon,0.01,1353,0.001829137653990359,0.00982860203535083
10,muon,0.01,1354,0.001829137653990359,0.00982860203535083
10,muon,0.01,1355,0.001829137653990359,0.00982860203535083
10,muon,0.01,1356,0.001829137653990359,0.00982860203535083
10,muon,0.01,1357,0.001829137653990359,0.00982860203535083
10,muon,0.01,1358,0.001829137653990359,0.009827709337618283
10,muon,0.01,1359,0.001829137653990359,0.009029637564720586
10,muon,0.01,1360,0.001829137653990359,0.008146759507230853
10,muon,0.01,1361,0.001829137653990359,0.006749687555793609
10,muon,0.01,1871,0.001829137653990359,0.001829137653990359
10,muon,0.01,2090,0.001829137653990359,0.0049080521335475805
10,muon,0.01,2091,0.001829137653990359,0.006694340296375646
10,muon,0.01,2092,0.001829137653990359,0.008357436172112123
10,muon,0.01,2093,0.001829137653990359,0.009701838957329048
10,muon,0.01,2094,0.001829137653990359,0.009827709337618283
10,muon,0.01,2095,0.001829137653990359,0.009029637564720586
10,muon,0.01,2096,0.001829137653990359,0.008146759507230853
10,muon,0.01,2097,0.001829137653990359,0.006749687555793609
10,muon,0.01,2102,0.001829137653990359,0.0049080521335475805
10,muon,0.01,2103,0.001829137653990359,0.006694340296375646
10,muon,0.01,2104,0.001829137653990359,0.008357436172112123
10,muon,0.01,2105,0.001829137653990359,0.009701838957329048
10,muon,0.01,2106,0.001829137653990359,0.009827709337618283
10,muon,0.01,2107,0.001829137653990359,0.009029637564720586
10,muon,0.01,2108,0.001829137653990359,0.008146759507230853
10,muon,0.01,2109,0.001829137653990359,0.006749687555793609
10,muon,0.01,2114,0.001829137653990359,0.0049080521335475805
10,muon,0.01,2115,0.001829137653990359,0.006694340296375646
10,muon,0.01,2116,0.001829137653990359,0.008357436172112123
10,muon,0.01,2117,0.001829137653990359,0.009701838957329048
10,muon,0.01,2118,0.001829137653990359,0.009827709337618283
10,muon,0.01,2119,0.001829137653990359,0.009029637564720586
10,muon,0.01,2120,0.001829137653990359,0.008146759507230853
10,muon,0.01,2121,0.001829137653990359,0.006749687555793609
10,muon,0.01,2126,0.001829137653990359,0.0049080521335475805
10,muon,0.01,2127,0.001829137653990359,0.006694340296375646
10,muon,0.01,2128,0.001829137653990359,0.008357436172112123
10,muon,0.01,2129,0.001829137653990359,0.009701838957329048
10,muon,0.01,2130,0.001829137653990359,0.009827709337618283
10,muon,0.01,2131,0.001829137653990359,0.009029637564720586
10,muon,0.01,2132,0.001829137653990359,0.008146759507230853
10,muon,0.01,2133,0.001829137653990359,0.006749687555793609
10,muon,0.01,2138,0.001829137653990359,0.0049080521335475805
10,muon,0.01,2139,0.001829137653990359,0.006694340296375646
10,muon,0.01,2140,0.001829137653990359,0.008357436172112123
10,muon,0.01,2141,0.001829137653990359,0.009701838957329048
10,muon,0.01,2142,0.001829137653990359,0.009827709337618283
10,muon,0.01,2143,0.001829137653990359,0.009029637564720586
10,muon,0.01,2144,0.001829137653990359,0.008146759507230853
10,muon,0.01,2145,0.001829137653990359,0.006749687555793609
10,muon,0.01,2150,0.001829137653990359,0.0049080521335475805
10,muon,0.01,2151,0.001829137653990359,0.006694340296375646
10,muon,0.01,2152,0.001829137653990359,0.008357436172112123
10,muon,0.01,2153,0.001829137653990359,0.009701838957329048
10,muon,0.01,2154,0.001829137653990359,0.009827709337618283
10,muon,0.01,2155,0.001829137653990359,0.009029637564720586
10,muon,0.01,2156,0.001829137653990359,0.008146759507230853
10,muon,0.01,2157,0.001829137653990359,0.006749687555793609
10,muon,0.01,2162,0.001829137653990359,0.0049080521335475805
10,muon,0.01,2163,0.001829137653990359,0.006694340296375646
10,muon,0.01,2164,0.001829137653990359,0.008357436172112123
10,muon,0.01,2165,0.001829137653990359,0.009701838957329048
10,muon,0.01,2166,0.001829137653990359,0.009827709337618283
10,muon,0.01,2167,0.001829137653990359,0.009029637564720586
10,muon,0.01,2168,0.001829137653990359,0.008146759507230853
10,muon,0.01,2169,0.001829137653990359,0.006749687555793609
10,muon,0.01,2177,0.001829137653990359,0.0049080521335475805
10,muon,0.01,2178,0.001829137653990359,0.006694340296375646
10,muon,0.01,2179,0.001829137653990359,0.008357436172112123
10,muon,0.01,2180,0.001829137653990359,0.009701838957329048
10,muon,0.01,2181,0.001829137653990359,0.00982860203535083
10,muon,0.01,2182,0.001829137653990359,0.00982860203535083
10,muon,0.01,2183,0.001829137653990359,0.00982860203535083
10,muon,0.01,2184,0.001829137653990359,0.00982860203535083
10,muon,0.01,2185,0.001829137653990359,0.00982860203535083
10,muon,0.01,2186,0.001829137653990359,0.00982860203535083
10,muon,0.01,2187,0.001829137653990359,0.00982860203535083
10,muon,0.01,2188,0.001829137653990359,0.00982860203535083
10,muon,0.01,2189,0.001829137653990359,0.00982860203535083
10,muon,0.01,2190,0.001829137653990359,0.00982860203535083
10,muon,0.01,2191,0.001829137653990359,0.00982860203535083
10,muon,0.01,2192,0.001829137653990359,0.00982860203535083
10,muon,0.01,2193,0.001829137653990359,0.00982860203535083
10,muon,0.01,2194,0.001829137653990359,0.00982860203535083
10,muon,0.01,2195,0.001829137653990359,0.00982860203535083
10,muon,0.01,2196,0.001829137653990359,0.00982860203535083
10,muon,0.01,2197,0.001829137653990359,0.00982860203535083
10,muon,0.01,2198,0.001829137653990359,0.00982860203535083
10,muon,0.01,2199,0.001829137653990359,0.00982860203535083
10,muon,0.01,2200,0.001829137653990359,0.00982860203535083
10,muon,0.01,2201,0.001829137653990359,0.00982860203535083
10,muon,0.01,2202,0.001829137653990359,0.00982860203535083
10,muon,0.01,2203,0.001829137653990359,0.00982860203535083
10,muon,0.01,2204,0.001829137653990359,0.00982860203535083
10,muon,0.01,2205,0.001829137653990359,0.00982860203535083
10,muon,0.01,2206,0.001829137653990359,0.00982860203535083
10,muon,0.01,2207,0.001829137653990359,0.00982860203535083
10,muon,0.01,2208,0.001829137653990359,0.00982860203535083
10,muon,0.01,2209,0.001829137653990359,0.009827709337618283
10,muon,0.01,2210,0.001829137653990359,0.009029637564720586
10,muon,0.01,2211,0.001829137653990359,0.008146759507230853
10,muon,0.01,2212,0.001829137653990359,0.006749687555793609
10,muon,0.01,2220,0.001829137653990359,0.0049080521335475805
10,muon,0.01,2221,0.001829137653990359,0.006694340296375646
10,muon,0.01,2222,0.001829137653990359,0.008357436172112123
10,muon,0.01,2223,0.001829137653990359,0.009701838957329048
10,muon,0.01,2224,0.001829137653990359,0.00982860203535083
10,muon,0.01,2225,0.001829137653990359,0.00982860203535083
10,muon,0.01,2226,0.001829137653990359,0.00982860203535083
10,muon,0.01,2227,0.001829137653990359,0.00982860203535083
10,muon,0.01,2228,0.001829137653990359,0.00982860203535083
10,muon,0.01,2229,0.001829137653990359,0.00982860203535083
10,muon,0.01,2230,0.001829137653990359,0.00982860203535083
10,muon,0.01,2231,0.001829137653990359,0.00982860203535083
10,muon,0.01,2232,0.001829137653990359,0.00982860203535083
10,muon,0.01,2233,0.001829137653990359,0.00982860203535083
10,muon,0.01,2234,0.001829137653990359,0.00982860203535083
10,muon,0.01,2235,0.001829137653990359,0.00982860203535083
10,muon,0.01,2236,0.001829137653990359,0.00982860203535083
10,muon,0.01,2237,0.001829137653990359,0.00982860203535083
10,muon,0.01,2238,0.001829137653990359,0.00982860203535083
10,muon,0.01,2239,0.001829137653990359,0.00982860203535083
10,muon,0.01,2240,0.001829137653990359,0.00982860203535083
10,muon,0.01,2241,0.001829137653990359,0.00982860203535083
10,muon,0.01,2242,0.001829137653990359,0.00982860203535083
10,muon,0.01,2243,0.001829137653990359,0.00982860203535083
10,muon,0.01,2244,0.001829137653990359,0.00982860203535083
10,muon,0.01,2245,0.001829137653990359,0.00982860203535083
10,muon,0.01,2246,0.001829137653990359,0.00982860203535083
10,muon,0.01,2247,0.001829137653990359,0.00982860203535083
10,muon,0.01,2248,0.001829137653990359,0.00982860203535083
10,muon,0.01,2249,0.001829137653990359,0.00982860203535083
10,muon,0.01,2250,0.001829137653990359,0.00982860203535083
10,muon,0.01,2251,0.001829137653990359,0.00982860203535083
10,muon,0.01,2252,0.001829137653990359,0.009827709337618283
10,muon,0.01,2253,0.001829137653990359,0.009029637564720586
10,muon,0.01,2254,0.001829137653990359,0.008146759507230853
10,muon,0.01,2255,0.001829137653990359,0.006749687555793609
10,muon,0.05,1,0,0
10,muon,0.05,2,0,0
10,muon,0.05,3,0,0
10,muon,0.05,4,0,0
10,muon,0.05,5,0,0
10,muon,0.05,6,0,0
10,muon,0.05,7,0,0
10,muon,0.05,8,0,0
10,muon,0.05,9,0,0
10,muon,0.05,10,0,0
10,muon,0.05,11,0,0
10,muon,0.05,12,0,0
10,muon,0.05,86,0.009145688269951794,0.009145688269951794
10,muon,0.05,302,0.009145688269951794,0.0245402606677379
10,muon,0.05,303,0.009145688269951794,0.03347170148187824
10,muon,0.05,304,0.009145688269951794,0.041787180860560616
10,muon,0.05,305,0.009145688269951794,0.04850919478664524
10,muon,0.05,306,0.009145688269951794,0.049138546688091415
10,muon,0.05,307,0.009145688269951794,0.04514818782360293
10,muon,0.05,308,0.009145688269951794,0.04073379753615426
10,muon,0.05,309,0.009145688269951794,0.03374843777896804
10,muon,0.05,314,0.009145688269951794,0.0245402606677379
10,muon,0.05,315,0.009145688269951794,0.03347170148187824
10,muon,0.05,316,0.009145688269951794,0.041787180860560616
10,muon,0.05,317,0.009145688269951794,0.04850919478664524
10,muon,0.05,318,0.009145688269951794,0.049138546688091415
10,muon,0.05,319,0.009145688269951794,0.04514818782360293
10,muon,0.05,320,0.009145688269951794,0.04073379753615426
10,muon,0.05,321,0.009145688269951794,0.03374843777896804
10,muon,0.05,326,0.009145688269951794,0.0245402606677379
10,muon,0.05,327,0.009145688269951794,0.03347170148187824
10,muon,0.05,328,0.009145688269951794,0.041787180860560616
10,muon,0.05,329,0.009145688269951794,0.04850919478664524
10,muon,0.05,330,0.009145688269951794,0.049138546688091415
10,muon,0.05,331,0.009145688269951794,0.04514818782360293
10,muon,0.05,332,0.009145688269951794,0.04073379753615426
10,muon,0.05,333,0.009145688269951794,0.03374843777896804
10,muon,0.05,338,0.009145688269951794,0.0245402606677379
10,muon,0.05,339,0.009145688269951794,0.03347170148187824
10,muon,0.05,340,0.009145688269951794,0.041787180860560616
10,muon,0.05,341,0.009145688269951794,0.04850919478664524
10,muon,0.05,342,0.009145688269951794,0.049138546688091415
10,muon,0.05,343,0.009145688269951794,0.04514818782360293
10,muon,0.05,344,0.009145688269951794,0.04073379753615426
10,muon,0.05,345,0.009145688269951794,0.03374843777896804
10,muon,0.05,350,0.009145688269951794,0.0245402606677379
10,muon,0.05,351,0.009145688269951794,0.03347170148187824
10,muon,0.05,352,0.009145688269951794,0.041787180860560616
10,muon,0.05,353,0.009145688269951794,0.04850919478664524
10,muon,0.05,354,0.009145688269951794,0.049138546688091415
10,muon,0.05,355,0.009145688269951794,0.04514818782360293
10,muon,0.05,356,0.009145688269951794,0.04073379753615426
10,muon,0.05,357,0.009145688269951794,0.03374843777896804
10,muon,0.05,362,0.009145688269951794,0.0245402606677379
10,muon,0.05,363,0.009145688269951794,0.03347170148187824
10,muon,0.05,364,0.009145688269951794,0.041787180860560616
10,muon,0.05,365,0.009145688269951794,0.04850919478664524
10,muon,0.05,366,0.009145688269951794,0.049138546688091415
10,muon,0.05,367,0.009145688269951794,0.04514818782360293
10,muon,0.05,368,0.009145688269951794,0.04073379753615426
10,muon,0.05,369,0.009145688269951794,0.03374843777896804
10,muon,0.05,374,0.009145688269951794,0.0245402606677379
10,muon,0.05,375,0.009145688269951794,0.03347170148187824
10,muon,0.05,376,0.009145688269951794,0.041787180860560616
10,muon,0.05,377,0.009145688269951794,0.04850919478664524
10,muon,0.05,378,0.009145688269951794,0.049138546688091415
10,muon,0.05,379,0.009145688269951794,0.04514818782360293
10,muon,0.05,380,0.009145688269951794,0.04073379753615426
10,muon,0.05,381,0.009145688269951794,0.03374843777896804
10,muon,0.05,389,0.009145688269951794,0.0245402606677379
10,muon,0.05,390,0.009145688269951794,0.03347170148187824
10,muon,0.05,391,0.009145688269951794,0.041787180860560616
10,muon,0.05,392,0.009145688269951794,0.04850919478664524
10,muon,0.05,393,0.009145688269951794,0.049143010176754154
10,muon,0.05,394,0.009145688269951794,0.049143010176754154
10,muon,0.05,395,0.009145688269951794,0.049143010176754154
10,muon,0.05,396,0.009145688269951794,0.049143010176754154
10,muon,0.05,397,0.009145688269951794,0.049143010176754154
10,muon,0.05,398,0.009145688269951794,0.049143010176754154
10,muon,0.05,399,0.009145688269951794,0.049143010176754154
10,muon,0.05,400,0.009145688269951794,0.049143010176754154
10,muon,0.05,401,0.009145688269951794,0.049143010176754154
10,muon,0.05,402,0.009145688269951794,0.049143010176754154
10,muon,0.05,403,0.009145688269951794,0.049143010176754154
10,muon,0.05,404,0.009145688269951794,0.049143010176754154
10,muon,0.05,405,0.009145688269951794,0.049143010176754154
10,muon,0.05,406,0.009145688269951794,0.049143010176754154
10,muon,0.05,407,0.009145688269951794,0.049143010176754154
10,muon,0.05,408,0.009145688269951794,0.049143010176754154
10,muon,0.05,409,0.009145688269951794,0.049143010176754154
10,muon,0.05,410,0.009145688269951794,0.049143010176754154
10,muon,0.05,411,0.009145688269951794,0.049143010176754154
10,muon,0.05,412,0.009145688269951794,0.049143010176754154
10,muon,0.05,413,0.009145688269951794,0.049143010176754154
10,muon,0.05,414,0.009145688269951794,0.049143010176754154
10,muon,0.05,415,0.009145688269951794,0.049143010176754154
10,muon,0.05,416,0.009145688269951794,0.049143010176754154
10,muon,0.05,417,0.009145688269951794,0.049143010176754154
10,muon,0.05,418,0.009145688269951794,0.049143010176754154
10,muon,0.05,419,0.009145688269951794,0.049143010176754154
10,muon,0.05,420,0.009145688269951794,0.049143010176754154
10,muon,0.05,421,0.009145688269951794,0.049138546688091415
10,muon,0.05,422,0.009145688269951794,0.04514818782360293
10,muon,0.05,423,0.009145688269951794,0.04073379753615426
10,muon,0.05,424,0.009145688269951794,0.03374843777896804
10,muon,0.05,432,0.009145688269951794,0.0245402606677379
10,muon,0.05,433,0.009145688269951794,0.03347170148187824
10,muon,0.05,434,0.009145688269951794,0.041787180860560616
10,muon,0.05,435,0.009145688269951794,0.04850919478664524
10,muon,0.05,436,0.009145688269951794,0.049143010176754154
10,muon,0.05,437,0.009145688269951794,0.049143010176754154
10,muon,0.05,438,0.009145688269951794,0.049143010176754154
10,muon,0.05,439,0.009145688269951794,0.049143010176754154
10,muon,0.05,440,0.009145688269951794,0.049143010176754154
10,muon,0.05,441,0.009145688269951794,0.049143010176754154
10,muon,0.05,442,0.009145688269951794,0.049143010176754154
10,muon,0.05,443,0.009145688269951794,0.049143010176754154
10,muon,0.05,444,0.009145688269951794,0.049143010176754154
10,muon,0.05,445,0.009145688269951794,0.049143010176754154
10,muon,0.05,446,0.009145688269951794,0.049143010176754154
10,muon,0.05,447,0.009145688269951794,0.049143010176754154
10,muon,0.05,448,0.009145688269951794,0.049143010176754154
10,muon,0.05,449,0.009145688269951794,0.049143010176754154
10,muon,0.05,450,0.009145688269951794,0.049143010176754154
10,muon,0.05,451,0.009145688269951794,0.049143010176754154
10,muon,0.05,452,0.009145688269951794,0.049143010176754154
10,muon,0.05,453,0.009145688269951794,0.049143010176754154
10,muon,0.05,454,0.009145688269951794,0.049143010176754154
10,muon,0.05,455,0.009145688269951794,0.049143010176754154
10,muon,0.05,456,0.009145688269951794,0.049143010176754154
10,muon,0.05,457,0.009145688269951794,0.049143010176754154
10,muon,0.05,458,0.009145688269951794,0.049143010176754154
10,muon,0.05,459,0.009145688269951794,0.049143010176754154
10,muon,0.05,460,0.009145688269951794,0.049143010176754154
10,muon,0.05,461,0.009145688269951794,0.049143010176754154
10,muon,0.05,462,0.009145688269951794,0.049143010176754154
10,muon,0.05,463,0.009145688269951794,0.049143010176754154
10,muon,0.05,464,0.009145688269951794,0.049138546688091415
10,muon,0.05,465,0.009145688269951794,0.04514818782360293
10,muon,0.05,466,0.009145688269951794,0.04073379753615426
10,muon,0.05,467,0.009145688269951794,0.03374843777896804
10,muon,0.05,977,0,0
10,muon,0.05,1196,0.009145688269951794,0.0245402606677379
10,muon,0.05,1197,0.009145688269951794,0.03347170148187824
10,muon,0.05,1198,0.009145688269951794,0.041787180860560616
10,muon,0.05,1199,0.009145688269951794,0.04850919478664524
10,muon,0.05,1200,0.009145688269951794,0.049138546688091415
10,muon,0.05,1201,0.009145688269951794,0.04514818782360293
10,muon,0.05,1202,0.009145688269951794,0.04073379753615426
10,muon,0.05,1203,0.009145688269951794,0.03374843777896804
10,muon,0.05,1208,0.009145688269951794,0.0245402606677379
10,muon,0.05,1209,0.009145688269951794,0.03347170148187824
10,muon,0.05,1210,0.009145688269951794,0.041787180860560616
10,muon,0.05,1211,0.009145688269951794,0.04850919478664524
10,muon,0.05,1212,0.009145688269951794,0.049138546688091415
10,muon,0.05,1213,0.009145688269951794,0.04514818782360293
10,muon,0.05,1214,0.009145688269951794,0.04073379753615426
10,muon,0.05,1215,0.009145688269951794,0.03374843777896804
10,muon,0.05,1220,0.009145688269951794,0.0245402606677379
10,muon,0.05,1221,0.009145688269951794,0.03347170148187824
10,muon,0.05,1222,0.009145688269951794,0.041787180860560616
10,muon,0.05,1223,0.009145688269951794,0.04850919478664524
10,muon,0.05,1224,0.009145688269951794,0.049138546688091415
10,muon,0.05,1225,0.009145688269951794,0.04514818782360293
10,muon,0.05,1226,0.009145688269951794,0.04073379753615426
10,muon,0.05,1227,0.009145688269951794,0.03374843777896804
10,muon,0.05,1232,0.009145688269951794,0.0245402606677379
10,muon,0.05,1233,0.009145688269951794,0.03347170148187824
10,muon,0.05,1234,0.009145688269951794,0.041787180860560616
10,muon,0.05,1235,0.009145688269951794,0.04850919478664524
10,muon,0.05,1236,0.009145688269951794,0.049138546688091415
10,muon,0.05,1237,0.009145688269951794,0.04514818782360293
10,muon,0.05,1238,0.009145688269951794,0.04073379753615426
10,muon,0.05,1239,0.009145688269951794,0.03374843777896804
10,muon,0.05,1244,0.009145688269951794,0.0245402606677379
10,muon,0.05,1245,0.009145688269951794,0.03347170148187824
10,muon,0.05,1246,0.009145688269951794,0.041787180860560616
10,muon,0.05,1247,0.009145688269951794,0.04850919478664524
10,muon,0.05,1248,0.009145688269951794,0.049138546688091415
10,muon,0.05,1249,0.009145688269951794,0.04514818782360293
10,muon,0.05,1250,0.009145688269951794,0.04073379753615426
10,muon,0.05,1251,0.009145688269951794,0.03374843777896804
10,muon,0.05,1256,0.009145688269951794,0.0245402606677379
10,muon,0.05,1257,0.009145688269951794,0.03347170148187824
10,muon,0.05,1258,0.009145688269951794,0.041787180860560616
10,muon,0.05,1259,0.009145688269951794,0.04850919478664524
10,muon,0.05,1260,0.009145688269951794,0.049138546688091415
10,muon,0.05,1261,0.009145688269951794,0.04514818782360293
10,muon,0.05,1262,0.009145688269951794,0.04073379753615426
10,muon,0.05,1263,0.009145688269951794,0.03374843777896804
10,muon,0.05,1268,0.009145688269951794,0.0245402606677379
10,muon,0.05,1269,0.009145688269951794,0.03347170148187824
10,muon,0.05,1270,0.009145688269951794,0.041787180860560616
10,muon,0.05,1271,0.009145688269951794,0.04850919478664524
10,muon,0.05,1272,0.009145688269951794,0.049138546688091415
10,muon,0.05,1273,0.009145688269951794,0.04514818782360293
10,muon,0.05,1274,0.009145688269951794,0.04073379753615426
10,muon,0.05,1275,0.009145688269951794,0.03374843777896804
10,muon,0.05,1283,0.009145688269951794,0.0245402606677379
10,muon,0.05,1284,0.009145688269951794,0.03347170148187824
10,muon,0.05,1285,0.009145688269951794,0.041787180860560616
10,muon,0.05,1286,0.009145688269951794,0.04850919478664524
10,muon,0.05,1287,0.009145688269951794,0.049143010176754154
10,muon,0.05,1288,0.009145688269951794,0.049143010176754154
10,muon,0.05,1289,0.009145688269951794,0.049143010176754154
10,muon,0.05,1290,0.009145688269951794,0.049143010176754154
10,muon,0.05,1291,0.009145688269951794,0.049143010176754154
10,muon,0.05,1292,0.009145688269951794,0.049143010176754154
10,muon,0.05,1293,0.009145688269951794,0.049143010176754154
10,muon,0.05,1294,0.009145688269951794,0.049143010176754154
10,muon,0.05,1295,0.009145688269951794,0.049143010176754154
10,muon,0.05,1296,0.009145688269951794,0.049143010176754154
10,muon,0.05,1297,0.009145688269951794,0.049143010176754154
10,muon,0.05,1298,0.009145688269951794,0.049143010176754154
10,muon,0.05,1299,0.009145688269951794,0.049143010176754154
10,muon,0.05,1300,0.009145688269951794,0.049143010176754154
10,muon,0.05,1301,0.009145688269951794,0.049143010176754154
10,muon,0.05,1302,0.009145688269951794,0.049143010176754154
10,muon,0.05,1303,0.009145688269951794,0.049143010176754154
10,muon,0.05,1304,0.009145688269951794,0.049143010176754154
10,muon,0.05,1305,0.009145688269951794,0.049143010176754154
10,muon,0.05,1306,0.009145688269951794,0.049143010176754154
10,muon,0.05,1307,0.009145688269951794,0.049143010176754154
10,muon,0.05,1308,0.009145688269951794,0.049143010176754154
10,muon,0.05,1309,0.009145688269951794,0.049143010176754154
10,muon,0.05,1310,0.009145688269951794,0.049143010176754154
10,muon,0.05,1311,0.009145688269951794,0.049143010176754154
10,muon,0.05,1312,0.009145688269951794,0.049143010176754154
10,muon,0.05,1313,0.009145688269951794,0.049143010176754154
10,muon,0.05,1314,0.009145688269951794,0.049143010176754154
10,muon,0.05,1315,0.009145688269951794,0.049138546688091415
10,muon,0.05,1316,0.009145688269951794,0.04514818782360293
10,muon,0.05,1317,0.009145688269951794,0.04073379753615426
10,muon,0.05,1318,0.009145688269951794,0.03374843777896804
10,muon,0.05,1326,0.009145688269951794,0.0245402606677379
10,muon,0.05,1327,0.009145688269951794,0.03347170148187824
10,muon,0.05,1328,0.009145688269951794,0.041787180860560616
10,muon,0.05,1329,0.009145688269951794,0.04850919478664524
10,muon,0.05,1330,0.009145688269951794,0.049143010176754154
10,muon,0.05,1331,0.009145688269951794,0.049143010176754154
10,muon,0.05,1332,0.009145688269951794,0.049143010176754154
10,muon,0.05,1333,0.009145688269951794,0.049143010176754154
10,muon,0.05,1334,0.009145688269951794,0.049143010176754154
10,muon,0.05,1335,0.009145688269951794,0.049143010176754154
10,muon,0.05,1336,0.009145688269951794,0.049143010176754154
10,muon,0.05,1337,0.009145688269951794,0.049143010176754154
10,muon,0.05,1338,0.009145688269951794,0.049143010176754154
10,muon,0.05,1339,0.009145688269951794,0.049143010176754154
10,muon,0.05,1340,0.009145688269951794,0.049143010176754154
10,muon,0.05,1341,0.009145688269951794,0.049143010176754154
10,muon,0.05,1342,0.009145688269951794,0.049143010176754154
10,muon,0.05,1343,0.009145688269951794,0.049143010176754154
10,muon,0.05,1344,0.009145688269951794,0.049143010176754154
10,muon,0.05,1345,0.009145688269951794,0.049143010176754154
10,muon,0.05,1346,0.009145688269951794,0.049143010176754154
10,muon,0.05,1347,0.009145688269951794,0.049143010176754154
10,muon,0.05,1348,0.009145688269951794,0.049143010176754154
10,muon,0.05,1349,0.009145688269951794,0.049143010176754154
10,muon,0.05,1350,0.009145688269951794,0.049143010176754154
10,muon,0.05,1351,0.009145688269951794,0.049143010176754154
10,muon,0.05,1352,0.009145688269951794,0.049143010176754154
10,muon,0.05,1353,0.009145688269951794,0.049143010176754154
10,muon,0.05,1354,0.009145688269951794,0.049143010176754154
10,muon,0.05,1355,0.009145688269951794,0.049143010176754154
10,muon,0.05,1356,0.009145688269951794,0.049143010176754154
10,muon,0.05,1357,0.009145688269951794,0.049143010176754154
10,muon,0.05,1358,0.009145688269951794,0.049138546688091415
10,muon,0.05,1359,0.009145688269951794,0.04514818782360293
10,muon,0.05,1360,0.009145688269951794,0.04073379753615426
10,muon,0.05,1361,0.009145688269951794,0.03374843777896804
10,muon,0.05,1871,0.009145688269951794,0.009145688269951794
10,muon,0.05,2090,0.009145688269951794,0.0245402606677379
10,muon,0.05,2091,0.009145688269951794,0.03347170148187824
10,muon,0.05,2092,0.009145688269951794,0.041787180860560616
10,muon,0.05,2093,0.009145688269951794,0.04850919478664524
10,muon,0.05,2094,0.009145688269951794,0.049138546688091415
10,muon,0.05,2095,0.009145688269951794,0.04514818782360293
10,muon,0.05,2096,0.009145688269951794,0.04073379753615426
10,muon,0.05,2097,0.009145688269951794,0.03374843777896804
10,muon,0.05,2102,0.009145688269951794,0.0245402606677379
10,muon,0.05,2103,0.009145688269951794,0.03347170148187824
10,muon,0.05,2104,0.009145688269951794,0.041787180860560616
10,muon,0.05,2105,0.009145688269951794,0.04850919478664524
10,muon,0.05,2106,0.009145688269951794,0.049138546688091415
10,muon,0.05,2107,0.009145688269951794,0.04514818782360293
10,muon,0.05,2108,0.009145688269951794,0.04073379753615426
10,muon,0.05,2109,0.009145688269951794,0.03374843777896804
10,muon,0.05,2114,0.009145688269951794,0.0245402606677379
10,muon,0.05,2115,0.009145688269951794,0.03347170148187824
10,muon,0.05,2116,0.009145688269951794,0.041787180860560616
10,muon,0.05,2117,0.009145688269951794,0.04850919478664524
10,muon,0.05,2118,0.009145688269951794,0.049138546688091415
10,muon,0.05,2119,0.009145688269951794,0.04514818782360293
10,muon,0.05,2120,0.009145688269951794,0.04073379753615426
10,muon,0.05,2121,0.009145688269951794,0.03374843777896804
10,muon,0.05,2126,0.009145688269951794,0.0245402606677379
10,muon,0.05,2127,0.009145688269951794,0.03347170148187824
10,muon,0.05,2128,0.009145688269951794,0.041787180860560616
10,muon,0.05,2129,0.009145688269951794,0.04850919478664524
10,muon,0.05,2130,0.009145688269951794,0.049138546688091415
10,muon,0.05,2131,0.009145688269951794,0.04514818782360293
10,muon,0.05,2132,0.009145688269951794,0.04073379753615426
10,muon,0.05,2133,0.009145688269951794,0.03374843777896804
10,muon,0.05,2138,0.009145688269951794,0.0245402606677379
10,muon,0.05,2139,0.009145688269951794,0.03347170148187824
10,muon,0.05,2140,0.009145688269951794,0.041787180860560616
10,muon,0.05,2141,0.009145688269951794,0.04850919478664524
10,muon,0.05,2142,0.009145688269951794,0.049138546688091415
10,muon,0.05,2143,0.009145688269951794,0.04514818782360293
10,muon,0.05,2144,0.009145688269951794,0.04073379753615426
10,muon,0.05,2145,0.009145688269951794,0.03374843777896804
10,muon,0.05,2150,0.009145688269951794,0.0245402606677379
10,muon,0.05,2151,0.009145688269951794,0.03347170148187824
10,muon,0.05,2152,0.009145688269951794,0.041787180860560616
10,muon,0.05,2153,0.009145688269951794,0.04850919478664524
10,muon,0.05,2154,0.009145688269951794,0.049138546688091415
10,muon,0.05,2155,0.009145688269951794,0.04514818782360293
10,muon,0.05,2156,0.009145688269951794,0.04073379753615426
10,muon,0.05,2157,0.009145688269951794,0.03374843777896804
10,muon,0.05,2162,0.009145688269951794,0.0245402606677379
10,muon,0.05,2163,0.009145688269951794,0.03347170148187824
10,muon,0.05,2164,0.009145688269951794,0.041787180860560616
10,muon,0.05,2165,0.009145688269951794,0.04850919478664524
10,muon,0.05,2166,0.009145688269951794,0.049138546688091415
10,muon,0.05,2167,0.009145688269951794,0.04514818782360293
10,muon,0.05,2168,0.009145688269951794,0.04073379753615426
10,muon,0.05,2169,0.009145688269951794,0.03374843777896804
10,muon,0.05,2177,0.009145688269951794,0.0245402606677379
10,muon,0.05,2178,0.009145688269951794,0.03347170148187824
10,muon,0.05,2179,0.009145688269951794,0.041787180860560616
10,muon,0.05,2180,0.009145688269951794,0.04850919478664524
10,muon,0.05,2181,0.009145688269951794,0.049143010176754154
10,muon,0.05,2182,0.009145688269951794,0.049143010176754154
10,muon,0.05,2183,0.009145688269951794,0.049143010176754154
10,muon,0.05,2184,0.009145688269951794,0.049143010176754154
10,muon,0.05,2185,0.009145688269951794,0.049143010176754154
10,muon,0.05,2186,0.009145688269951794,0.049143010176754154
10,muon,0.05,2187,0.009145688269951794,0.049143010176754154
10,muon,0.05,2188,0.009145688269951794,0.049143010176754154
10,muon,0.05,2189,0.009145688269951794,0.049143010176754154
10,muon,0.05,2190,0.009145688269951794,0.049143010176754154
10,muon,0.05,2191,0.009145688269951794,0.049143010176754154
10,muon,0.05,2192,0.009145688269951794,0.049143010176754154
10,muon,0.05,2193,0.009145688269951794,0.049143010176754154
10,muon,0.05,2194,0.009145688269951794,0.049143010176754154
10,muon,0.05,2195,0.009145688269951794,0.049143010176754154
10,muon,0.05,2196,0.009145688269951794,0.049143010176754154
10,muon,0.05,2197,0.009145688269951794,0.049143010176754154
10,muon,0.05,2198,0.009145688269951794,0.049143010176754154
10,muon,0.05,2199,0.009145688269951794,0.049143010176754154
10,muon,0.05,2200,0.009145688269951794,0.049143010176754154
10,muon,0.05,2201,0.009145688269951794,0.049143010176754154
10,muon,0.05,2202,0.009145688269951794,0.049143010176754154
10,muon,0.05,2203,0.009145688269951794,0.049143010176754154
10,muon,0.05,2204,0.009145688269951794,0.049143010176754154
10,muon,0.05,2205,0.009145688269951794,0.049143010176754154
10,muon,0.05,2206,0.009145688269951794,0.049143010176754154
10,muon,0.05,2207,0.009145688269951794,0.049143010176754154
10,muon,0.05,2208,0.009145688269951794,0.049143010176754154
10,muon,0.05,2209,0.009145688269951794,0.049138546688091415
10,muon,0.05,2210,0.009145688269951794,0.04514818782360293
10,muon,0.05,2211,0.009145688269951794,0.04073379753615426
10,muon,0.05,2212,0.009145688269951794,0.03374843777896804
10,muon,0.05,2220,0.009145688269951794,0.0245402606677379
10,muon,0.05,2221,0.009145688269951794,0.03347170148187824
10,muon,0.05,2222,0.009145688269951794,0.041787180860560616
10,muon,0.05,2223,0.009145688269951794,0.04850919478664524
10,muon,0.05,2224,0.009145688269951794,0.049143010176754154
10,muon,0.05,2225,0.009145688269951794,0.049143010176754154
10,muon,0.05,2226,0.009145688269951794,0.049143010176754154
10,muon,0.05,2227,0.009145688269951794,0.049143010176754154
10,muon,0.05,2228,0.009145688269951794,0.049143010176754154
10,muon,0.05,2229,0.009145688269951794,0.049143010176754154
10,muon,0.05,2230,0.009145688269951794,0.049143010176754154
10,muon,0.05,2231,0.009145688269951794,0.049143010176754154
10,muon,0.05,2232,0.009145688269951794,0.049143010176754154
10,muon,0.05,2233,0.009145688269951794,0.049143010176754154
10,muon,0.05,2234,0.009145688269951794,0.049143010176754154
10,muon,0.05,2235,0.009145688269951794,0.049143010176754154
10,muon,0.05,2236,0.009145688269951794,0.049143010176754154
10,muon,0.05,2237,0.009145688269951794,0.049143010176754154
10,muon,0.05,2238,0.009145688269951794,0.049143010176754154
10,muon,0.05,2239,0.009145688269951794,0.049143010176754154
10,muon,0.05,2240,0.009145688269951794,0.049143010176754154
10,muon,0.05,2241,0.009145688269951794,0.049143010176754154
10,muon,0.05,2242,0.009145688269951794,0.049143010176754154
10,muon,0.05,2243,0.009145688269951794,0.049143010176754154
10,muon,0.05,2244,0.009145688269951794,0.049143010176754154
10,muon,0.05,2245,0.009145688269951794,0.049143010176754154
10,muon,0.05,2246,0.009145688269951794,0.049143010176754154
10,muon,0.05,2247,0.009145688269951794,0.049143010176754154
10,muon,0.05,2248,0.009145688269951794,0.049143010176754154
10,muon,0.05,2249,0.009145688269951794,0.049143010176754154
10,muon,0.05,2250,0.009145688269951794,0.049143010176754154
10,muon,0.05,2251,0.009145688269951794,0.049143010176754154
10,muon,0.05,2252,0.009145688269951794,0.049138546688091415
10,muon,0.05,2253,0.009145688269951794,0.04514818782360293
10,muon,0.05,2254,0.009145688269951794,0.04073379753615426
10,muon,0.05,2255,0.009145688269951794,0.03374843777896804
10,dimuon,0.001,1,0,0
10,dimuon,0.001,2,0,0
10,dimuon,0.001,3,0,0
10,dimuon,0.001,4,0,0
10,dimuon,0.001,5,0,0
10,dimuon,0.001,6,0,0
10,dimuon,0.001,7,0,0
10,dimuon,0.001,8,0,0
10,dimuon,0.001,9,0,0
10,dimuon,0.001,10,0,0
10,dimuon,0.001,11,0,0
10,dimuon,0.001,12,0,0
10,dimuon,0.001,86,3.927870023210141e-05,3.927870023210141e-05
10,dimuon,0.001,302,3.927870023210141e-05,7.67720049991073e-05
10,dimuon,0.001,303,3.927870023210141e-05,0.00011283699339403678
10,dimuon,0.001,304,3.927870023210141e-05,0.00014301017675415106
10,dimuon,0.001,305,3.927870023210141e-05,0.00015872165684699163
10,dimuon,0.001,306,3.927870023210141e-05,0.00015872165684699163
10,dimuon,0.001,307,3.927870023210141e-05,0.00015193715407962866
10,dimuon,0.001,308,3.927870023210141e-05,0.00014425995357971792
10,dimuon,0.001,309,3.927870023210141e-05,0.00012122835207998572
10,dimuon,0.001,314,3.927870023210141e-05,7.67720049991073e-05
10,dimuon,0.001,315,3.927870023210141e-05,0.00011283699339403678
10,dimuon,0.001,316,3.927870023210141e-05,0.00014301017675415106
10,dimuon,0.001,317,3.927870023210141e-05,0.00015872165684699163
10,dimuon,0.001,318,3.927870023210141e-05,0.00015872165684699163
10,dimuon,0.001,319,3.927870023210141e-05,0.00015193715407962866
10,dimuon,0.001,320,3.927870023210141e-05,0.00014425995357971792
10,dimuon,0.001,321,3.927870023210141e-05,0.00012122835207998572
10,dimuon,0.001,326,3.927870023210141e-05,7.67720049991073e-05
10,dimuon,0.001,327,3.927870023210141e-05,0.00011283699339403678
10,dimuon,0.001,328,3.927870023210141e-05,0.00014301017675415106
10,dimuon,0.001,329,3.927870023210141e-05,0.00015872165684699163
10,dimuon,0.001,330,3.927870023210141e-05,0.00015872165684699163
10,dimuon,0.001,331,3.927870023210141e-05,0.00015193715407962866
10,dimuon,0.001,332,3.927870023210141e-05,0.00014425995357971792
10,dimuon,0.001,333,3.927870023210141e-05,0.00012122835207998572
10,dimuon,0.001,338,3.927870023210141e-05,7.67720049991073e-05
10,dimuon,0.001,339,3.927870023210141e-05,0.00011283699339403678
10,dimuon,0.001,340,3.927870023210141e-05,0.00014301017675415106
10,dimuon,0.001,341,3.927870023210141e-05,0.00015872165684699163
10,dimuon,0.001,342,3.927870023210141e-05,0.00015872165684699163
10,dimuon,0.001,343,3.927870023210141e-05,0.00015193715407962866
10,dimuon,0.001,344,3.927870023210141e-05,0.00014425995357971792
10,dimuon,0.001,345,3.927870023210141e-05,0.00012122835207998572
10,dimuon,0.001,350,3.927870023210141e-05,7.67720049991073e-05
10,dimuon,0.001,351,3.927870023210141e-05,0.00011283699339403678
10,dimuon,0.001,352,3.927870023210141e-05,0.00014301017675415106
10,dimuon,0.001,353,3.927870023210141e-05,0.00015872165684699163
10,dimuon,0.001,354,3.927870023210141e-05,0.00015872165684699163
10,dimuon,0.001,355,3.927870023210141e-05,0.00015193715407962866
10,dimuon,0.001,356,3.927870023210141e-05,0.00014425995357971792
10,dimuon,0.001,357,3.927870023210141e-05,0.00012122835207998572
10,dimuon,0.001,362,3.927870023210141e-05,7.67720049991073e-05
10,dimuon,0.001,363,3.927870023210141e-05,0.00011283699339403678
10,dimuon,0.001,364,3.927870023210141e-05,0.00014301017675415106
10,dimuon,0.001,365,3.927870023210141e-05,0.00015872165684699163
10,dimuon,0.001,366,3.927870023210141e-05,0.00015872165684699163
10,dimuon,0.001,367,3.927870023210141e-05,0.00015193715407962866
10,dimuon,0.001,368,3.927870023210141e-05,0.00014425995357971792
10,dimuon,0.001,369,3.927870023210141e-05,0.00012122835207998572
10,dimuon,0.001,374,3.927870023210141e-05,7.67720049991073e-05
10,dimuon,0.001,375,3.927870023210141e-05,0.00011283699339403678
10,dimuon,0.001,376,3.927870023210141e-05,0.00014301017675415106
10,dimuon,0.001,377,3.927870023210141e-05,0.00015872165684699163
10,dimuon,0.001,378,3.927870023210141e-05,0.00015872165684699163
10,dimuon,0.001,379,3.927870023210141e-05,0.00015193715407962866
10,dimuon,0.001,380,3.927870023210141e-05,0.00014425995357971792
10,dimuon,0.001,381,3.927870023210141e-05,0.00012122835207998572
10,dimuon,0.001,389,3.927870023210141e-05,7.67720049991073e-05
10,dimuon,0.001,390,3.927870023210141e-05,0.00011283699339403678
10,dimuon,0.001,391,3.927870023210141e-05,0.00014301017675415106
10,dimuon,0.001,392,3.927870023210141e-05,0.00015872165684699163
10,dimuon,0.001,393,3.927870023210141e-05,0.00015872165684699163
10,dimuon,0.001,394,3.927870023210141e-05,0.00015872165684699163
10,dimuon,0.001,395,3.927870023210141e-05,0.00015872165684699163
10,dimuon,0.001,396,3.927870023210141e-05,0.00015872165684699163
10,dimuon,0.001,397,3.927870023210141e-05,0.00015872165684699163
10,dimuon,0.001,398,3.927870023210141e-05,0.00015872165684699163
10,dimuon,0.001,399,3.927870023210141e-05,0.00015872165684699163
10,dimuon,0.001,400,3.927870023210141e-05,0.00015872165684699163
10,dimuon,0.001,401,3.927870023210141e-05,0.00015872165684699163
10,dimuon,0.001,402,3.927870023210141e-05,0.00015872165684699163
10,dimuon,0.001,403,3.927870023210141e-05,0.00015872165684699163
10,dimuon,0.001,404,3.927870023210141e-05,0.00015872165684699163
10,dimuon,0.001,405,3.927870023210141e-05,0.00015872165684699163
10,dimuon,0.001,406,3.927870023210141e-05,0.00015872165684699163
10,dimuon,0.001,407,3.927870023210141e-05,0.00015872165684699163
10,dimuon,0.001,408,3.927870023210141e-05,0.00015872165684699163
10,dimuon,0.001,409,3.927870023210141e-05,0.00015872165684699163
10,dimuon,0.001,410,3.927870023210141e-05,0.00015872165684699163
10,dimuon,0.001,411,3.927870023210141e-05,0.00015872165684699163
10,dimuon,0.001,412,3.927870023210141e-05,0.00015872165684699163
10,dimuon,0.001,413,3.927870023210141e-05,0.00015872165684699163
10,dimuon,0.001,414,3.927870023210141e-05,0.00015872165684699163
10,dimuon,0.001,415,3.927870023210141e-05,0.00015872165684699163
10,dimuon,0.001,416,3.927870023210141e-05,0.00015872165684699163
10,dimuon,0.001,417,3.927870023210141e-05,0.00015872165684699163
10,dimuon,0.001,418,3.927870023210141e-05,0.00015872165684699163
10,dimuon,0.001,419,3.927870023210141e-05,0.00015872165684699163
10,dimuon,0.001,420,3.927870023210141e-05,0.00015872165684699163
10,dimuon,0.001,421,3.927870023210141e-05,0.00015872165684699163
10,dimuon,0.001,422,3.927870023210141e-05,0.00015193715407962866
10,dimuon,0.001,423,3.927870023210141e-05,0.00014425995357971792
10,dimuon,0.001,424,3.927870023210141e-05,0.00012122835207998572
10,dimuon,0.001,432,3.927870023210141e-05,7.67720049991073e-05
10,dimuon,0.001,433,3.927870023210141e-05,0.00011283699339403678
10,dimuon,0.001,434,3.927870023210141e-05,0.00014301017675415106
10,dimuon,0.001,435,3.927870023210141e-05,0.00015872165684699163
10,dimuon,0.001,436,3.927870023210141e-05,0.00015872165684699163
10,dimuon,0.001,437,3.927870023210141e-05,0.00015872165684699163
10,dimuon,0.001,438,3.927870023210141e-05,0.00015872165684699163
10,dimuon,0.001,439,3.927870023210141e-05,0.00015872165684699163
10,dimuon,0.001,440,3.927870023210141e-05,0.00015872165684699163
10,dimuon,0.001,441,3.927870023210141e-05,0.00015872165684699163
10,dimuon,0.001,442,3.927870023210141e-05,0.00015872165684699163
10,dimuon,0.001,443,3.927870023210141e-05,0.00015872165684699163
10,dimuon,0.001,444,3.927870023210141e-05,0.00015872165684699163
10,dimuon,0.001,445,3.927870023210141e-05,0.00015872165684699163
10,dimuon,0.001,446,3.927870023210141e-05,0.00015872165684699163
10,dimuon,0.001,447,3.927870023210141e-05,0.00015872165684699163
10,dimuon,0.001,448,3.927870023210141e-05,0.00015872165684699163
10,dimuon,0.001,449,3.927870023210141e-05,0.00015872165684699163
10,dimuon,0.001,450,3.927870023210141e-05,0.00015872165684699163
10,dimuon,0.001,451,3.927870023210141e-05,0.00015872165684699163
10,dimuon,0.001,452,3.927870023210141e-05,0.00015872165684699163
10,dimuon,0.001,453,3.927870023210141e-05,0.00015872165684699163
10,dimuon,0.001,454,3.927870023210141e-05,0.00015872165684699163
10,dimuon,0.001,455,3.927870023210141e-05,0.00015872165684699163
10,dimuon,0.001,456,3.927870023210141e-05,0.00015872165684699163
10,dimuon,0.001,457,3.927870023210141e-05,0.00015872165684699163
10,dimuon,0.001,458,3.927870023210141e-05,0.00015872165684699163
10,dimuon,0.001,459,3.927870023210141e-05,0.00015872165684699163
10,dimuon,0.001,460,3.927870023210141e-05,0.00015872165684699163
10,dimuon,0.001,461,3.927870023210141e-05,0.00015872165684699163
10,dimuon,0.001,462,3.927870023210141e-05,0.00015872165684699163
10,dimuon,0.001,463,3.927870023210141e-05,0.00015872165684699163
10,dimuon,0.001,464,3.927870023210141e-05,0.00015872165684699163
10,dimuon,0.001,465,3.927870023210141e-05,0.00015193715407962866
10,dimuon,0.001,466,3.927870023210141e-05,0.00014425995357971792
10,dimuon,0.001,467,3.927870023210141e-05,0.00012122835207998572
10,dimuon,0.001,977,0,0
10,dimuon,0.001,1196,3.927870023210141e-05,7.67720049991073e-05
10,dimuon,0.001,1197,3.927870023210141e-05,0.00011283699339403678
10,dimuon,0.001,1198,3.927870023210141e-05,0.00014301017675415106
10,dimuon,0.001,1199,3.927870023210141e-05,0.00015872165684699163
10,dimuon,0.001,1200,3.927870023210141e-05,0.00015872165684699163
10,dimuon,0.001,1201,3.927870023210141e-05,0.00015193715407962866
10,dimuon,0.001,1202,3.927870023210141e-05,0.00014425995357971792
10,dimuon,0.001,1203,3.927870023210141e-05,0.00012122835207998572
10,dimuon,0.001,1208,3.927870023210141e-05,7.67720049991073e-05
10,dimuon,0.001,1209,3.927870023210141e-05,0.00011283699339403678
10,dimuon,0.001,1210,3.927870023210141e-05,0.00014301017675415106
10,dimuon,0.001,1211,3.927870023210141e-05,0.00015872165684699163
10,dimuon,0.001,1212,3.927870023210141e-05,0.00015872165684699163
10,dimuon,0.001,1213,3.927870023210141e-05,0.00015193715407962866
10,dimuon,0.001,1214,3.927870023210141e-05,0.00014425995357971792
10,dimuon,0.001,1215,3.927870023210141e-05,0.00012122835207998572
10,dimuon,0.001,1220,3.927870023210141e-05,7.67720049991073e-05
10,dimuon,0.001,1221,3.927870023210141e-05,0.00011283699339403678
10,dimuon,0.001,1222,3.927870023210141e-05,0.00014301017675415106
10,dimuon,0.001,1223,3.927870023210141e-05,0.00015872165684699163
10,dimuon,0.001,1224,3.927870023210141e-05,0.00015872165684699163
10,dimuon,0.001,1225,3.927870023210141e-05,0.00015193715407962866
10,dimuon,0.001,1226,3.927870023210141e-05,0.00014425995357971792
10,dimuon,0.001,1227,3.927870023210141e-05,0.00012122835207998572
10,dimuon,0.001,1232,3.927870023210141e-05,7.67720049991073e-05
10,dimuon,0.001,1233,3.927870023210141e-05,0.00011283699339403678
10,dimuon,0.001,1234,3.927870023210141e-05,0.00014301017675415106
10,dimuon,0.001,1235,3.927870023210141e-05,0.00015872165684699163
10,dimuon,0.001,1236,3.927870023210141e-05,0.00015872165684699163
10,dimuon,0.001,1237,3.927870023210141e-05,0.00015193715407962866
10,dimuon,0.001,1238,3.927870023210141e-05,0.00014425995357971792
10,dimuon,0.001,1239,3.927870023210141e-05,0.00012122835207998572
10,dimuon,0.001,1244,3.927870023210141e-05,7.67720049991073e-05
10,dimuon,0.001,1245,3.927870023210141e-05,0.00011283699339403678
10,dimuon,0.001,1246,3.927870023210141e-05,0.00014301017675415106
10,dimuon,0.001,1247,3.927870023210141e-05,0.00015872165684699163
10,dimuon,0.001,1248,3.927870023210141e-05,0.00015872165684699163
10,dimuon,0.001,1249,3.927870023210141e-05,0.00015193715407962866
10,dimuon,0.001,1250,3.927870023210141e-05,0.00014425995357971792
10,dimuon,0.001,1251,3.927870023210141e-05,0.00012122835207998572
10,dimuon,0.001,1256,3.927870023210141e-05,7.67720049991073e-05
10,dimuon,0.001,1257,3.927870023210141e-05,0.00011283699339403678
10,dimuon,0.001,1258,3.927870023210141e-05,0.00014301017675415106
10,dimuon,0.001,1259,3.927870023210141e-05,0.00015872165684699163
10,dimuon,0.001,1260,3.927870023210141e-05,0.00015872165684699163
10,dimuon,0.001,1261,3.927870023210141e-05,0.00015193715407962866
10,dimuon,0.001,1262,3.927870023210141e-05,0.00014425995357971792
10,dimuon,0.001,1263,3.927870023210141e-05,0.00012122835207998572
10,dimuon,0.001,1268,3.927870023210141e-05,7.67720049991073e-05
10,dimuon,0.001,1269,3.927870023210141e-05,0.00011283699339403678
10,dimuon,0.001,1270,3.927870023210141e-05,0.00014301017675415106
10,dimuon,0.001,1271,3.927870023210141e-05,0.00015872165684699163
10,dimuon,0.001,1272,3.927870023210141e-05,0.00015872165684699163
10,dimuon,0.001,1273,3.927870023210141e-05,0.00015193715407962866
10,dimuon,0.001,1274,3.927870023210141e-05,0.00014425995357971792
10,dimuon,0.001,1275,3.927870023210141e-05,0.00012122835207998572
10,dimuon,0.001,1283,3.927870023210141e-05,7.67720049991073e-05
10,dimuon,0.001,1284,3.927870023210141e-05,0.00011283699339403678
10,dimuon,0.001,1285,3.927870023210141e-05,0.00014301017675415106
10,dimuon,0.001,1286,3.927870023210141e-05,0.00015872165684699163
10,dimuon,0.001,1287,3.927870023210141e-05,0.00015872165684699163
10,dimuon,0.001,1288,3.927870023210141e-05,0.00015872165684699163
10,dimuon,0.001,1289,3.927870023210141e-05,0.00015872165684699163
10,dimuon,0.001,1290,3.927870023210141e-05,0.00015872165684699163
10,dimuon,0.001,1291,3.927870023210141e-05,0.00015872165684699163
10,dimuon,0.001,1292,3.927870023210141e-05,0.00015872165684699163
10,dimuon,0.001,1293,3.927870023210141e-05,0.00015872165684699163
10,dimuon,0.001,1294,3.927870023210141e-05,0.00015872165684699163
10,dimuon,0.001,1295,3.927870023210141e-05,0.00015872165684699163
10,dimuon,0.001,1296,3.927870023210141e-05,0.00015872165684699163
10,dimuon,0.001,1297,3.927870023210141e-05,0.00015872165684699163
10,dimuon,0.001,1298,3.927870023210141e-05,0.00015872165684699163
10,dimuon,0.001,1299,3.927870023210141e-05,0.00015872165684699163
10,dimuon,0.001,1300,3.927870023210141e-05,0.00015872165684699163
10,dimuon,0.001,1301,3.927870023210141e-05,0.00015872165684699163
10,dimuon,0.001,1302,3.927870023210141e-05,0.00015872165684699163
10,dimuon,0.001,1303,3.927870023210141e-05,0.00015872165684699163
10,dimuon,0.001,1304,3.927870023210141e-05,0.00015872165684699163
10,dimuon,0.001,1305,3.927870023210141e-05,0.00015872165684699163
10,dimuon,0.001,1306,3.927870023210141e-05,0.00015872165684699163
10,dimuon,0.001,1307,3.927870023210141e-05,0.00015872165684699163
10,dimuon,0.001,1308,3.927870023210141e-05,0.00015872165684699163
10,dimuon,0.001,1309,3.927870023210141e-05,0.00015872165684699163
10,dimuon,0.001,1310,3.927870023210141e-05,0.00015872165684699163
10,dimuon,0.001,1311,3.927870023210141e-05,0.00015872165684699163
10,dimuon,0.001,1312,3.927870023210141e-05,0.00015872165684699163
10,dimuon,0.001,1313,3.927870023210141e-05,0.00015872165684699163
10,dimuon,0.001,1314,3.927870023210141e-05,0.00015872165684699163
10,dimuon,0.001,1315,3.927870023210141e-05,0.00015872165684699163
10,dimuon,0.001,1316,3.927870023210141e-05,0.00015193715407962866
10,dimuon,0.001,1317,3.927870023210141e-05,0.00014425995357971792
10,dimuon,0.001,1318,3.927870023210141e-05,0.00012122835207998572
10,dimuon,0.001,1326,3.927870023210141e-05,7.67720049991073e-05
10,dimuon,0.001,1327,3.927870023210141e-05,0.00011283699339403678
10,dimuon,0.001,1328,3.927870023210141e-05,0.00014301017675415106
10,dimuon,0.001,1329,3.927870023210141e-05,0.00015872165684699163
10,dimuon,0.001,1330,3.927870023210141e-05,0.00015872165684699163
10,dimuon,0.001,1331,3.927870023210141e-05,0.00015872165684699163
10,dimuon,0.001,1332,3.927870023210141e-05,0.00015872165684699163
10,dimuon,0.001,1333,3.927870023210141e-05,0.00015872165684699163
10,dimuon,0.001,1334,3.927870023210141e-05,0.00015872165684699163
10,dimuon,0.001,1335,3.927870023210141e-05,0.00015872165684699163
10,dimuon,0.001,1336,3.927870023210141e-05,0.00015872165684699163
10,dimuon,0.001,1337,3.927870023210141e-05,0.00015872165684699163
10,dimuon,0.001,1338,3.927870023210141e-05,0.00015872165684699163
10,dimuon,0.001,1339,3.927870023210141e-05,0.00015872165684699163
10,dimuon,0.001,1340,3.927870023210141e-05,0.00015872165684699163
10,dimuon,0.001,1341,3.927870023210141e-05,0.00015872165684699163
10,dimuon,0.001,1342,3.927870023210141e-05,0.00015872165684699163
10,dimuon,0.001,1343,3.927870023210141e-05,0.00015872165684699163
10,dimuon,0.001,1344,3.927870023210141e-05,0.00015872165684699163
10,dimuon,0.001,1345,3.927870023210141e-05,0.00015872165684699163
10,dimuon,0.001,1346,3.927870023210141e-05,0.00015872165684699163
10,dimuon,0.001,1347,3.927870023210141e-05,0.00015872165684699163
10,dimuon,0.001,1348,3.927870023210141e-05,0.00015872165684699163
10,dimuon,0.001,1349,3.927870023210141e-05,0.00015872165684699163
10,dimuon,0.001,1350,3.927870023210141e-05,0.00015872165684699163
10,dimuon,0.001,1351,3.927870023210141e-05,0.00015872165684699163
10,dimuon,0.001,1352,3.927870023210141e-05,0.00015872165684699163
10,dimuon,0.001,1353,3.927870023210141e-05,0.00015872165684699163
10,dimuon,0.001,1354,3.927870023210141e-05,0.00015872165684699163
10,dimuon,0.001,1355,3.927870023210141e-05,0.00015872165684699163
10,dimuon,0.001,1356,3.927870023210141e-05,0.00015872165684699163
10,dimuon,0.001,1357,3.927870023210141e-05,0.00015872165684699163
10,dimuon,0.001,1358,3.927870023210141e-05,0.00015872165684699163
10,dimuon,0.001,1359,3.927870023210141e-05,0.00015193715407962866
10,dimuon,0.001,1360,3.927870023210141e-05,0.00014425995357971792
10,dimuon,0.001,1361,3.927870023210141e-05,0.00012122835207998572
10,dimuon,0.001,1871,3.927870023210141e-05,3.927870023210141e-05
10,dimuon,0.001,2090,3.927870023210141e-05,7.67720049991073e-05
10,dimuon,0.001,2091,3.927870023210141e-05,0.00011283699339403678
10,dimuon,0.001,2092,3.927870023210141e-05,0.00014301017675415106
10,dimuon,0.001,2093,3.927870023210141e-05,0.00015872165684699163
10,dimuon,0.001,2094,3.927870023210141e-05,0.00015872165684699163
10,dimuon,0.001,2095,3.927870023210141e-05,0.00015193715407962866
10,dimuon,0.001,2096,3.927870023210141e-05,0.00014425995357971792
10,dimuon,0.001,2097,3.927870023210141e-05,0.00012122835207998572
10,dimuon,0.001,2102,3.927870023210141e-05,7.67720049991073e-05
10,dimuon,0.001,2103,3.927870023210141e-05,0.00011283699339403678
10,dimuon,0.001,2104,3.927870023210141e-05,0.00014301017675415106
10,dimuon,0.001,2105,3.927870023210141e-05,0.00015872165684699163
10,dimuon,0.001,2106,3.927870023210141e-05,0.00015872165684699163
10,dimuon,0.001,2107,3.927870023210141e-05,0.00015193715407962866
10,dimuon,0.001,2108,3.927870023210141e-05,0.00014425995357971792
10,dimuon,0.001,2109,3.927870023210141e-05,0.00012122835207998572
10,dimuon,0.001,2114,3.927870023210141e-05,7.67720049991073e-05
10,dimuon,0.001,2115,3.927870023210141e-05,0.00011283699339403678
10,dimuon,0.001,2116,3.927870023210141e-05,0.00014301017675415106
10,dimuon,0.001,2117,3.927870023210141e-05,0.00015872165684699163
10,dimuon,0.001,2118,3.927870023210141e-05,0.00015872165684699163
10,dimuon,0.001,2119,3.927870023210141e-05,0.00015193715407962866
10,dimuon,0.001,2120,3.927870023210141e-05,0.00014425995357971792
10,dimuon,0.001,2121,3.927870023210141e-05,0.00012122835207998572
10,dimuon,0.001,2126,3.927870023210141e-05,7.67720049991073e-05
10,dimuon,0.001,2127,3.927870023210141e-05,0.00011283699339403678
10,dimuon,0.001,2128,3.927870023210141e-05,0.00014301017675415106
10,dimuon,0.001,2129,3.927870023210141e-05,0.00015872165684699163
10,dimuon,0.001,2130,3.927870023210141e-05,0.00015872165684699163
10,dimuon,0.001,2131,3.927870023210141e-05,0.00015193715407962866
10,dimuon,0.001,2132,3.927870023210141e-05,0.00014425995357971792
10,dimuon,0.001,2133,3.927870023210141e-05,0.00012122835207998572
10,dimuon,0.001,2138,3.927870023210141e-05,7.67720049991073e-05
10,dimuon,0.001,2139,3.927870023210141e-05,0.00011283699339403678
10,dimuon,0.001,2140,3.927870023210141e-05,0.00014301017675415106
10,dimuon,0.001,2141,3.927870023210141e-05,0.00015872165684699163
10,dimuon,0.001,2142,3.927870023210141e-05,0.00015872165684699163
10,dimuon,0.001,2143,3.927870023210141e-05,0.00015193715407962866
10,dimuon,0.001,2144,3.927870023210141e-05,0.00014425995357971792
10,dimuon,0.001,2145,3.927870023210141e-05,0.00012122835207998572
10,dimuon,0.001,2150,3.927870023210141e-05,7.67720049991073e-05
10,dimuon,0.001,2151,3.927870023210141e-05,0.00011283699339403678
10,dimuon,0.001,2152,3.927870023210141e-05,0.00014301017675415106
10,dimuon,0.001,2153,3.927870023210141e-05,0.00015872165684699163
10,dimuon,0.001,2154,3.927870023210141e-05,0.00015872165684699163
10,dimuon,0.001,2155,3.927870023210141e-05,0.00015193715407962866
10,dimuon,0.001,2156,3.927870023210141e-05,0.00014425995357971792
10,dimuon,0.001,2157,3.927870023210141e-05,0.00012122835207998572
10,dimuon,0.001,2162,3.927870023210141e-05,7.67720049991073e-05
10,dimuon,0.001,2163,3.927870023210141e-05,0.00011283699339403678
10,dimuon,0.001,2164,3.927870023210141e-05,0.00014301017675415106
10,dimuon,0.001,2165,3.927870023210141e-05,0.00015872165684699163
10,dimuon,0.001,2166,3.927870023210141e-05,0.00015872165684699163
10,dimuon,0.001,2167,3.927870023210141e-05,0.00015193715407962866
10,dimuon,0.001,2168,3.927870023210141e-05,0.00014425995357971792
10,dimuon,0.001,2169,3.927870023210141e-05,0.00012122835207998572
10,dimuon,0.001,2177,3.927870023210141e-05,7.67720049991073e-05
10,dimuon,0.001,2178,3.927870023210141e-05,0.00011283699339403678
10,dimuon,0.001,2179,3.927870023210141e-05,0.00014301017675415106
10,dimuon,0.001,2180,3.927870023210141e-05,0.00015872165684699163
10,dimuon,0.001,2181,3.927870023210141e-05,0.00015872165684699163
10,dimuon,0.001,2182,3.927870023210141e-05,0.00015872165684699163
10,dimuon,0.001,2183,3.927870023210141e-05,0.00015872165684699163
10,dimuon,0.001,2184,3.927870023210141e-05,0.00015872165684699163
10,dimuon,0.001,2185,3.927870023210141e-05,0.00015872165684699163
10,dimuon,0.001,2186,3.927870023210141e-05,0.00015872165684699163
10,dimuon,0.001,2187,3.927870023210141e-05,0.00015872165684699163
10,dimuon,0.001,2188,3.927870023210141e-05,0.00015872165684699163
10,dimuon,0.001,2189,3.927870023210141e-05,0.00015872165684699163
10,dimuon,0.001,2190,3.927870023210141e-05,0.00015872165684699163
10,dimuon,0.001,2191,3.927870023210141e-05,0.00015872165684699163
10,dimuon,0.001,2192,3.927870023210141e-05,0.00015872165684699163
10,dimuon,0.001,2193,3.927870023210141e-05,0.00015872165684699163
10,dimuon,0.001,2194,3.927870023210141e-05,0.00015872165684699163
10,dimuon,0.001,2195,3.927870023210141e-05,0.00015872165684699163
10,dimuon,0.001,2196,3.927870023210141e-05,0.00015872165684699163
10,dimuon,0.001,2197,3.927870023210141e-05,0.00015872165684699163
10,dimuon,0.001,2198,3.927870023210141e-05,0.00015872165684699163
10,dimuon,0.001,2199,3.927870023210141e-05,0.00015872165684699163
10,dimuon,0.001,2200,3.927870023210141e-05,0.00015872165684699163
10,dimuon,0.001,2201,3.927870023210141e-05,0.00015872165684699163
10,dimuon,0.001,2202,3.927870023210141e-05,0.00015872165684699163
10,dimuon,0.001,2203,3.927870023210141e-05,0.00015872165684699163
10,dimuon,0.001,2204,3.927870023210141e-05,0.00015872165684699163
10,dimuon,0.001,2205,3.927870023210141e-05,0.00015872165684699163
10,dimuon,0.001,2206,3.927870023210141e-05,0.00015872165684699163
10,dimuon,0.001,2207,3.927870023210141e-05,0.00015872165684699163
10,dimuon,0.001,2208,3.927870023210141e-05,0.00015872165684699163
10,dimuon,0.001,2209,3.927870023210141e-05,0.00015872165684699163
10,dimuon,0.001,2210,3.927870023210141e-05,0.00015193715407962866
10,dimuon,0.001,2211,3.927870023210141e-05,0.00014425995357971792
10,dimuon,0.001,2212,3.927870023210141e-05,0.00012122835207998572
10,dimuon,0.001,2220,3.927870023210141e-05,7.67720049991073e-05
10,dimuon,0.001,2221,3.927870023210141e-05,0.00011283699339403678
10,dimuon,0.001,2222,3.927870023210141e-05,0.00014301017675415106
10,dimuon,0.001,2223,3.927870023210141e-05,0.00015872165684699163
10,dimuon,0.001,2224,3.927870023210141e-05,0.00015872165684699163
10,dimuon,0.001,2225,3.927870023210141e-05,0.00015872165684699163
10,dimuon,0.001,2226,3.927870023210141e-05,0.00015872165684699163
10,dimuon,0.001,2227,3.927870023210141e-05,0.00015872165684699163
10,dimuon,0.001,2228,3.927870023210141e-05,0.00015872165684699163
10,dimuon,0.001,2229,3.927870023210141e-05,0.00015872165684699163
10,dimuon,0.001,2230,3.927870023210141e-05,0.00015872165684699163
10,dimuon,0.001,2231,3.927870023210141e-05,0.00015872165684699163
10,dimuon,0.001,2232,3.927870023210141e-05,0.00015872165684699163
10,dimuon,0.001,2233,3.927870023210141e-05,0.00015872165684699163
10,dimuon,0.001,2234,3.927870023210141e-05,0.00015872165684699163
10,dimuon,0.001,2235,3.927870023210141e-05,0.00015872165684699163
10,dimuon,0.001,2236,3.927870023210141e-05,0.00015872165684699163
10,dimuon,0.001,2237,3.927870023210141e-05,0.00015872165684699163
10,dimuon,0.001,2238,3.927870023210141e-05,0.00015872165684699163
10,dimuon,0.001,2239,3.927870023210141e-05,0.00015872165684699163
10,dimuon,0.001,2240,3.927870023210141e-05,0.00015872165684699163
10,dimuon,0.001,2241,3.927870023210141e-05,0.00015872165684699163
10,dimuon,0.001,2242,3.927870023210141e-05,0.00015872165684699163
10,dimuon,0.001,2243,3.927870023210141e-05,0.00015872165684699163
10,dimuon,0.001,2244,3.927870023210141e-05,0.00015872165684699163
10,dimuon,0.001,2245,3.927870023210141e-05,0.00015872165684699163
10,dimuon,0.001,2246,3.927870023210141e-05,0.00015872165684699163
10,dimuon,0.001,2247,3.927870023210141e-05,0.00015872165684699163
10,dimuon,0.001,2248,3.927870023210141e-05,0.00015872165684699163
10,dimuon,0.001,2249,3.927870023210141e-05,0.00015872165684699163
10,dimuon,0.001,2250,3.927870023210141e-05,0.00015872165684699163
10,dimuon,0.001,2251,3.927870023210141e-05,0.00015872165684699163
10,dimuon,0.001,2252,3.927870023210141e-05,0.00015872165684699163
10,dimuon,0.001,2253,3.927870023210141e-05,0.00015193715407962866
10,dimuon,0.001,2254,3.927870023210141e-05,0.00014425995357971792
10,dimuon,0.001,2255,3.927870023210141e-05,0.00012122835207998572
10,dimuon,0.01,1,0,0
10,dimuon,0.01,2,0,0
10,dimuon,0.01,3,0,0
10,dimuon,0.01,4,0,0
10,dimuon,0.01,5,0,0
10,dimuon,0.01,6,0,0
10,dimuon,0.01,7,0,0
10,dimuon,0.01,8,0,0
10,dimuon,0.01,9,0,0
10,dimuon,0.01,10,0,0
10,dimuon,0.01,11,0,0
10,dimuon,0.01,12,0,0
10,dimuon,0.01,86,0.0003927870023210141,0.0003927870023210141
10,dimuon,0.01,302,0.0003927870023210141,0.0007677200499910731
10,dimuon,0.01,303,0.0003927870023210141,0.001128369933940368
10,dimuon,0.01,304,0.0003927870023210141,0.0014301017675415104
10,dimuon,0.01,305,0.0003927870023210141,0.0015872165684699161
10,dimuon,0.01,306,0.0003927870023210141,0.0015872165684699161
10,dimuon,0.01,307,0.0003927870023210141,0.0015193715407962865
10,dimuon,0.01,308,0.0003927870023210141,0.0014425995357971791
10,dimuon,0.01,309,0.0003927870023210141,0.0012122835207998572
10,dimuon,0.01,314,0.0003927870023210141,0.0007677200499910731
10,dimuon,0.01,315,0.0003927870023210141,0.001128369933940368
10,dimuon,0.01,316,0.0003927870023210141,0.0014301017675415104
10,dimuon,0.01,317,0.0003927870023210141,0.0015872165684699161
10,dimuon,0.01,318,0.0003927870023210141,0.0015872165684699161
10,dimuon,0.01,319,0.0003927870023210141,0.0015193715407962865
10,dimuon,0.01,320,0.0003927870023210141,0.0014425995357971791
10,dimuon,0.01,321,0.0003927870023210141,0.0012122835207998572
10,dimuon,0.01,326,0.0003927870023210141,0.0007677200499910731
10,dimuon,0.01,327,0.0003927870023210141,0.001128369933940368
10,dimuon,0.01,328,0.0003927870023210141,0.0014301017675415104
10,dimuon,0.01,329,0.0003927870023210141,0.0015872165684699161
10,dimuon,0.01,330,0.0003927870023210141,0.0015872165684699161
10,dimuon,0.01,331,0.0003927870023210141,0.0015193715407962865
10,dimuon,0.01,332,0.0003927870023210141,0.0014425995357971791
10,dimuon,0.01,333,0.0003927870023210141,0.0012122835207998572
10,dimuon,0.01,338,0.0003927870023210141,0.0007677200499910731
10,dimuon,0.01,339,0.0003927870023210141,0.001128369933940368
10,dimuon,0.01,340,0.0003927870023210141,0.0014301017675415104
10,dimuon,0.01,341,0.0003927870023210141,0.0015872165684699161
10,dimuon,0.01,342,0.0003927870023210141,0.0015872165684699161
10,dimuon,0.01,343,0.0003927870023210141,0.0015193715407962865
10,dimuon,0.01,344,0.0003927870023210141,0.0014425995357971791
10,dimuon,0.01,345,0.0003927870023210141,0.0012122835207998572
10,dimuon,0.01,350,0.0003927870023210141,0.0007677200499910731
10,dimuon,0.01,351,0.0003927870023210141,0.001128369933940368
10,dimuon,0.01,352,0.0003927870023210141,0.0014301017675415104
10,dimuon,0.01,353,0.0003927870023210141,0.0015872165684699161
10,dimuon,0.01,354,0.0003927870023210141,0.0015872165684699161
10,dimuon,0.01,355,0.0003927870023210141,0.0015193715407962865
10,dimuon,0.01,356,0.0003927870023210141,0.0014425995357971791
10,dimuon,0.01,357,0.0003927870023210141,0.0012122835207998572
10,dimuon,0.01,362,0.0003927870023210141,0.0007677200499910731
10,dimuon,0.01,363,0.0003927870023210141,0.001128369933940368
10,dimuon,0.01,364,0.0003927870023210141,0.0014301017675415104
10,dimuon,0.01,365,0.0003927870023210141,0.0015872165684699161
10,dimuon,0.01,366,0.0003927870023210141,0.0015872165684699161
10,dimuon,0.01,367,0.0003927870023210141,0.0015193715407962865
10,dimuon,0.01,368,0.0003927870023210141,0.0014425995357971791
10,dimuon,0.01,369,0.0003927870023210141,0.0012122835207998572
10,dimuon,0.01,374,0.0003927870023210141,0.0007677200499910731
10,dimuon,0.01,375,0.0003927870023210141,0.001128369933940368
10,dimuon,0.01,376,0.0003927870023210141,0.0014301017675415104
10,dimuon,0.01,377,0.0003927870023210141,0.0015872165684699161
10,dimuon,0.01,378,0.0003927870023210141,0.0015872165684699161
10,dimuon,0.01,379,0.0003927870023210141,0.0015193715407962865
10,dimuon,0.01,380,0.0003927870023210141,0.0014425995357971791
10,dimuon,0.01,381,0.0003927870023210141,0.0012122835207998572
10,dimuon,0.01,389,0.0003927870023210141,0.0007677200499910731
10,dimuon,0.01,390,0.0003927870023210141,0.001128369933940368
10,dimuon,0.01,391,0.0003927870023210141,0.0014301017675415104
10,dimuon,0.01,392,0.0003927870023210141,0.0015872165684699161
10,dimuon,0.01,393,0.0003927870023210141,0.0015872165684699161
10,dimuon,0.01,394,0.0003927870023210141,0.0015872165684699161
10,dimuon,0.01,395,0.0003927870023210141,0.0015872165684699161
10,dimuon,0.01,396,0.0003927870023210141,0.0015872165684699161
10,dimuon,0.01,397,0.0003927870023210141,0.0015872165684699161
10,dimuon,0.01,398,0.0003927870023210141,0.0015872165684699161
10,dimuon,0.01,399,0.0003927870023210141,0.0015872165684699161
10,dimuon,0.01,400,0.0003927870023210141,0.0015872165684699161
10,dimuon,0.01,401,0.0003927870023210141,0.0015872165684699161
10,dimuon,0.01,402,0.0003927870023210141,0.0015872165684699161
10,dimuon,0.01,403,0.0003927870023210141,0.0015872165684699161
10,dimuon,0.01,404,0.0003927870023210141,0.0015872165684699161
10,dimuon,0.01,405,0.0003927870023210141,0.0015872165684699161
10,dimuon,0.01,406,0.0003927870023210141,0.0015872165684699161
10,dimuon,0.01,407,0.0003927870023210141,0.0015872165684699161
10,dimuon,0.01,408,0.0003927870023210141,0.0015872165684699161
10,dimuon,0.01,409,0.0003927870023210141,0.0015872165684699161
10,dimuon,0.01,410,0.0003927870023210141,0.0015872165684699161
10,dimuon,0.01,411,0.0003927870023210141,0.0015872165684699161
10,dimuon,0.01,412,0.0003927870023210141,0.0015872165684699161
10,dimuon,0.01,413,0.0003927870023210141,0.0015872165684699161
10,dimuon,0.01,414,0.0003927870023210141,0.0015872165684699161
10,dimuon,0.01,415,0.0003927870023210141,0.0015872165684699161
10,dimuon,0.01,416,0.0003927870023210141,0.0015872165684699161
10,dimuon,0.01,417,0.0003927870023210141,0.0015872165684699161
10,dimuon,0.01,418,0.0003927870023210141,0.0015872165684699161
10,dimuon,0.01,419,0.0003927870023210141,0.0015872165684699161
10,dimuon,0.01,420,0.0003927870023210141,0.0015872165684699161
10,dimuon,0.01,421,0.0003927870023210141,0.0015872165684699161
10,dimuon,0.01,422,0.0003927870023210141,0.0015193715407962865
10,dimuon,0.01,423,0.0003927870023210141,0.0014425995357971791
10,dimuon,0.01,424,0.0003927870023210141,0.0012122835207998572
10,dimuon,0.01,432,0.0003927870023210141,0.0007677200499910731
10,dimuon,0.01,433,0.0003927870023210141,0.001128369933940368
10,dimuon,0.01,434,0.0003927870023210141,0.0014301017675415104
10,dimuon,0.01,435,0.0003927870023210141,0.0015872165684699161
10,dimuon,0.01,436,0.0003927870023210141,0.0015872165684699161
10,dimuon,0.01,437,0.0003927870023210141,0.0015872165684699161
10,dimuon,0.01,438,0.0003927870023210141,0.0015872165684699161
10,dimuon,0.01,439,0.0003927870023210141,0.0015872165684699161
10,dimuon,0.01,440,0.0003927870023210141,0.0015872165684699161
10,dimuon,0.01,441,0.0003927870023210141,0.0015872165684699161
10,dimuon,0.01,442,0.0003927870023210141,0.0015872165684699161
10,dimuon,0.01,443,0.0003927870023210141,0.0015872165684699161
10,dimuon,0.01,444,0.0003927870023210141,0.0015872165684699161
10,dimuon,0.01,445,0.0003927870023210141,0.0015872165684699161
10,dimuon,0.01,446,0.0003927870023210141,0.0015872165684699161
10,dimuon,0.01,447,0.0003927870023210141,0.0015872165684699161
10,dimuon,0.01,448,0.0003927870023210141,0.0015872165684699161
10,dimuon,0.01,449,0.0003927870023210141,0.0015872165684699161
10,dimuon,0.01,450,0.0003927870023210141,0.0015872165684699161
10,dimuon,0.01,451,0.0003927870023210141,0.0015872165684699161
10,dimuon,0.01,452,0.0003927870023210141,0.0015872165684699161
10,dimuon,0.01,453,0.0003927870023210141,0.0015872165684699161
10,dimuon,0.01,454,0.0003927870023210141,0.0015872165684699161
10,dimuon,0.01,455,0.0003927870023210141,0.0015872165684699161
10,dimuon,0.01,456,0.0003927870023210141,0.0015872165684699161
10,dimuon,0.01,457,0.0003927870023210141,0.0015872165684699161
10,dimuon,0.01,458,0.0003927870023210141,0.0015872165684699161
10,dimuon,0.01,459,0.0003927870023210141,0.0015872165684699161
10,dimuon,0.01,460,0.0003927870023210141,0.0015872165684699161
10,dimuon,0.01,461,0.0003927870023210141,0.0015872165684699161
10,dimuon,0.01,462,0.0003927870023210141,0.0015872165684699161
10,dimuon,0.01,463,0.0003927870023210141,0.0015872165684699161
10,dimuon,0.01,464,0.0003927870023210141,0.0015872165684699161
10,dimuon,0.01,465,0.0003927870023210141,0.0015193715407962865
10,dimuon,0.01,466,0.0003927870023210141,0.0014425995357971791
10,dimuon,0.01,467,0.0003927870023210141,0.0012122835207998572
10,dimuon,0.01,977,0,0
10,dimuon,0.01,1196,0.0003927870023210141,0.0007677200499910731
10,dimuon,0.01,1197,0.0003927870023210141,0.001128369933940368
10,dimuon,0.01,1198,0.0003927870023210141,0.0014301017675415104
10,dimuon,0.01,1199,0.0003927870023210141,0.0015872165684699161
10,dimuon,0.01,1200,0.0003927870023210141,0.0015872165684699161
10,dimuon,0.01,1201,0.0003927870023210141,0.0015193715407962865
10,dimuon,0.01,1202,0.0003927870023210141,0.0014425995357971791
10,dimuon,0.01,1203,0.0003927870023210141,0.0012122835207998572
10,dimuon,0.01,1208,0.0003927870023210141,0.0007677200499910731
10,dimuon,0.01,1209,0.0003927870023210141,0.001128369933940368
10,dimuon,0.01,1210,0.0003927870023210141,0.0014301017675415104
10,dimuon,0.01,1211,0.0003927870023210141,0.0015872165684699161
10,dimuon,0.01,1212,0.0003927870023210141,0.0015872165684699161
10,dimuon,0.01,1213,0.0003927870023210141,0.0015193715407962865
10,dimuon,0.01,1214,0.0003927870023210141,0.0014425995357971791
10,dimuon,0.01,1215,0.0003927870023210141,0.0012122835207998572
10,dimuon,0.01,1220,0.0003927870023210141,0.0007677200499910731
10,dimuon,0.01,1221,0.0003927870023210141,0.001128369933940368
10,dimuon,0.01,1222,0.0003927870023210141,0.0014301017675415104
10,dimuon,0.01,1223,0.0003927870023210141,0.0015872165684699161
10,dimuon,0.01,1224,0.0003927870023210141,0.0015872165684699161
10,dimuon,0.01,1225,0.0003927870023210141,0.0015193715407962865
10,dimuon,0.01,1226,0.0003927870023210141,0.0014425995357971791
10,dimuon,0.01,1227,0.0003927870023210141,0.0012122835207998572
10,dimuon,0.01,1232,0.0003927870023210141,0.0007677200499910731
10,dimuon,0.01,1233,0.0003927870023210141,0.001128369933940368
10,dimuon,0.01,1234,0.0003927870023210141,0.0014301017675415104
10,dimuon,0.01,1235,0.0003927870023210141,0.0015872165684699161
10,dimuon,0.01,1236,0.0003927870023210141,0.0015872165684699161
10,dimuon,0.01,1237,0.0003927870023210141,0.0015193715407962865
10,dimuon,0.01,1238,0.0003927870023210141,0.0014425995357971791
10,dimuon,0.01,1239,0.0003927870023210141,0.0012122835207998572
10,dimuon,0.01,1244,0.0003927870023210141,0.0007677200499910731
10,dimuon,0.01,1245,0.0003927870023210141,0.001128369933940368
10,dimuon,0.01,1246,0.0003927870023210141,0.0014301017675415104
10,dimuon,0.01,1247,0.0003927870023210141,0.0015872165684699161
10,dimuon,0.01,1248,0.0003927870023210141,0.0015872165684699161
10,dimuon,0.01,1249,0.0003927870023210141,0.0015193715407962865
10,dimuon,0.01,1250,0.0003927870023210141,0.0014425995357971791
10,dimuon,0.01,1251,0.0003927870023210141,0.0012122835207998572
10,dimuon,0.01,1256,0.0003927870023210141,0.0007677200499910731
10,dimuon,0.01,1257,0.0003927870023210141,0.001128369933940368
10,dimuon,0.01,1258,0.0003927870023210141,0.0014301017675415104
10,dimuon,0.01,1259,0.0003927870023210141,0.0015872165684699161
10,dimuon,0.01,1260,0.0003927870023210141,0.0015872165684699161
10,dimuon,0.01,1261,0.0003927870023210141,0.0015193715407962865
10,dimuon,0.01,1262,0.0003927870023210141,0.0014425995357971791
10,dimuon,0.01,1263,0.0003927870023210141,0.0012122835207998572
10,dimuon,0.01,1268,0.0003927870023210141,0.0007677200499910731
10,dimuon,0.01,1269,0.0003927870023210141,0.001128369933940368
10,dimuon,0.01,1270,0.0003927870023210141,0.0014301017675415104
10,dimuon,0.01,1271,0.0003927870023210141,0.0015872165684699161
10,dimuon,0.01,1272,0.0003927870023210141,0.0015872165684699161
10,dimuon,0.01,1273,0.0003927870023210141,0.0015193715407962865
10,dimuon,0.01,1274,0.0003927870023210141,0.0014425995357971791
10,dimuon,0.01,1275,0.0003927870023210141,0.0012122835207998572
10,dimuon,0.01,1283,0.0003927870023210141,0.0007677200499910731
10,dimuon,0.01,1284,0.0003927870023210141,0.001128369933940368
10,dimuon,0.01,1285,0.0003927870023210141,0.0014301017675415104
10,dimuon,0.01,1286,0.0003927870023210141,0.0015872165684699161
10,dimuon,0.01,1287,0.0003927870023210141,0.0015872165684699161
10,dimuon,0.01,1288,0.0003927870023210141,0.0015872165684699161
10,dimuon,0.01,1289,0.0003927870023210141,0.0015872165684699161
10,dimuon,0.01,1290,0.0003927870023210141,0.0015872165684699161
10,dimuon,0.01,1291,0.0003927870023210141,0.0015872165684699161
10,dimuon,0.01,1292,0.0003927870023210141,0.0015872165684699161
10,dimuon,0.01,1293,0.0003927870023210141,0.0015872165684699161
10,dimuon,0.01,1294,0.0003927870023210141,0.0015872165684699161
10,dimuon,0.01,1295,0.0003927870023210141,0.0015872165684699161
10,dimuon,0.01,1296,0.0003927870023210141,0.0015872165684699161
10,dimuon,0.01,1297,0.0003927870023210141,0.0015872165684699161
10,dimuon,0.01,1298,0.0003927870023210141,0.0015872165684699161
10,dimuon,0.01,1299,0.0003927870023210141,0.0015872165684699161
10,dimuon,0.01,1300,0.0003927870023210141,0.0015872165684699161
10,dimuon,0.01,1301,0.0003927870023210141,0.0015872165684699161
10,dimuon,0.01,1302,0.0003927870023210141,0.0015872165684699161
10,dimuon,0.01,1303,0.0003927870023210141,0.0015872165684699161
10,dimuon,0.01,1304,0.0003927870023210141,0.0015872165684699161
10,dimuon,0.01,1305,0.0003927870023210141,0.0015872165684699161
10,dimuon,0.01,1306,0.0003927870023210141,0.0015872165684699161
10,dimuon,0.01,1307,0.0003927870023210141,0.0015872165684699161
10,dimuon,0.01,1308,0.0003927870023210141,0.0015872165684699161
10,dimuon,0.01,1309,0.0003927870023210141,0.0015872165684699161
10,dimuon,0.01,1310,0.0003927870023210141,0.0015872165684699161
10,dimuon,0.01,1311,0.0003927870023210141,0.0015872165684699161
10,dimuon,0.01,1312,0.0003927870023210141,0.0015872165684699161
10,dimuon,0.01,1313,0.0003927870023210141,0.0015872165684699161
10,dimuon,0.01,1314,0.0003927870023210141,0.0015872165684699161
10,dimuon,0.01,1315,0.0003927870023210141,0.0015872165684699161
10,dimuon,0.01,1316,0.0003927870023210141,0.0015193715407962865
10,dimuon,0.01,1317,0.0003927870023210141,0.0014425995357971791
10,dimuon,0.01,1318,0.0003927870023210141,0.0012122835207998572
10,dimuon,0.01,1326,0.0003927870023210141,0.0007677200499910731
10,dimuon,0.01,1327,0.0003927870023210141,0.001128369933940368
10,dimuon,0.01,1328,0.0003927870023210141,0.0014301017675415104
10,dimuon,0.01,1329,0.0003927870023210141,0.0015872165684699161
10,dimuon,0.01,1330,0.0003927870023210141,0.0015872165684699161
10,dimuon,0.01,1331,0.0003927870023210141,0.0015872165684699161
10,dimuon,0.01,1332,0.0003927870023210141,0.0015872165684699161
10,dimuon,0.01,1333,0.0003927870023210141,0.0015872165684699161
10,dimuon,0.01,1334,0.0003927870023210141,0.0015872165684699161
10,dimuon,0.01,1335,0.0003927870023210141,0.0015872165684699161
10,dimuon,0.01,1336,0.0003927870023210141,0.0015872165684699161
10,dimuon,0.01,1337,0.0003927870023210141,0.0015872165684699161
10,dimuon,0.01,1338,0.0003927870023210141,0.0015872165684699161
10,dimuon,0.01,1339,0.0003927870023210141,0.0015872165684699161
10,dimuon,0.01,1340,0.0003927870023210141,0.0015872165684699161
10,dimuon,0.01,1341,0.0003927870023210141,0.0015872165684699161
10,dimuon,0.01,1342,0.0003927870023210141,0.0015872165684699161
10,dimuon,0.01,1343,0.0003927870023210141,0.0015872165684699161
10,dimuon,0.01,1344,0.0003927870023210141,0.0015872165684699161
10,dimuon,0.01,1345,0.0003927870023210141,0.0015872165684699161
10,dimuon,0.01,1346,0.0003927870023210141,0.0015872165684699161
10,dimuon,0.01,1347,0.0003927870023210141,0.0015872165684699161
10,dimuon,0.01,1348,0.0003927870023210141,0.0015872165684699161
10,dimuon,0.01,1349,0.0003927870023210141,0.0015872165684699161
10,dimuon,0.01,1350,0.0003927870023210141,0.0015872165684699161
10,dimuon,0.01,1351,0.0003927870023210141,0.0015872165684699161
10,dimuon,0.01,1352,0.0003927870023210141,0.0015872165684699161
10,dimuon,0.01,1353,0.0003927870023210141,0.0015872165684699161
10,dimuon,0.01,1354,0.0003927870023210141,0.0015872165684699161
10,dimuon,0.01,1355,0.0003927870023210141,0.0015872165684699161
10,dimuon,0.01,1356,0.0003927870023210141,0.0015872165684699161
10,dimuon,0.01,1357,0.0003927870023210141,0.0015872165684699161
10,dimuon,0.01,1358,0.0003927870023210141,0.0015872165684699161
10,dimuon,0.01,1359,0.0003927870023210141,0.0015193715407962865
10,dimuon,0.01,1360,0.0003927870023210141,0.0014425995357971791
10,dimuon,0.01,1361,0.0003927870023210141,0.0012122835207998572
10,dimuon,0.01,1871,0.0003927870023210141,0.0003927870023210141
10,dimuon,0.01,2090,0.0003927870023210141,0.0007677200499910731
10,dimuon,0.01,2091,0.0003927870023210141,0.001128369933940368
10,dimuon,0.01,2092,0.0003927870023210141,0.0014301017675415104
10,dimuon,0.01,2093,0.0003927870023210141,0.0015872165684699161
10,dimuon,0.01,2094,0.0003927870023210141,0.0015872165684699161
10,dimuon,0.01,2095,0.0003927870023210141,0.0015193715407962865
10,dimuon,0.01,2096,0.0003927870023210141,0.0014425995357971791
10,dimuon,0.01,2097,0.0003927870023210141,0.0012122835207998572
10,dimuon,0.01,2102,0.0003927870023210141,0.0007677200499910731
10,dimuon,0.01,2103,0.0003927870023210141,0.001128369933940368
10,dimuon,0.01,2104,0.0003927870023210141,0.0014301017675415104
10,dimuon,0.01,2105,0.0003927870023210141,0.0015872165684699161
10,dimuon,0.01,2106,0.0003927870023210141,0.0015872165684699161
10,dimuon,0.01,2107,0.0003927870023210141,0.0015193715407962865
10,dimuon,0.01,2108,0.0003927870023210141,0.0014425995357971791
10,dimuon,0.01,2109,0.0003927870023210141,0.0012122835207998572
10,dimuon,0.01,2114,0.0003927870023210141,0.0007677200499910731
10,dimuon,0.01,2115,0.0003927870023210141,0.001128369933940368
10,dimuon,0.01,2116,0.0003927870023210141,0.0014301017675415104
10,dimuon,0.01,2117,0.0003927870023210141,0.0015872165684699161
10,dimuon,0.01,2118,0.0003927870023210141,0.0015872165684699161
10,dimuon,0.01,2119,0.0003927870023210141,0.0015193715407962865
10,dimuon,0.01,2120,0.0003927870023210141,0.0014425995357971791
10,dimuon,0.01,2121,0.0003927870023210141,0.0012122835207998572
10,dimuon,0.01,2126,0.0003927870023210141,0.0007677200499910731
10,dimuon,0.01,2127,0.0003927870023210141,0.001128369933940368
10,dimuon,0.01,2128,0.0003927870023210141,0.0014301017675415104
10,dimuon,0.01,2129,0.0003927870023210141,0.0015872165684699161
10,dimuon,0.01,2130,0.0003927870023210141,0.0015872165684699161
10,dimuon,0.01,2131,0.0003927870023210141,0.0015193715407962865
10,dimuon,0.01,2132,0.0003927870023210141,0.0014425995357971791
10,dimuon,0.01,2133,0.0003927870023210141,0.0012122835207998572
10,dimuon,0.01,2138,0.0003927870023210141,0.0007677200499910731
10,dimuon,0.01,2139,0.0003927870023210141,0.001128369933940368
10,dimuon,0.01,2140,0.0003927870023210141,0.0014301017675415104
10,dimuon,0.01,2141,0.0003927870023210141,0.0015872165684699161
10,dimuon,0.01,2142,0.0003927870023210141,0.0015872165684699161
10,dimuon,0.01,2143,0.0003927870023210141,0.0015193715407962865
10,dimuon,0.01,2144,0.0003927870023210141,0.0014425995357971791
10,dimuon,0.01,2145,0.0003927870023210141,0.0012122835207998572
10,dimuon,0.01,2150,0.0003927870023210141,0.0007677200499910731
10,dimuon,0.01,2151,0.0003927870023210141,0.001128369933940368
10,dimuon,0.01,2152,0.0003927870023210141,0.0014301017675415104
10,dimuon,0.01,2153,0.0003927870023210141,0.0015872165684699161
10,dimuon,0.01,2154,0.0003927870023210141,0.0015872165684699161
10,dimuon,0.01,2155,0.0003927870023210141,0.0015193715407962865
10,dimuon,0.01,2156,0.0003927870023210141,0.0014425995357971791
10,dimuon,0.01,2157,0.0003927870023210141,0.0012122835207998572
10,dimuon,0.01,2162,0.0003927870023210141,0.0007677200499910731
10,dimuon,0.01,2163,0.0003927870023210141,0.001128369933940368
10,dimuon,0.01,2164,0.0003927870023210141,0.0014301017675415104
10,dimuon,0.01,2165,0.0003927870023210141,0.0015872165684699161
10,dimuon,0.01,2166,0.0003927870023210141,0.0015872165684699161
10,dimuon,0.01,2167,0.0003927870023210141,0.0015193715407962865
10,dimuon,0.01,2168,0.0003927870023210141,0.0014425995357971791
10,dimuon,0.01,2169,0.0003927870023210141,0.0012122835207998572
10,dimuon,0.01,2177,0.0003927870023210141,0.0007677200499910731
10,dimuon,0.01,2178,0.0003927870023210141,0.001128369933940368
10,dimuon,0.01,2179,0.0003927870023210141,0.0014301017675415104
10,dimuon,0.01,2180,0.0003927870023210141,0.0015872165684699161
10,dimuon,0.01,2181,0.0003927870023210141,0.0015872165684699161
10,dimuon,0.01,2182,0.0003927870023210141,0.0015872165684699161
10,dimuon,0.01,2183,0.0003927870023210141,0.0015872165684699161
10,dimuon,0.01,2184,0.0003927870023210141,0.0015872165684699161
10,dimuon,0.01,2185,0.0003927870023210141,0.0015872165684699161
10,dimuon,0.01,2186,0.0003927870023210141,0.0015872165684699161
10,dimuon,0.01,2187,0.0003927870023210141,0.0015872165684699161
10,dimuon,0.01,2188,0.0003927870023210141,0.0015872165684699161
10,dimuon,0.01,2189,0.0003927870023210141,0.0015872165684699161
10,dimuon,0.01,2190,0.0003927870023210141,0.0015872165684699161
10,dimuon,0.01,2191,0.0003927870023210141,0.0015872165684699161
10,dimuon,0.01,2192,0.0003927870023210141,0.0015872165684699161
10,dimuon,0.01,2193,0.0003927870023210141,0.0015872165684699161
10,dimuon,0.01,2194,0.0003927870023210141,0.0015872165684699161
10,dimuon,0.01,2195,0.0003927870023210141,0.0015872165684699161
10,dimuon,0.01,2196,0.0003927870023210141,0.0015872165684699161
10,dimuon,0.01,2197,0.0003927870023210141,0.0015872165684699161
10,dimuon,0.01,2198,0.0003927870023210141,0.0015872165684699161
10,dimuon,0.01,2199,0.0003927870023210141,0.0015872165684699161
10,dimuon,0.01,2200,0.0003927870023210141,0.0015872165684699161
10,dimuon,0.01,2201,0.0003927870023210141,0.0015872165684699161
10,dimuon,0.01,2202,0.0003927870023210141,0.0015872165684699161
10,dimuon,0.01,2203,0.0003927870023210141,0.0015872165684699161
10,dimuon,0.01,2204,0.0003927870023210141,0.0015872165684699161
10,dimuon,0.01,2205,0.0003927870023210141,0.0015872165684699161
10,dimuon,0.01,2206,0.0003927870023210141,0.0015872165684699161
10,dimuon,0.01,2207,0.0003927870023210141,0.0015872165684699161
10,dimuon,0.01,2208,0.0003927870023210141,0.0015872165684699161
10,dimuon,0.01,2209,0.0003927870023210141,0.0015872165684699161
10,dimuon,0.01,2210,0.0003927870023210141,0.0015193715407962865
10,dimuon,0.01,2211,0.0003927870023210141,0.0014425995357971791
10,dimuon,0.01,2212,0.0003927870023210141,0.0012122835207998572
10,dimuon,0.01,2220,0.0003927870023210141,0.0007677200499910731
10,dimuon,0.01,2221,0.0003927870023210141,0.001128369933940368
10,dimuon,0.01,2222,0.0003927870023210141,0.0014301017675415104
10,dimuon,0.01,2223,0.0003927870023210141,0.0015872165684699161
10,dimuon,0.01,2224,0.0003927870023210141,0.0015872165684699161
10,dimuon,0.01,2225,0.0003927870023210141,0.0015872165684699161
10,dimuon,0.01,2226,0.0003927870023210141,0.0015872165684699161
10,dimuon,0.01,2227,0.0003927870023210141,0.0015872165684699161
10,dimuon,0.01,2228,0.0003927870023210141,0.0015872165684699161
10,dimuon,0.01,2229,0.0003927870023210141,0.0015872165684699161
10,dimuon,0.01,2230,0.0003927870023210141,0.0015872165684699161
10,dimuon,0.01,2231,0.0003927870023210141,0.0015872165684699161
10,dimuon,0.01,2232,0.0003927870023210141,0.0015872165684699161
10,dimuon,0.01,2233,0.0003927870023210141,0.0015872165684699161
10,dimuon,0.01,2234,0.0003927870023210141,0.0015872165684699161
10,dimuon,0.01,2235,0.0003927870023210141,0.0015872165684699161
10,dimuon,0.01,2236,0.0003927870023210141,0.0015872165684699161
10,dimuon,0.01,2237,0.0003927870023210141,0.0015872165684699161
10,dimuon,0.01,2238,0.0003927870023210141,0.0015872165684699161
10,dimuon,0.01,2239,0.0003927870023210141,0.0015872165684699161
10,dimuon,0.01,2240,0.0003927870023210141,0.0015872165684699161
10,dimuon,0.01,2241,0.0003927870023210141,0.0015872165684699161
10,dimuon,0.01,2242,0.0003927870023210141,0.0015872165684699161
10,dimuon,0.01,2243,0.0003927870023210141,0.0015872165684699161
10,dimuon,0.01,2244,0.0003927870023210141,0.0015872165684699161
10,dimuon,0.01,2245,0.0003927870023210141,0.0015872165684699161
10,dimuon,0.01,2246,0.0003927870023210141,0.0015872165684699161
10,dimuon,0.01,2247,0.0003927870023210141,0.0015872165684699161
10,dimuon,0.01,2248,0.0003927870023210141,0.0015872165684699161
10,dimuon,0.01,2249,0.0003927870023210141,0.0015872165684699161
10,dimuon,0.01,2250,0.0003927870023210141,0.0015872165684699161
10,dimuon,0.01,2251,0.0003927870023210141,0.0015872165684699161
10,dimuon,0.01,2252,0.0003927870023210141,0.0015872165684699161
10,dimuon,0.01,2253,0.0003927870023210141,0.0015193715407962865
10,dimuon,0.01,2254,0.0003927870023210141,0.0014425995357971791
10,dimuon,0.01,2255,0.0003927870023210141,0.0012122835207998572
10,dimuon,0.05,1,0,0
10,dimuon,0.05,2,0,0
10,dimuon,0.05,3,0,0
10,dimuon,0.05,4,0,0
10,dimuon,0.05,5,0,0
10,dimuon,0.05,6,0,0
10,dimuon,0.05,7,0,0
10,dimuon,0.05,8,0,0
10,dimuon,0.05,9,0,0
10,dimuon,0.05,10,0,0
10,dimuon,0.05,11,0,0
10,dimuon,0.05,12,0,0
10,dimuon,0.05,86,0.0019639350116050706,0.0019639350116050706
10,dimuon,0.05,302,0.0019639350116050706,0.003838600249955365
10,dimuon,0.05,303,0.0019639350116050706,0.00564184966970184
10,dimuon,0.05,304,0.0019639350116050706,0.007150508837707554
10,dimuon,0.05,305,0.0019639350116050706,0.007936082842349581
10,dimuon,0.05,306,0.0019639350116050706,0.007936082842349581
10,dimuon,0.05,307,0.0019639350116050706,0.0075968577039814324
10,dimuon,0.05,308,0.0019639350116050706,0.007212997678985896
10,dimuon,0.05,309,0.0019639350116050706,0.006061417603999286
10,dimuon,0.05,314,0.0019639350116050706,0.003838600249955365
10,dimuon,0.05,315,0.0019639350116050706,0.00564184966970184
10,dimuon,0.05,316,0.0019639350116050706,0.007150508837707554
10,dimuon,0.05,317,0.0019639350116050706,0.007936082842349581
10,dimuon,0.05,318,0.0019639350116050706,0.007936082842349581
10,dimuon,0.05,319,0.0019639350116050706,0.0075968577039814324
10,dimuon,0.05,320,0.0019639350116050706,0.007212997678985896
10,dimuon,0.05,321,0.0019639350116050706,0.006061417603999286
10,dimuon,0.05,326,0.0019639350116050706,0.003838600249955365
10,dimuon,0.05,327,0.0019639350116050706,0.00564184966970184
10,dimuon,0.05,328,0.0019639350116050706,0.007150508837707554
10,dimuon,0.05,329,0.0019639350116050706,0.007936082842349581
10,dimuon,0.05,330,0.0019639350116050706,0.007936082842349581
10,dimuon,0.05,331,0.0019639350116050706,0.0075968577039814324
10,dimuon,0.05,332,0.0019639350116050706,0.007212997678985896
10,dimuon,0.05,333,0.0019639350116050706,0.006061417603999286
10,dimuon,0.05,338,0.0019639350116050706,0.003838600249955365
10,dimuon,0.05,339,0.0019639350116050706,0.00564184966970184
10,dimuon,0.05,340,0.0019639350116050706,0.007150508837707554
10,dimuon,0.05,341,0.0019639350116050706,0.007936082842349581
10,dimuon,0.05,342,0.0019639350116050706,0.007936082842349581
10,dimuon,0.05,343,0.0019639350116050706,0.0075968577039814324
10,dimuon,0.05,344,0.0019639350116050706,0.007212997678985896
10,dimuon,0.05,345,0.0019639350116050706,0.006061417603999286
10,dimuon,0.05,350,0.0019639350116050706,0.003838600249955365
10,dimuon,0.05,351,0.0019639350116050706,0.00564184966970184
10,dimuon,0.05,352,0.0019639350116050706,0.007150508837707554
10,dimuon,0.05,353,0.0019639350116050706,0.007936082842349581
10,dimuon,0.05,354,0.0019639350116050706,0.007936082842349581
10,dimuon,0.05,355,0.0019639350116050706,0.0075968577039814324
10,dimuon,0.05,356,0.0019639350116050706,0.007212997678985896
10,dimuon,0.05,357,0.0019639350116050706,0.006061417603999286
10,dimuon,0.05,362,0.0019639350116050706,0.003838600249955365
10,dimuon,0.05,363,0.0019639350116050706,0.00564184966970184
10,dimuon,0.05,364,0.0019639350116050706,0.007150508837707554
10,dimuon,0.05,365,0.0019639350116050706,0.007936082842349581
10,dimuon,0.05,366,0.0019639350116050706,0.007936082842349581
10,dimuon,0.05,367,0.0019639350116050706,0.0075968577039814324
10,dimuon,0.05,368,0.0019639350116050706,0.007212997678985896
10,dimuon,0.05,369,0.0019639350116050706,0.006061417603999286
10,dimuon,0.05,374,0.0019639350116050706,0.003838600249955365
10,dimuon,0.05,375,0.0019639350116050706,0.00564184966970184
10,dimuon,0.05,376,0.0019639350116050706,0.007150508837707554
10,dimuon,0.05,377,0.0019639350116050706,0.007936082842349581
10,dimuon,0.05,378,0.0019639350116050706,0.007936082842349581
10,dimuon,0.05,379,0.0019639350116050706,0.0075968577039814324
10,dimuon,0.05,380,0.0019639350116050706,0.007212997678985896
10,dimuon,0.05,381,0.0019639350116050706,0.006061417603999286
10,dimuon,0.05,389,0.0019639350116050706,0.003838600249955365
10,dimuon,0.05,390,0.0019639350116050706,0.00564184966970184
10,dimuon,0.05,391,0.0019639350116050706,0.007150508837707554
10,dimuon,0.05,392,0.0019639350116050706,0.007936082842349581
10,dimuon,0.05,393,0.0019639350116050706,0.007936082842349581
10,dimuon,0.05,394,0.0019639350116050706,0.007936082842349581
10,dimuon,0.05,395,0.0019639350116050706,0.007936082842349581
10,dimuon,0.05,396,0.0019639350116050706,0.007936082842349581
10,dimuon,0.05,397,0.0019639350116050706,0.007936082842349581
10,dimuon,0.05,398,0.0019639350116050706,0.007936082842349581
10,dimuon,0.05,399,0.0019639350116050706,0.007936082842349581
10,dimuon,0.05,400,0.0019639350116050706,0.007936082842349581
10,dimuon,0.05,401,0.0019639350116050706,0.007936082842349581
10,dimuon,0.05,402,0.0019639350116050706,0.007936082842349581
10,dimuon,0.05,403,0.0019639350116050706,0.007936082842349581
10,dimuon,0.05,404,0.0019639350116050706,0.007936082842349581
10,dimuon,0.05,405,0.0019639350116050706,0.007936082842349581
10,dimuon,0.05,406,0.0019639350116050706,0.007936082842349581
10,dimuon,0.05,407,0.0019639350116050706,0.007936082842349581
10,dimuon,0.05,408,0.0019639350116050706,0.007936082842349581
10,dimuon,0.05,409,0.0019639350116050706,0.007936082842349581
10,dimuon,0.05,410,0.0019639350116050706,0.007936082842349581
10,dimuon,0.05,411,0.0019639350116050706,0.007936082842349581
10,dimuon,0.05,412,0.0019639350116050706,0.007936082842349581
10,dimuon,0.05,413,0.0019639350116050706,0.007936082842349581
10,dimuon,0.05,414,0.0019639350116050706,0.007936082842349581
10,dimuon,0.05,415,0.0019639350116050706,0.007936082842349581
10,dimuon,0.05,416,0.0019639350116050706,0.007936082842349581
10,dimuon,0.05,417,0.0019639350116050706,0.007936082842349581
10,dimuon,0.05,418,0.0019639350116050706,0.007936082842349581
10,dimuon,0.05,419,0.0019639350116050706,0.007936082842349581
10,dimuon,0.05,420,0.0019639350116050706,0.007936082842349581
10,dimuon,0.05,421,0.0019639350116050706,0.007936082842349581
10,dimuon,0.05,422,0.0019639350116050706,0.0075968577039814324
10,dimuon,0.05,423,0.0019639350116050706,0.007212997678985896
10,dimuon,0.05,424,0.0019639350116050706,0.006061417603999286
10,dimuon,0.05,432,0.0019639350116050706,0.003838600249955365
10,dimuon,0.05,433,0.0019639350116050706,0.00564184966970184
10,dimuon,0.05,434,0.0019639350116050706,0.007150508837707554
10,dimuon,0.05,435,0.0019639350116050706,0.007936082842349581
10,dimuon,0.05,436,0.0019639350116050706,0.007936082842349581
10,dimuon,0.05,437,0.0019639350116050706,0.007936082842349581
10,dimuon,0.05,438,0.0019639350116050706,0.007936082842349581
10,dimuon,0.05,439,0.0019639350116050706,0.007936082842349581
10,dimuon,0.05,440,0.0019639350116050706,0.007936082842349581
10,dimuon,0.05,441,0.0019639350116050706,0.007936082842349581
10,dimuon,0.05,442,0.0019639350116050706,0.007936082842349581
10,dimuon,0.05,443,0.0019639350116050706,0.007936082842349581
10,dimuon,0.05,444,0.0019639350116050706,0.007936082842349581
10,dimuon,0.05,445,0.0019639350116050706,0.007936082842349581
10,dimuon,0.05,446,0.0019639350116050706,0.007936082842349581
10,dimuon,0.05,447,0.0019639350116050706,0.007936082842349581
10,dimuon,0.05,448,0.0019639350116050706,0.007936082842349581
10,dimuon,0.05,449,0.0019639350116050706,0.007936082842349581
10,dimuon,0.05,450,0.0019639350116050706,0.007936082842349581
10,dimuon,0.05,451,0.0019639350116050706,0.007936082842349581
10,dimuon,0.05,452,0.0019639350116050706,0.007936082842349581
10,dimuon,0.05,453,0.0019639350116050706,0.007936082842349581
10,dimuon,0.05,454,0.0019639350116050706,0.007936082842349581
10,dimuon,0.05,455,0.0019639350116050706,0.007936082842349581
10,dimuon,0.05,456,0.0019639350116050706,0.007936082842349581
10,dimuon,0.05,457,0.0019639350116050706,0.007936082842349581
10,dimuon,0.05,458,0.0019639350116050706,0.007936082842349581
10,dimuon,0.05,459,0.0019639350116050706,0.007936082842349581
10,dimuon,0.05,460,0.0019639350116050706,0.007936082842349581
10,dimuon,0.05,461,0.0019639350116050706,0.007936082842349581
10,dimuon,0.05,462,0.0019639350116050706,0.007936082842349581
10,dimuon,0.05,463,0.0019639350116050706,0.007936082842349581
10,dimuon,0.05,464,0.0019639350116050706,0.007936082842349581
10,dimuon,0.05,465,0.0019639350116050706,0.0075968577039814324
10,dimuon,0.05,466,0.0019639350116050706,0.007212997678985896
10,dimuon,0.05,467,0.0019639350116050706,0.006061417603999286
10,dimuon,0.05,977,0,0
10,dimuon,0.05,1196,0.0019639350116050706,0.003838600249955365
10,dimuon,0.05,1197,0.0019639350116050706,0.00564184966970184
10,dimuon,0.05,1198,0.0019639350116050706,0.007150508837707554
10,dimuon,0.05,1199,0.0019639350116050706,0.007936082842349581
10,dimuon,0.05,1200,0.0019639350116050706,0.007936082842349581
10,dimuon,0.05,1201,0.0019639350116050706,0.0075968577039814324
10,dimuon,0.05,1202,0.0019639350116050706,0.007212997678985896
10,dimuon,0.05,1203,0.0019639350116050706,0.006061417603999286
10,dimuon,0.05,1208,0.0019639350116050706,0.003838600249955365
10,dimuon,0.05,1209,0.0019639350116050706,0.00564184966970184
10,dimuon,0.05,1210,0.0019639350116050706,0.007150508837707554
10,dimuon,0.05,1211,0.0019639350116050706,0.007936082842349581
10,dimuon,0.05,1212,0.0019639350116050706,0.007936082842349581
10,dimuon,0.05,1213,0.0019639350116050706,0.0075968577039814324
10,dimuon,0.05,1214,0.0019639350116050706,0.007212997678985896
10,dimuon,0.05,1215,0.0019639350116050706,0.006061417603999286
10,dimuon,0.05,1220,0.0019639350116050706,0.003838600249955365
10,dimuon,0.05,1221,0.0019639350116050706,0.00564184966970184
10,dimuon,0.05,1222,0.0019639350116050706,0.007150508837707554
10,dimuon,0.05,1223,0.0019639350116050706,0.007936082842349581
10,dimuon,0.05,1224,0.0019639350116050706,0.007936082842349581
10,dimuon,0.05,1225,0.0019639350116050706,0.0075968577039814324
10,dimuon,0.05,1226,0.0019639350116050706,0.007212997678985896
10,dimuon,0.05,1227,0.0019639350116050706,0.006061417603999286
10,dimuon,0.05,1232,0.0019639350116050706,0.003838600249955365
10,dimuon,0.05,1233,0.0019639350116050706,0.00564184966970184
10,dimuon,0.05,1234,0.0019639350116050706,0.007150508837707554
10,dimuon,0.05,1235,0.0019639350116050706,0.007936082842349581
10,dimuon,0.05,1236,0.0019639350116050706,0.007936082842349581
10,dimuon,0.05,1237,0.0019639350116050706,0.0075968577039814324
10,dimuon,0.05,1238,0.0019639350116050706,0.007212997678985896
10,dimuon,0.05,1239,0.0019639350116050706,0.006061417603999286
10,dimuon,0.05,1244,0.0019639350116050706,0.003838600249955365
10,dimuon,0.05,1245,0.0019639350116050706,0.00564184966970184
10,dimuon,0.05,1246,0.0019639350116050706,0.007150508837707554
10,dimuon,0.05,1247,0.0019639350116050706,0.007936082842349581
10,dimuon,0.05,1248,0.0019639350116050706,0.007936082842349581
10,dimuon,0.05,1249,0.0019639350116050706,0.0075968577039814324
10,dimuon,0.05,1250,0.0019639350116050706,0.007212997678985896
10,dimuon,0.05,1251,0.0019639350116050706,0.006061417603999286
10,dimuon,0.05,1256,0.0019639350116050706,0.003838600249955365
10,dimuon,0.05,1257,0.0019639350116050706,0.00564184966970184
10,dimuon,0.05,1258,0.0019639350116050706,0.007150508837707554
10,dimuon,0.05,1259,0.0019639350116050706,0.007936082842349581
10,dimuon,0.05,1260,0.0019639350116050706,0.007936082842349581
10,dimuon,0.05,1261,0.0019639350116050706,0.0075968577039814324
10,dimuon,0.05,1262,0.0019639350116050706,0.007212997678985896
10,dimuon,0.05,1263,0.0019639350116050706,0.006061417603999286
10,dimuon,0.05,1268,0.0019639350116050706,0.003838600249955365
10,dimuon,0.05,1269,0.0019639350116050706,0.00564184966970184
10,dimuon,0.05,1270,0.0019639350116050706,0.007150508837707554
10,dimuon,0.05,1271,0.0019639350116050706,0.007936082842349581
10,dimuon,0.05,1272,0.0019639350116050706,0.007936082842349581
10,dimuon,0.05,1273,0.0019639350116050706,0.0075968577039814324
10,dimuon,0.05,1274,0.0019639350116050706,0.007212997678985896
10,dimuon,0.05,1275,0.0019639350116050706,0.006061417603999286
10,dimuon,0.05,1283,0.0019639350116050706,0.003838600249955365
10,dimuon,0.05,1284,0.0019639350116050706,0.00564184966970184
10,dimuon,0.05,1285,0.0019639350116050706,0.007150508837707554
10,dimuon,0.05,1286,0.0019639350116050706,0.007936082842349581
10,dimuon,0.05,1287,0.0019639350116050706,0.007936082842349581
10,dimuon,0.05,1288,0.0019639350116050706,0.007936082842349581
10,dimuon,0.05,1289,0.0019639350116050706,0.007936082842349581
10,dimuon,0.05,1290,0.0019639350116050706,0.007936082842349581
10,dimuon,0.05,1291,0.0019639350116050706,0.007936082842349581
10,dimuon,0.05,1292,0.0019639350116050706,0.007936082842349581
10,dimuon,0.05,1293,0.0019639350116050706,0.007936082842349581
10,dimuon,0.05,1294,0.0019639350116050706,0.007936082842349581
10,dimuon,0.05,1295,0.0019639350116050706,0.007936082842349581
10,dimuon,0.05,1296,0.0019639350116050706,0.007936082842349581
10,dimuon,0.05,1297,0.0019639350116050706,0.007936082842349581
10,dimuon,0.05,1298,0.0019639350116050706,0.007936082842349581
10,dimuon,0.05,1299,0.0019639350116050706,0.007936082842349581
10,dimuon,0.05,1300,0.0019639350116050706,0.007936082842349581
10,dimuon,0.05,1301,0.0019639350116050706,0.007936082842349581
10,dimuon,0.05,1302,0.0019639350116050706,0.007936082842349581
10,dimuon,0.05,1303,0.0019639350116050706,0.007936082842349581
10,dimuon,0.05,1304,0.0019639350116050706,0.007936082842349581
10,dimuon,0.05,1305,0.0019639350116050706,0.007936082842349581
10,dimuon,0.05,1306,0.0019639350116050706,0.007936082842349581
10,dimuon,0.05,1307,0.0019639350116050706,0.007936082842349581
10,dimuon,0.05,1308,0.0019639350116050706,0.007936082842349581
10,dimuon,0.05,1309,0.0019639350116050706,0.007936082842349581
10,dimuon,0.05,1310,0.0019639350116050706,0.007936082842349581
10,dimuon,0.05,1311,0.0019639350116050706,0.007936082842349581
10,dimuon,0.05,1312,0.0019639350116050706,0.007936082842349581
10,dimuon,0.05,1313,0.0019639350116050706,0.007936082842349581
10,dimuon,0.05,1314,0.0019639350116050706,0.007936082842349581
10,dimuon,0.05,1315,0.0019639350116050706,0.007936082842349581
10,dimuon,0.05,1316,0.0019639350116050706,0.0075968577039814324
10,dimuon,0.05,1317,0.0019639350116050706,0.007212997678985896
10,dimuon,0.05,1318,0.0019639350116050706,0.006061417603999286
10,dimuon,0.05,1326,0.0019639350116050706,0.003838600249955365
10,dimuon,0.05,1327,0.0019639350116050706,0.00564184966970184
10,dimuon,0.05,1328,0.0019639350116050706,0.007150508837707554
10,dimuon,0.05,1329,0.0019639350116050706,0.007936082842349581
10,dimuon,0.05,1330,0.0019639350116050706,0.007936082842349581
10,dimuon,0.05,1331,0.0019639350116050706,0.007936082842349581
10,dimuon,0.05,1332,0.0019639350116050706,0.007936082842349581
10,dimuon,0.05,1333,0.0019639350116050706,0.007936082842349581
10,dimuon,0.05,1334,0.0019639350116050706,0.007936082842349581
10,dimuon,0.05,1335,0.0019639350116050706,0.007936082842349581
10,dimuon,0.05,1336,0.0019639350116050706,0.007936082842349581
10,dimuon,0.05,1337,0.0019639350116050706,0.007936082842349581
10,dimuon,0.05,1338,0.0019639350116050706,0.007936082842349581
10,dimuon,0.05,1339,0.0019639350116050706,0.007936082842349581
10,dimuon,0.05,1340,0.0019639350116050706,0.007936082842349581
10,dimuon,0.05,1341,0.0019639350116050706,0.007936082842349581
10,dimuon,0.05,1342,0.0019639350116050706,0.007936082842349581
10,dimuon,0.05,1343,0.0019639350116050706,0.007936082842349581
10,dimuon,0.05,1344,0.0019639350116050706,0.007936082842349581
10,dimuon,0.05,1345,0.0019639350116050706,0.007936082842349581
10,dimuon,0.05,1346,0.0019639350116050706,0.007936082842349581
10,dimuon,0.05,1347,0.0019639350116050706,0.007936082842349581
10,dimuon,0.05,1348,0.0019639350116050706,0.007936082842349581
10,dimuon,0.05,1349,0.0019639350116050706,0.007936082842349581
10,dimuon,0.05,1350,0.0019639350116050706,0.007936082842349581
10,dimuon,0.05,1351,0.0019639350116050706,0.007936082842349581
10,dimuon,0.05,1352,0.0019639350116050706,0.007936082842349581
10,dimuon,0.05,1353,0.0019639350116050706,0.007936082842349581
10,dimuon,0.05,1354,0.0019639350116050706,0.007936082842349581
10,dimuon,0.05,1355,0.0019639350116050706,0.007936082842349581
10,dimuon,0.05,1356,0.0019639350116050706,0.007936082842349581
10,dimuon,0.05,1357,0.0019639350116050706,0.007936082842349581
10,dimuon,0.05,1358,0.0019639350116050706,0.007936082842349581
10,dimuon,0.05,1359,0.0019639350116050706,0.0075968577039814324
10,dimuon,0.05,1360,0.0019639350116050706,0.007212997678985896
10,dimuon,0.05,1361,0.0019639350116050706,0.006061417603999286
10,dimuon,0.05,1871,0.0019639350116050706,0.0019639350116050706
10,dimuon,0.05,2090,0.0019639350116050706,0.003838600249955365
10,dimuon,0.05,2091,0.0019639350116050706,0.00564184966970184
10,dimuon,0.05,2092,0.0019639350116050706,0.007150508837707554
10,dimuon,0.05,2093,0.0019639350116050706,0.007936082842349581
10,dimuon,0.05,2094,0.0019639350116050706,0.007936082842349581
10,dimuon,0.05,2095,0.0019639350116050706,0.0075968577039814324
10,dimuon,0.05,2096,0.0019639350116050706,0.007212997678985896
10,dimuon,0.05,2097,0.0019639350116050706,0.006061417603999286
10,dimuon,0.05,2102,0.0019639350116050706,0.003838600249955365
10,dimuon,0.05,2103,0.0019639350116050706,0.00564184966970184
10,dimuon,0.05,2104,0.0019639350116050706,0.007150508837707554
10,dimuon,0.05,2105,0.0019639350116050706,0.007936082842349581
10,dimuon,0.05,2106,0.0019639350116050706,0.007936082842349581
10,dimuon,0.05,2107,0.0019639350116050706,0.0075968577039814324
10,dimuon,0.05,2108,0.0019639350116050706,0.007212997678985896
10,dimuon,0.05,2109,0.0019639350116050706,0.006061417603999286
10,dimuon,0.05,2114,0.0019639350116050706,0.003838600249955365
10,dimuon,0.05,2115,0.0019639350116050706,0.00564184966970184
10,dimuon,0.05,2116,0.0019639350116050706,0.007150508837707554
10,dimuon,0.05,2117,0.0019639350116050706,0.007936082842349581
10,dimuon,0.05,2118,0.0019639350116050706,0.007936082842349581
10,dimuon,0.05,2119,0.0019639350116050706,0.0075968577039814324
10,dimuon,0.05,2120,0.0019639350116050706,0.007212997678985896
10,dimuon,0.05,2121,0.0019639350116050706,0.006061417603999286
10,dimuon,0.05,2126,0.0019639350116050706,0.003838600249955365
10,dimuon,0.05,2127,0.0019639350116050706,0.00564184966970184
10,dimuon,0.05,2128,0.0019639350116050706,0.007150508837707554
10,dimuon,0.05,2129,0.0019639350116050706,0.007936082842349581
10,dimuon,0.05,2130,0.0019639350116050706,0.007936082842349581
10,dimuon,0.05,2131,0.0019639350116050706,0.0075968577039814324
10,dimuon,0.05,2132,0.0019639350116050706,0.007212997678985896
10,dimuon,0.05,2133,0.0019639350116050706,0.006061417603999286
10,dimuon,0.05,2138,0.0019639350116050706,0.003838600249955365
10,dimuon,0.05,2139,0.0019639350116050706,0.00564184966970184
10,dimuon,0.05,2140,0.0019639350116050706,0.007150508837707554
10,dimuon,0.05,2141,0.0019639350116050706,0.007936082842349581
10,dimuon,0.05,2142,0.0019639350116050706,0.007936082842349581
10,dimuon,0.05,2143,0.0019639350116050706,0.0075968577039814324
10,dimuon,0.05,2144,0.0019639350116050706,0.007212997678985896
10,dimuon,0.05,2145,0.0019639350116050706,0.006061417603999286
10,dimuon,0.05,2150,0.0019639350116050706,0.003838600249955365
10,dimuon,0.05,2151,0.0019639350116050706,0.00564184966970184
10,dimuon,0.05,2152,0.0019639350116050706,0.007150508837707554
10,dimuon,0.05,2153,0.0019639350116050706,0.007936082842349581
10,dimuon,0.05,2154,0.0019639350116050706,0.007936082842349581
10,dimuon,0.05,2155,0.0019639350116050706,0.0075968577039814324
10,dimuon,0.05,2156,0.0019639350116050706,0.007212997678985896
10,dimuon,0.05,2157,0.0019639350116050706,0.006061417603999286
10,dimuon,0.05,2162,0.0019639350116050706,0.003838600249955365
10,dimuon,0.05,2163,0.0019639350116050706,0.00564184966970184
10,dimuon,0.05,2164,0.0019639350116050706,0.007150508837707554
10,dimuon,0.05,2165,0.0019639350116050706,0.007936082842349581
10,dimuon,0.05,2166,0.0019639350116050706,0.007936082842349581
10,dimuon,0.05,2167,0.0019639350116050706,0.0075968577039814324
10,dimuon,0.05,2168,0.0019639350116050706,0.007212997678985896
10,dimuon,0.05,2169,0.0019639350116050706,0.006061417603999286
10,dimuon,0.05,2177,0.0019639350116050706,0.003838600249955365
10,dimuon,0.05,2178,0.0019639350116050706,0.00564184966970184
10,dimuon,0.05,2179,0.0019639350116050706,0.007150508837707554
10,dimuon,0.05,2180,0.0019639350116050706,0.007936082842349581
10,dimuon,0.05,2181,0.0019639350116050706,0.007936082842349581
10,dimuon,0.05,2182,0.0019639350116050706,0.007936082842349581
10,dimuon,0.05,2183,0.0019639350116050706,0.007936082842349581
10,dimuon,0.05,2184,0.0019639350116050706,0.007936082842349581
10,dimuon,0.05,2185,0.0019639350116050706,0.007936082842349581
10,dimuon,0.05,2186,0.0019639350116050706,0.007936082842349581
10,dimuon,0.05,2187,0.0019639350116050706,0.007936082842349581
10,dimuon,0.05,2188,0.0019639350116050706,0.007936082842349581
10,dimuon,0.05,2189,0.0019639350116050706,0.007936082842349581
10,dimuon,0.05,2190,0.0019639350116050706,0.007936082842349581
10,dimuon,0.05,2191,0.0019639350116050706,0.007936082842349581
10,dimuon,0.05,2192,0.0019639350116050706,0.007936082842349581
10,dimuon,0.05,2193,0.0019639350116050706,0.007936082842349581
10,dimuon,0.05,2194,0.0019639350116050706,0.007936082842349581
10,dimuon,0.05,2195,0.0019639350116050706,0.007936082842349581
10,dimuon,0.05,2196,0.0019639350116050706,0.007936082842349581
10,dimuon,0.05,2197,0.0019639350116050706,0.007936082842349581
10,dimuon,0.05,2198,0.0019639350116050706,0.007936082842349581
10,dimuon,0.05,2199,0.0019639350116050706,0.007936082842349581
10,dimuon,0.05,2200,0.0019639350116050706,0.007936082842349581
10,dimuon,0.05,2201,0.0019639350116050706,0.007936082842349581
10,dimuon,0.05,2202,0.0019639350116050706,0.007936082842349581
10,dimuon,0.05,2203,0.0019639350116050706,0.007936082842349581
10,dimuon,0.05,2204,0.0019639350116050706,0.007936082842349581
10,dimuon,0.05,2205,0.0019639350116050706,0.007936082842349581
10,dimuon,0.05,2206,0.0019639350116050706,0.007936082842349581
10,dimuon,0.05,2207,0.0019639350116050706,0.007936082842349581
10,dimuon,0.05,2208,0.0019639350116050706,0.007936082842349581
10,dimuon,0.05,2209,0.0019639350116050706,0.007936082842349581
10,dimuon,0.05,2210,0.0019639350116050706,0.0075968577039814324
10,dimuon,0.05,2211,0.0019639350116050706,0.007212997678985896
10,dimuon,0.05,2212,0.0019639350116050706,0.006061417603999286
10,dimuon,0.05,2220,0.0019639350116050706,0.003838600249955365
10,dimuon,0.05,2221,0.0019639350116050706,0.00564184966970184
10,dimuon,0.05,2222,0.0019639350116050706,0.007150508837707554
10,dimuon,0.05,2223,0.0019639350116050706,0.007936082842349581
10,dimuon,0.05,2224,0.0019639350116050706,0.007936082842349581
10,dimuon,0.05,2225,0.0019639350116050706,0.007936082842349581
10,dimuon,0.05,2226,0.0019639350116050706,0.007936082842349581
10,dimuon,0.05,2227,0.0019639350116050706,0.007936082842349581
10,dimuon,0.05,2228,0.0019639350116050706,0.007936082842349581
10,dimuon,0.05,2229,0.0019639350116050706,0.007936082842349581
10,dimuon,0.05,2230,0.0019639350116050706,0.007936082842349581
10,dimuon,0.05,2231,0.0019639350116050706,0.007936082842349581
10,dimuon,0.05,2232,0.0019639350116050706,0.007936082842349581
10,dimuon,0.05,2233,0.0019639350116050706,0.007936082842349581
10,dimuon,0.05,2234,0.0019639350116050706,0.007936082842349581
10,dimuon,0.05,2235,0.0019639350116050706,0.007936082842349581
10,dimuon,0.05,2236,0.0019639350116050706,0.007936082842349581
10,dimuon,0.05,2237,0.0019639350116050706,0.007936082842349581
10,dimuon,0.05,2238,0.0019639350116050706,0.007936082842349581
10,dimuon,0.05,2239,0.0019639350116050706,0.007936082842349581
10,dimuon,0.05,2240,0.0019639350116050706,0.007936082842349581
10,dimuon,0.05,2241,0.0019639350116050706,0.007936082842349581
10,dimuon,0.05,2242,0.0019639350116050706,0.007936082842349581
10,dimuon,0.05,2243,0.0019639350116050706,0.007936082842349581
10,dimuon,0.05,2244,0.0019639350116050706,0.007936082842349581
10,dimuon,0.05,2245,0.0019639350116050706,0.007936082842349581
10,dimuon,0.05,2246,0.0019639350116050706,0.007936082842349581
10,dimuon,0.05,2247,0.0019639350116050706,0.007936082842349581
10,dimuon,0.05,2248,0.0019639350116050706,0.007936082842349581
10,dimuon,0.05,2249,0.0019639350116050706,0.007936082842349581
10,dimuon,0.05,2250,0.0019639350116050706,0.007936082842349581
10,dimuon,0.05,2251,0.0019639350116050706,0.007936082842349581
10,dimuon,0.05,2252,0.0019639350116050706,0.007936082842349581
10,dimuon,0.05,2253,0.0019639350116050706,0.0075968577039814324
10,dimuon,0.05,2254,0.0019639350116050706,0.007212997678985896
10,dimuon,0.05,2255,0.0019639350116050706,0.006061417603999286
15,muon,0.001,1,0,0
15,muon,0.001,2,0,0
15,muon,0.001,3,0,0
15,muon,0.001,4,0,0
15,muon,0.001,5,0,0
15,muon,0.001,6,0,0
15,muon,0.001,7,0,0
15,muon,0.001,8,0,0
15,muon,0.001,9,0,0
15,muon,0.001,10,0,0
15,muon,0.001,11,0,0
15,muon,0.001,12,0,0
15,muon,0.001,86,0.00018219960721299768,0.00018219960721299768
15,muon,0.001,302,0.00018219960721299768,0.0005220496339939295
15,muon,0.001,303,0.00018219960721299768,0.0006969291198000358
15,muon,0.001,304,0.00018219960721299768,0.0008576147116586322
15,muon,0.001,305,0.00018219960721299768,0.0009696482770933761
15,muon,0.001,306,0.00018219960721299768,0.0009723263702910193
15,muon,0.001,307,0.00018219960721299768,0.0008890376718443134
15,muon,0.001,308,0.00018219960721299768,0.0007998571683627923
15,muon,0.001,309,0.00018219960721299768,0.0006325656132833422
15,muon,0.001,314,0.00018219960721299768,0.0005220496339939295
15,muon,0.001,315,0.00018219960721299768,0.0006969291198000358
15,muon,0.001,316,0.00018219960721299768,0.0008576147116586322
15,muon,0.001,317,0.00018219960721299768,0.0009696482770933761
15,muon,0.001,318,0.00018219960721299768,0.0009723263702910193
15,muon,0.001,319,0.00018219960721299768,0.0008890376718443134
15,muon,0.001,320,0.00018219960721299768,0.0007998571683627923
15,muon,0.001,321,0.00018219960721299768,0.0006325656132833422
15,muon,0.001,326,0.00018219960721299768,0.0005220496339939295
15,muon,0.001,327,0.00018219960721299768,0.0006969291198000358
15,muon,0.001,328,0.00018219960721299768,0.0008576147116586322
15,muon,0.001,329,0.00018219960721299768,0.0009696482770933761
15,muon,0.001,330,0.00018219960721299768,0.0009723263702910193
15,muon,0.001,331,0.00018219960721299768,0.0008890376718443134
15,muon,0.001,332,0.00018219960721299768,0.0007998571683627923
15,muon,0.001,333,0.00018219960721299768,0.0006325656132833422
15,muon,0.001,338,0.00018219960721299768,0.0005220496339939295
15,muon,0.001,339,0.00018219960721299768,0.0006969291198000358
15,muon,0.001,340,0.00018219960721299768,0.0008576147116586322
15,muon,0.001,341,0.00018219960721299768,0.0009696482770933761
15,muon,0.001,342,0.00018219960721299768,0.0009723263702910193
15,muon,0.001,343,0.00018219960721299768,0.0008890376718443134
15,muon,0.001,344,0.00018219960721299768,0.0007998571683627923
15,muon,0.001,345,0.00018219960721299768,0.0006325656132833422
15,muon,0.001,350,0.00018219960721299768,0.0005220496339939295
15,muon,0.001,351,0.00018219960721299768,0.0006969291198000358
15,muon,0.001,352,0.00018219960721299768,0.0008576147116586322
15,muon,0.001,353,0.00018219960721299768,0.0009696482770933761
15,muon,0.001,354,0.00018219960721299768,0.0009723263702910193
15,muon,0.001,355,0.00018219960721299768,0.0008890376718443134
15,muon,0.001,356,0.00018219960721299768,0.0007998571683627923
15,muon,0.001,357,0.00018219960721299768,0.0006325656132833422
15,muon,0.001,362,0.00018219960721299768,0.0005220496339939295
15,muon,0.001,363,0.00018219960721299768,0.0006969291198000358
15,muon,0.001,364,0.00018219960721299768,0.0008576147116586322
15,muon,0.001,365,0.00018219960721299768,0.0009696482770933761
15,muon,0.001,366,0.00018219960721299768,0.0009723263702910193
15,muon,0.001,367,0.00018219960721299768,0.0008890376718443134
15,muon,0.001,368,0.00018219960721299768,0.0007998571683627923
15,muon,0.001,369,0.00018219960721299768,0.0006325656132833422
15,muon,0.001,374,0.00018219960721299768,0.0005220496339939295
15,muon,0.001,375,0.00018219960721299768,0.0006969291198000358
15,muon,0.001,376,0.00018219960721299768,0.0008576147116586322
15,muon,0.001,377,0.00018219960721299768,0.0009696482770933761
15,muon,0.001,378,0.00018219960721299768,0.0009723263702910193
15,muon,0.001,379,0.00018219960721299768,0.0008890376718443134
15,muon,0.001,380,0.00018219960721299768,0.0007998571683627923
15,muon,0.001,381,0.00018219960721299768,0.0006325656132833422
15,muon,0.001,389,0.00018219960721299768,0.0005220496339939295
15,muon,0.001,390,0.00018219960721299768,0.0006969291198000358
15,muon,0.001,391,0.00018219960721299768,0.0008576147116586322
15,muon,0.001,392,0.00018219960721299768,0.0009696482770933761
15,muon,0.001,393,0.00018219960721299768,0.0009724156400642741
15,muon,0.001,394,0.00018219960721299768,0.0009724156400642741
15,muon,0.001,395,0.00018219960721299768,0.0009724156400642741
15,muon,0.001,396,0.00018219960721299768,0.0009724156400642741
15,muon,0.001,397,0.00018219960721299768,0.0009724156400642741
15,muon,0.001,398,0.00018219960721299768,0.0009724156400642741
15,muon,0.001,399,0.00018219960721299768,0.0009724156400642741
15,muon,0.001,400,0.00018219960721299768,0.0009724156400642741
15,muon,0.001,401,0.00018219960721299768,0.0009724156400642741
15,muon,0.001,402,0.00018219960721299768,0.0009724156400642741
15,muon,0.001,403,0.00018219960721299768,0.0009724156400642741
15,muon,0.001,404,0.00018219960721299768,0.0009724156400642741
15,muon,0.001,405,0.00018219960721299768,0.0009724156400642741
15,muon,0.001,406,0.00018219960721299768,0.0009724156400642741
15,muon,0.001,407,0.00018219960721299768,0.0009724156400642741
15,muon,0.001,408,0.00018219960721299768,0.0009724156400642741
15,muon,0.001,409,0.00018219960721299768,0.0009724156400642741
15,muon,0.001,410,0.00018219960721299768,0.0009724156400642741
15,muon,0.001,411,0.00018219960721299768,0.0009724156400642741
15,muon,0.001,412,0.00018219960721299768,0.0009724156400642741
15,muon,0.001,413,0.00018219960721299768,0.0009724156400642741
15,muon,0.001,414,0.00018219960721299768,0.0009724156400642741
15,muon,0.001,415,0.00018219960721299768,0.0009724156400642741
15,muon,0.001,416,0.00018219960721299768,0.0009724156400642741
15,muon,0.001,417,0.00018219960721299768,0.0009724156400642741
15,muon,0.001,418,0.00018219960721299768,0.0009724156400642741
15,muon,0.001,419,0.00018219960721299768,0.0009724156400642741
15,muon,0.001,420,0.00018219960721299768,0.0009724156400642741
15,muon,0.001,421,0.00018219960721299768,0.0009723263702910193
15,muon,0.001,422,0.00018219960721299768,0.0008890376718443134
15,muon,0.001,423,0.00018219960721299768,0.0007998571683627923
15,muon,0.001,424,0.00018219960721299768,0.0006325656132833422
15,muon,0.001,432,0.00018219960721299768,0.0005220496339939295
15,muon,0.001,433,0.00018219960721299768,0.0006969291198000358
15,muon,0.001,434,0.00018219960721299768,0.0008576147116586322
15,muon,0.001,435,0.00018219960721299768,0.0009696482770933761
15,muon,0.001,436,0.00018219960721299768,0.0009724156400642741
15,muon,0.001,437,0.00018219960721299768,0.0009724156400642741
15,muon,0.001,438,0.00018219960721299768,0.0009724156400642741
15,muon,0.001,439,0.00018219960721299768,0.0009724156400642741
15,muon,0.001,440,0.00018219960721299768,0.0009724156400642741
15,muon,0.001,441,0.00018219960721299768,0.0009724156400642741
15,muon,0.001,442,0.00018219960721299768,0.0009724156400642741
15,muon,0.001,443,0.00018219960721299768,0.0009724156400642741
15,muon,0.001,444,0.00018219960721299768,0.0009724156400642741
15,muon,0.001,445,0.00018219960721299768,0.0009724156400642741
15,muon,0.001,446,0.00018219960721299768,0.0009724156400642741
15,muon,0.001,447,0.00018219960721299768,0.0009724156400642741
15,muon,0.001,448,0.00018219960721299768,0.0009724156400642741
15,muon,0.001,449,0.00018219960721299768,0.0009724156400642741
15,muon,0.001,450,0.00018219960721299768,0.0009724156400642741
15,muon,0.001,451,0.00018219960721299768,0.0009724156400642741
15,muon,0.001,452,0.00018219960721299768,0.0009724156400642741
15,muon,0.001,453,0.00018219960721299768,0.0009724156400642741
15,muon,0.001,454,0.00018219960721299768,0.0009724156400642741
15,muon,0.001,455,0.00018219960721299768,0.0009724156400642741
15,muon,0.001,456,0.00018219960721299768,0.0009724156400642741
15,muon,0.001,457,0.00018219960721299768,0.0009724156400642741
15,muon,0.001,458,0.00018219960721299768,0.0009724156400642741
15,muon,0.001,459,0.00018219960721299768,0.0009724156400642741
15,muon,0.001,460,0.00018219960721299768,0.0009724156400642741
15,muon,0.001,461,0.00018219960721299768,0.0009724156400642741
15,muon,0.001,462,0.00018219960721299768,0.0009724156400642741
15,muon,0.001,463,0.00018219960721299768,0.0009724156400642741
15,muon,0.001,464,0.00018219960721299768,0.0009723263702910193
15,muon,0.001,465,0.00018219960721299768,0.0008890376718443134
15,muon,0.001,466,0.00018219960721299768,0.0007998571683627923
15,muon,0.001,467,0.00018219960721299768,0.0006325656132833422
15,muon,0.001,977,0,0
15,muon,0.001,1196,0.00018219960721299768,0.0005220496339939295
15,muon,0.001,1197,0.00018219960721299768,0.0006969291198000358
15,muon,0.001,1198,0.00018219960721299768,0.0008576147116586322
15,muon,0.001,1199,0.00018219960721299768,0.0009696482770933761
15,muon,0.001,1200,0.00018219960721299768,0.0009723263702910193
15,muon,0.001,1201,0.00018219960721299768,0.0008890376718443134
15,muon,0.001,1202,0.00018219960721299768,0.0007998571683627923
15,muon,0.001,1203,0.00018219960721299768,0.0006325656132833422
15,muon,0.001,1208,0.00018219960721299768,0.0005220496339939295
15,muon,0.001,1209,0.00018219960721299768,0.0006969291198000358
15,muon,0.001,1210,0.00018219960721299768,0.0008576147116586322
15,muon,0.001,1211,0.00018219960721299768,0.0009696482770933761
15,muon,0.001,1212,0.00018219960721299768,0.0009723263702910193
15,muon,0.001,1213,0.00018219960721299768,0.0008890376718443134
15,muon,0.001,1214,0.00018219960721299768,0.0007998571683627923
15,muon,0.001,1215,0.00018219960721299768,0.0006325656132833422
15,muon,0.001,1220,0.00018219960721299768,0.0005220496339939295
15,muon,0.001,1221,0.00018219960721299768,0.0006969291198000358
15,muon,0.001,1222,0.00018219960721299768,0.0008576147116586322
15,muon,0.001,1223,0.00018219960721299768,0.0009696482770933761
15,muon,0.001,1224,0.00018219960721299768,0.0009723263702910193
15,muon,0.001,1225,0.00018219960721299768,0.0008890376718443134
15,muon,0.001,1226,0.00018219960721299768,0.0007998571683627923
15,muon,0.001,1227,0.00018219960721299768,0.0006325656132833422
15,muon,0.001,1232,0.00018219960721299768,0.0005220496339939295
15,muon,0.001,1233,0.00018219960721299768,0.0006969291198000358
15,muon,0.001,1234,0.00018219960721299768,0.0008576147116586322
15,muon,0.001,1235,0.00018219960721299768,0.0009696482770933761
15,muon,0.001,1236,0.00018219960721299768,0.0009723263702910193
15,muon,0.001,1237,0.00018219960721299768,0.0008890376718443134
15,muon,0.001,1238,0.00018219960721299768,0.0007998571683627923
15,muon,0.001,1239,0.00018219960721299768,0.0006325656132833422
15,muon,0.001,1244,0.00018219960721299768,0.0005220496339939295
15,muon,0.001,1245,0.00018219960721299768,0.0006969291198000358
15,muon,0.001,1246,0.00018219960721299768,0.0008576147116586322
15,muon,0.001,1247,0.00018219960721299768,0.0009696482770933761
15,muon,0.001,1248,0.00018219960721299768,0.0009723263702910193
15,muon,0.001,1249,0.00018219960721299768,0.0008890376718443134
15,muon,0.001,1250,0.00018219960721299768,0.0007998571683627923
15,muon,0.001,1251,0.00018219960721299768,0.0006325656132833422
15,muon,0.001,1256,0.00018219960721299768,0.0005220496339939295
15,muon,0.001,1257,0.00018219960721299768,0.0006969291198000358
15,muon,0.001,1258,0.00018219960721299768,0.0008576147116586322
15,muon,0.001,1259,0.00018219960721299768,0.0009696482770933761
15,muon,0.001,1260,0.00018219960721299768,0.0009723263702910193
15,muon,0.001,1261,0.00018219960721299768,0.0008890376718443134
15,muon,0.001,1262,0.00018219960721299768,0.0007998571683627923
15,muon,0.001,1263,0.00018219960721299768,0.0006325656132833422
15,muon,0.001,1268,0.00018219960721299768,0.0005220496339939295
15,muon,0.001,1269,0.00018219960721299768,0.0006969291198000358
15,muon,0.001,1270,0.00018219960721299768,0.0008576147116586322
15,muon,0.001,1271,0.00018219960721299768,0.0009696482770933761
15,muon,0.001,1272,0.00018219960721299768,0.0009723263702910193
15,muon,0.001,1273,0.00018219960721299768,0.0008890376718443134
15,muon,0.001,1274,0.00018219960721299768,0.0007998571683627923
15,muon,0.001,1275,0.00018219960721299768,0.0006325656132833422
15,muon,0.001,1283,0.00018219960721299768,0.0005220496339939295
15,muon,0.001,1284,0.00018219960721299768,0.0006969291198000358
15,muon,0.001,1285,0.00018219960721299768,0.0008576147116586322
15,muon,0.001,1286,0.00018219960721299768,0.0009696482770933761
15,muon,0.001,1287,0.00018219960721299768,0.0009724156400642741
15,muon,0.001,1288,0.00018219960721299768,0.0009724156400642741
15,muon,0.001,1289,0.00018219960721299768,0.0009724156400642741
15,muon,0.001,1290,0.00018219960721299768,0.0009724156400642741
15,muon,0.001,1291,0.00018219960721299768,0.0009724156400642741
15,muon,0.001,1292,0.00018219960721299768,0.0009724156400642741
15,muon,0.001,1293,0.00018219960721299768,0.0009724156400642741
15,muon,0.001,1294,0.00018219960721299768,0.0009724156400642741
15,muon,0.001,1295,0.00018219960721299768,0.0009724156400642741
15,muon,0.001,1296,0.00018219960721299768,0.0009724156400642741
15,muon,0.001,1297,0.00018219960721299768,0.0009724156400642741
15,muon,0.001,1298,0.00018219960721299768,0.0009724156400642741
15,muon,0.001,1299,0.00018219960721299768,0.0009724156400642741
15,muon,0.001,1300,0.00018219960721299768,0.0009724156400642741
15,muon,0.001,1301,0.00018219960721299768,0.0009724156400642741
15,muon,0.001,1302,0.00018219960721299768,0.0009724156400642741
15,muon,0.001,1303,0.00018219960721299768,0.0009724156400642741
15,muon,0.001,1304,0.00018219960721299768,0.0009724156400642741
15,muon,0.001,1305,0.00018219960721299768,0.0009724156400642741
15,muon,0.001,1306,0.00018219960721299768,0.0009724156400642741
15,muon,0.001,1307,0.00018219960721299768,0.0009724156400642741
15,muon,0.001,1308,0.00018219960721299768,0.0009724156400642741
15,muon,0.001,1309,0.00018219960721299768,0.0009724156400642741
15,muon,0.001,1310,0.00018219960721299768,0.0009724156400642741
15,muon,0.001,1311,0.00018219960721299768,0.0009724156400642741
15,muon,0.001,1312,0.00018219960721299768,0.0009724156400642741
15,muon,0.001,1313,0.00018219960721299768,0.0009724156400642741
15,muon,0.001,1314,0.00018219960721299768,0.0009724156400642741
15,muon,0.001,1315,0.00018219960721299768,0.0009723263702910193
15,muon,0.001,1316,0.00018219960721299768,0.0008890376718443134
15,muon,0.001,1317,0.00018219960721299768,0.0007998571683627923
15,muon,0.001,1318,0.00018219960721299768,0.0006325656132833422
15,muon,0.001,1326,0.00018219960721299768,0.0005220496339939295
15,muon,0.001,1327,0.00018219960721299768,0.0006969291198000358
15,muon,0.001,1328,0.00018219960721299768,0.0008576147116586322
15,muon,0.001,1329,0.00018219960721299768,0.0009696482770933761
15,muon,0.001,1330,0.00018219960721299768,0.0009724156400642741
15,muon,0.001,1331,0.00018219960721299768,0.0009724156400642741
15,muon,0.001,1332,0.00018219960721299768,0.0009724156400642741
15,muon,0.001,1333,0.00018219960721299768,0.0009724156400642741
15,muon,0.001,1334,0.00018219960721299768,0.0009724156400642741
15,muon,0.001,1335,0.00018219960721299768,0.0009724156400642741
15,muon,0.001,1336,0.00018219960721299768,0.0009724156400642741
15,muon,0.001,1337,0.00018219960721299768,0.0009724156400642741
15,muon,0.001,1338,0.00018219960721299768,0.0009724156400642741
15,muon,0.001,1339,0.00018219960721299768,0.0009724156400642741
15,muon,0.001,1340,0.00018219960721299768,0.0009724156400642741
15,muon,0.001,1341,0.00018219960721299768,0.0009724156400642741
15,muon,0.001,1342,0.00018219960721299768,0.0009724156400642741
15,muon,0.001,1343,0.00018219960721299768,0.0009724156400642741
15,muon,0.001,1344,0.00018219960721299768,0.0009724156400642741
15,muon,0.001,1345,0.00018219960721299768,0.0009724156400642741
15,muon,0.001,1346,0.00018219960721299768,0.0009724156400642741
15,muon,0.001,1347,0.00018219960721299768,0.0009724156400642741
15,muon,0.001,1348,0.00018219960721299768,0.0009724156400642741
15,muon,0.001,1349,0.00018219960721299768,0.0009724156400642741
15,muon,0.001,1350,0.00018219960721299768,0.0009724156400642741
15,muon,0.001,1351,0.00018219960721299768,0.0009724156400642741
15,muon,0.001,1352,0.00018219960721299768,0.0009724156400642741
15,muon,0.001,1353,0.00018219960721299768,0.0009724156400642741
15,muon,0.001,1354,0.00018219960721299768,0.0009724156400642741
15,muon,0.001,1355,0.00018219960721299768,0.0009724156400642741
15,muon,0.001,1356,0.00018219960721299768,0.0009724156400642741
15,muon,0.001,1357,0.00018219960721299768,0.0009724156400642741
15,muon,0.001,1358,0.00018219960721299768,0.0009723263702910193
15,muon,0.001,1359,0.00018219960721299768,0.0008890376718443134
15,muon,0.001,1360,0.00018219960721299768,0.0007998571683627923
15,muon,0.001,1361,0.00018219960721299768,0.0006325656132833422
15,muon,0.001,1871,0.00018219960721299768,0.00018219960721299768
15,muon,0.001,2090,0.00018219960721299768,0.0005220496339939295
15,muon,0.001,2091,0.00018219960721299768,0.0006969291198000358
15,muon,0.001,2092,0.00018219960721299768,0.0008576147116586322
15,muon,0.001,2093,0.00018219960721299768,0.0009696482770933761
15,muon,0.001,2094,0.00018219960721299768,0.0009723263702910193
15,muon,0.001,2095,0.00018219960721299768,0.0008890376718443134
15,muon,0.001,2096,0.00018219960721299768,0.0007998571683627923
15,muon,0.001,2097,0.00018219960721299768,0.0006325656132833422
15,muon,0.001,2102,0.00018219960721299768,0.0005220496339939295
15,muon,0.001,2103,0.00018219960721299768,0.0006969291198000358
15,muon,0.001,2104,0.00018219960721299768,0.0008576147116586322
15,muon,0.001,2105,0.00018219960721299768,0.0009696482770933761
15,muon,0.001,2106,0.00018219960721299768,0.0009723263702910193
15,muon,0.001,2107,0.00018219960721299768,0.0008890376718443134
15,muon,0.001,2108,0.00018219960721299768,0.0007998571683627923
15,muon,0.001,2109,0.00018219960721299768,0.0006325656132833422
15,muon,0.001,2114,0.00018219960721299768,0.0005220496339939295
15,muon,0.001,2115,0.00018219960721299768,0.0006969291198000358
15,muon,0.001,2116,0.00018219960721299768,0.0008576147116586322
15,muon,0.001,2117,0.00018219960721299768,0.0009696482770933761
15,muon,0.001,2118,0.00018219960721299768,0.0009723263702910193
15,muon,0.001,2119,0.00018219960721299768,0.0008890376718443134
15,muon,0.001,2120,0.00018219960721299768,0.0007998571683627923
15,muon,0.001,2121,0.00018219960721299768,0.0006325656132833422
15,muon,0.001,2126,0.00018219960721299768,0.0005220496339939295
15,muon,0.001,2127,0.00018219960721299768,0.0006969291198000358
15,muon,0.001,2128,0.00018219960721299768,0.0008576147116586322
15,muon,0.001,2129,0.00018219960721299768,0.0009696482770933761
15,muon,0.001,2130,0.00018219960721299768,0.0009723263702910193
15,muon,0.001,2131,0.00018219960721299768,0.0008890376718443134
15,muon,0.001,2132,0.00018219960721299768,0.0007998571683627923
15,muon,0.001,2133,0.00018219960721299768,0.0006325656132833422
15,muon,0.001,2138,0.00018219960721299768,0.0005220496339939295
15,muon,0.001,2139,0.00018219960721299768,0.0006969291198000358
15,muon,0.001,2140,0.00018219960721299768,0.0008576147116586322
15,muon,0.001,2141,0.00018219960721299768,0.0009696482770933761
15,muon,0.001,2142,0.00018219960721299768,0.0009723263702910193
15,muon,0.001,2143,0.00018219960721299768,0.0008890376718443134
15,muon,0.001,2144,0.00018219960721299768,0.0007998571683627923
15,muon,0.001,2145,0.00018219960721299768,0.0006325656132833422
15,muon,0.001,2150,0.00018219960721299768,0.0005220496339939295
15,muon,0.001,2151,0.00018219960721299768,0.0006969291198000358
15,muon,0.001,2152,0.00018219960721299768,0.0008576147116586322
15,muon,0.001,2153,0.00018219960721299768,0.0009696482770933761
15,muon,0.001,2154,0.00018219960721299768,0.0009723263702910193
15,muon,0.001,2155,0.00018219960721299768,0.0008890376718443134
15,muon,0.001,2156,0.00018219960721299768,0.0007998571683627923
15,muon,0.001,2157,0.00018219960721299768,0.0006325656132833422
15,muon,0.001,2162,0.00018219960721299768,0.0005220496339939295
15,muon,0.001,2163,0.00018219960721299768,0.0006969291198000358
15,muon,0.001,2164,0.00018219960721299768,0.0008576147116586322
15,muon,0.001,2165,0.00018219960721299768,0.0009696482770933761
15,muon,0.001,2166,0.00018219960721299768,0.0009723263702910193
15,muon,0.001,2167,0.00018219960721299768,0.0008890376718443134
15,muon,0.001,2168,0.00018219960721299768,0.0007998571683627923
15,muon,0.001,2169,0.00018219960721299768,0.0006325656132833422
15,muon,0.001,2177,0.00018219960721299768,0.0005220496339939295
15,muon,0.001,2178,0.00018219960721299768,0.0006969291198000358
15,muon,0.001,2179,0.00018219960721299768,0.0008576147116586322
15,muon,0.001,2180,0.00018219960721299768,0.0009696482770933761
15,muon,0.001,2181,0.00018219960721299768,0.0009724156400642741
15,muon,0.001,2182,0.00018219960721299768,0.0009724156400642741
15,muon,0.001,2183,0.00018219960721299768,0.0009724156400642741
15,muon,0.001,2184,0.00018219960721299768,0.0009724156400642741
15,muon,0.001,2185,0.00018219960721299768,0.0009724156400642741
15,muon,0.001,2186,0.00018219960721299768,0.0009724156400642741
15,muon,0.001,2187,0.00018219960721299768,0.0009724156400642741
15,muon,0.001,2188,0.00018219960721299768,0.0009724156400642741
15,muon,0.001,2189,0.00018219960721299768,0.0009724156400642741
15,muon,0.001,2190,0.00018219960721299768,0.0009724156400642741
15,muon,0.001,2191,0.00018219960721299768,0.0009724156400642741
15,muon,0.001,2192,0.00018219960721299768,0.0009724156400642741
15,muon,0.001,2193,0.00018219960721299768,0.0009724156400642741
15,muon,0.001,2194,0.00018219960721299768,0.0009724156400642741
15,muon,0.001,2195,0.00018219960721299768,0.0009724156400642741
15,muon,0.001,2196,0.00018219960721299768,0.0009724156400642741
15,muon,0.001,2197,0.00018219960721299768,0.0009724156400642741
15,muon,0.001,2198,0.00018219960721299768,0.0009724156400642741
15,muon,0.001,2199,0.00018219960721299768,0.0009724156400642741
15,muon,0.001,2200,0.00018219960721299768,0.0009724156400642741
15,muon,0.001,2201,0.00018219960721299768,0.0009724156400642741
15,muon,0.001,2202,0.00018219960721299768,0.0009724156400642741
15,muon,0.001,2203,0.00018219960721299768,0.0009724156400642741
15,muon,0.001,2204,0.00018219960721299768,0.0009724156400642741
15,muon,0.001,2205,0.00018219960721299768,0.0009724156400642741
15,muon,0.001,2206,0.00018219960721299768,0.0009724156400642741
15,muon,0.001,2207,0.00018219960721299768,0.0009724156400642741
15,muon,0.001,2208,0.00018219960721299768,0.0009724156400642741
15,muon,0.001,2209,0.00018219960721299768,0.0009723263702910193
15,muon,0.001,2210,0.00018219960721299768,0.0008890376718443134
15,muon,0.001,2211,0.00018219960721299768,0.0007998571683627923
15,muon,0.001,2212,0.00018219960721299768,0.0006325656132833422
15,muon,0.001,2220,0.00018219960721299768,0.0005220496339939295
15,muon,0.001,2221,0.00018219960721299768,0.0006969291198000358
15,muon,0.001,2222,0.00018219960721299768,0.0008576147116586322
15,muon,0.001,2223,0.00018219960721299768,0.0009696482770933761
15,muon,0.001,2224,0.00018219960721299768,0.0009724156400642741
15,muon,0.001,2225,0.00018219960721299768,0.0009724156400642741
15,muon,0.001,2226,0.00018219960721299768,0.0009724156400642741
15,muon,0.001,2227,0.00018219960721299768,0.0009724156400642741
15,muon,0.001,2228,0.00018219960721299768,0.0009724156400642741
15,muon,0.001,2229,0.00018219960721299768,0.0009724156400642741
15,muon,0.001,2230,0.00018219960721299768,0.0009724156400642741
15,muon,0.001,2231,0.00018219960721299768,0.0009724156400642741
15,muon,0.001,2232,0.00018219960721299768,0.0009724156400642741
15,muon,0.001,2233,0.00018219960721299768,0.0009724156400642741
15,muon,0.001,2234,0.00018219960721299768,0.0009724156400642741
15,muon,0.001,2235,0.00018219960721299768,0.0009724156400642741
15,muon,0.001,2236,0.00018219960721299768,0.0009724156400642741
15,muon,0.001,2237,0.00018219960721299768,0.0009724156400642741
15,muon,0.001,2238,0.00018219960721299768,0.0009724156400642741
15,muon,0.001,2239,0.00018219960721299768,0.0009724156400642741
15,muon,0.001,2240,0.00018219960721299768,0.0009724156400642741
15,muon,0.001,2241,0.00018219960721299768,0.0009724156400642741
15,muon,0.001,2242,0.00018219960721299768,0.0009724156400642741
15,muon,0.001,2243,0.00018219960721299768,0.0009724156400642741
15,muon,0.001,2244,0.00018219960721299768,0.0009724156400642741
15,muon,0.001,2245,0.00018219960721299768,0.0009724156400642741
15,muon,0.001,2246,0.00018219960721299768,0.0009724156400642741
15,muon,0.001,2247,0.00018219960721299768,0.0009724156400642741
15,muon,0.001,2248,0.00018219960721299768,0.0009724156400642741
15,muon,0.001,2249,0.00018219960721299768,0.0009724156400642741
15,muon,0.001,2250,0.00018219960721299768,0.0009724156400642741
15,muon,0.001,2251,0.00018219960721299768,0.0009724156400642741
15,muon,0.001,2252,0.00018219960721299768,0.0009723263702910193
15,muon,0.001,2253,0.00018219960721299768,0.0008890376718443134
15,muon,0.001,2254,0.00018219960721299768,0.0007998571683627923
15,muon,0.001,2255,0.00018219960721299768,0.0006325656132833422
15,muon,0.01,1,0,0
15,muon,0.01,2,0,0
15,muon,0.01,3,0,0
15,muon,0.01,4,0,0
15,muon,0.01,5,0,0
15,muon,0.01,6,0,0
15,muon,0.01,7,0,0
15,muon,0.01,8,0,0
15,muon,0.01,9,0,0
15,muon,0.01,10,0,0
15,muon,0.01,11,0,0
15,muon,0.01,12,0,0
15,muon,0.01,86,0.001821996072129977,0.001821996072129977
15,muon,0.01,302,0.001821996072129977,0.005220496339939297
15,muon,0.01,303,0.001821996072129977,0.006969291198000357
15,muon,0.01,304,0.001821996072129977,0.008576147116586323
15,muon,0.01,305,0.001821996072129977,0.009696482770933762
15,muon,0.01,306,0.001821996072129977,0.009723263702910195
15,muon,0.01,307,0.001821996072129977,0.008890376718443135
15,muon,0.01,308,0.001821996072129977,0.007998571683627923
15,muon,0.01,309,0.001821996072129977,0.006325656132833422
15,muon,0.01,314,0.001821996072129977,0.005220496339939297
15,muon,0.01,315,0.001821996072129977,0.006969291198000357
15,muon,0.01,316,0.001821996072129977,0.008576147116586323
15,muon,0.01,317,0.001821996072129977,0.009696482770933762
15,muon,0.01,318,0.001821996072129977,0.009723263702910195
15,muon,0.01,319,0.001821996072129977,0.008890376718443135
15,muon,0.01,320,0.001821996072129977,0.007998571683627923
15,muon,0.01,321,0.001821996072129977,0.006325656132833422
15,muon,0.01,326,0.001821996072129977,0.005220496339939297
15,muon,0.01,327,0.001821996072129977,0.006969291198000357
15,muon,0.01,328,0.001821996072129977,0.008576147116586323
15,muon,0.01,329,0.001821996072129977,0.009696482770933762
15,muon,0.01,330,0.001821996072129977,0.009723263702910195
15,muon,0.01,331,0.001821996072129977,0.008890376718443135
15,muon,0.01,332,0.001821996072129977,0.007998571683627923
15,muon,0.01,333,0.001821996072129977,0.006325656132833422
15,muon,0.01,338,0.001821996072129977,0.005220496339939297
15,muon,0.01,339,0.001821996072129977,0.006969291198000357
15,muon,0.01,340,0.001821996072129977,0.008576147116586323
15,muon,0.01,341,0.001821996072129977,0.009696482770933762
15,muon,0.01,342,0.001821996072129977,0.009723263702910195
15,muon,0.01,343,0.001821996072129977,0.008890376718443135
15,muon,0.01,344,0.001821996072129977,0.007998571683627923
15,muon,0.01,345,0.001821996072129977,0.006325656132833422
15,muon,0.01,350,0.001821996072129977,0.005220496339939297
15,muon,0.01,351,0.001821996072129977,0.006969291198000357
15,muon,0.01,352,0.001821996072129977,0.008576147116586323
15,muon,0.01,353,0.001821996072129977,0.009696482770933762
15,muon,0.01,354,0.001821996072129977,0.009723263702910195
15,muon,0.01,355,0.001821996072129977,0.008890376718443135
15,muon,0.01,356,0.001821996072129977,0.007998571683627923
15,muon,0.01,357,0.001821996072129977,0.006325656132833422
15,muon,0.01,362,0.001821996072129977,0.005220496339939297
15,muon,0.01,363,0.001821996072129977,0.006969291198000357
15,muon,0.01,364,0.001821996072129977,0.008576147116586323
15,muon,0.01,365,0.001821996072129977,0.009696482770933762
15,muon,0.01,366,0.001821996072129977,0.009723263702910195
15,muon,0.01,367,0.001821996072129977,0.008890376718443135
15,muon,0.01,368,0.001821996072129977,0.007998571683627923
15,muon,0.01,369,0.001821996072129977,0.006325656132833422
15,muon,0.01,374,0.001821996072129977,0.005220496339939297
15,muon,0.01,375,0.001821996072129977,0.006969291198000357
15,muon,0.01,376,0.001821996072129977,0.008576147116586323
15,muon,0.01,377,0.001821996072129977,0.009696482770933762
15,muon,0.01,378,0.001821996072129977,0.009723263702910195
15,muon,0.01,379,0.001821996072129977,0.008890376718443135
15,muon,0.01,380,0.001821996072129977,0.007998571683627923
15,muon,0.01,381,0.001821996072129977,0.006325656132833422
15,muon,0.01,389,0.001821996072129977,0.005220496339939297
15,muon,0.01,390,0.001821996072129977,0.006969291198000357
15,muon,0.01,391,0.001821996072129977,0.008576147116586323
15,muon,0.01,392,0.001821996072129977,0.009696482770933762
15,muon,0.01,393,0.001821996072129977,0.009724156400642742
15,muon,0.01,394,0.001821996072129977,0.009724156400642742
15,muon,0.01,395,0.001821996072129977,0.009724156400642742
15,muon,0.01,396,0.001821996072129977,0.009724156400642742
15,muon,0.01,397,0.001821996072129977,0.009724156400642742
15,muon,0.01,398,0.001821996072129977,0.009724156400642742
15,muon,0.01,399,0.001821996072129977,0.009724156400642742
15,muon,0.01,400,0.001821996072129977,0.009724156400642742
15,muon,0.01,401,0.001821996072129977,0.009724156400642742
15,muon,0.01,402,0.001821996072129977,0.009724156400642742
15,muon,0.01,403,0.001821996072129977,0.009724156400642742
15,muon,0.01,404,0.001821996072129977,0.009724156400642742
15,muon,0.01,405,0.001821996072129977,0.009724156400642742
15,muon,0.01,406,0.001821996072129977,0.009724156400642742
15,muon,0.01,407,0.001821996072129977,0.009724156400642742
15,muon,0.01,408,0.001821996072129977,0.009724156400642742
15,muon,0.01,409,0.001821996072129977,0.009724156400642742
15,muon,0.01,410,0.001821996072129977,0.009724156400642742
15,muon,0.01,411,0.001821996072129977,0.009724156400642742
15,muon,0.01,412,0.001821996072129977,0.009724156400642742
15,muon,0.01,413,0.001821996072129977,0.009724156400642742
15,muon,0.01,414,0.001821996072129977,0.009724156400642742
15,muon,0.01,415,0.001821996072129977,0.009724156400642742
15,muon,0.01,416,0.001821996072129977,0.009724156400642742
15,muon,0.01,417,0.001821996072129977,0.009724156400642742
15,muon,0.01,418,0.001821996072129977,0.009724156400642742
15,muon,0.01,419,0.001821996072129977,0.009724156400642742
15,muon,0.01,420,0.001821996072129977,0.009724156400642742
15,muon,0.01,421,0.001821996072129977,0.009723263702910195
15,muon,0.01,422,0.001821996072129977,0.008890376718443135
15,muon,0.01,423,0.001821996072129977,0.007998571683627923
15,muon,0.01,424,0.001821996072129977,0.006325656132833422
15,muon,0.01,432,0.001821996072129977,0.005220496339939297
15,muon,0.01,433,0.001821996072129977,0.006969291198000357
15,muon,0.01,434,0.001821996072129977,0.008576147116586323
15,muon,0.01,435,0.001821996072129977,0.009696482770933762
15,muon,0.01,436,0.001821996072129977,0.009724156400642742
15,muon,0.01,437,0.001821996072129977,0.009724156400642742
15,muon,0.01,438,0.001821996072129977,0.009724156400642742
15,muon,0.01,439,0.001821996072129977,0.009724156400642742
15,muon,0.01,440,0.001821996072129977,0.009724156400642742
15,muon,0.01,441,0.001821996072129977,0.009724156400642742
15,muon,0.01,442,0.001821996072129977,0.009724156400642742
15,muon,0.01,443,0.001821996072129977,0.009724156400642742
15,muon,0.01,444,0.001821996072129977,0.009724156400642742
15,muon,0.01,445,0.001821996072129977,0.009724156400642742
15,muon,0.01,446,0.001821996072129977,0.009724156400642742
15,muon,0.01,447,0.001821996072129977,0.009724156400642742
15,muon,0.01,448,0.001821996072129977,0.009724156400642742
15,muon,0.01,449,0.001821996072129977,0.009724156400642742
15,muon,0.01,450,0.001821996072129977,0.009724156400642742
15,muon,0.01,451,0.001821996072129977,0.009724156400642742
15,muon,0.01,452,0.001821996072129977,0.009724156400642742
15,muon,0.01,453,0.001821996072129977,0.009724156400642742
15,muon,0.01,454,0.001821996072129977,0.009724156400642742
15,muon,0.01,455,0.001821996072129977,0.009724156400642742
15,muon,0.01,456,0.001821996072129977,0.009724156400642742
15,muon,0.01,457,0.001821996072129977,0.009724156400642742
15,muon,0.01,458,0.001821996072129977,0.009724156400642742
15,muon,0.01,459,0.001821996072129977,0.009724156400642742
15,muon,0.01,460,0.001821996072129977,0.009724156400642742
15,muon,0.01,461,0.001821996072129977,0.009724156400642742
15,muon,0.01,462,0.001821996072129977,0.009724156400642742
15,muon,0.01,463,0.001821996072129977,0.009724156400642742
15,muon,0.01,464,0.001821996072129977,0.009723263702910195
15,muon,0.01,465,0.001821996072129977,0.008890376718443135
15,muon,0.01,466,0.001821996072129977,0.007998571683627923
15,muon,0.01,467,0.001821996072129977,0.006325656132833422
15,muon,0.01,977,0,0
15,muon,0.01,1196,0.001821996072129977,0.005220496339939297
15,muon,0.01,1197,0.001821996072129977,0.006969291198000357
15,muon,0.01,1198,0.001821996072129977,0.008576147116586323
15,muon,0.01,1199,0.001821996072129977,0.009696482770933762
15,muon,0.01,1200,0.001821996072129977,0.009723263702910195
15,muon,0.01,1201,0.001821996072129977,0.008890376718443135
15,muon,0.01,1202,0.001821996072129977,0.007998571683627923
15,muon,0.01,1203,0.001821996072129977,0.006325656132833422
15,muon,0.01,1208,0.001821996072129977,0.005220496339939297
15,muon,0.01,1209,0.001821996072129977,0.006969291198000357
15,muon,0.01,1210,0.001821996072129977,0.008576147116586323
15,muon,0.01,1211,0.001821996072129977,0.009696482770933762
15,muon,0.01,1212,0.001821996072129977,0.009723263702910195
15,muon,0.01,1213,0.001821996072129977,0.008890376718443135
15,muon,0.01,1214,0.001821996072129977,0.007998571683627923
15,muon,0.01,1215,0.001821996072129977,0.006325656132833422
15,muon,0.01,1220,0.001821996072129977,0.005220496339939297
15,muon,0.01,1221,0.001821996072129977,0.006969291198000357
15,muon,0.01,1222,0.001821996072129977,0.008576147116586323
15,muon,0.01,1223,0.001821996072129977,0.009696482770933762
15,muon,0.01,1224,0.001821996072129977,0.009723263702910195
15,muon,0.01,1225,0.001821996072129977,0.008890376718443135
15,muon,0.01,1226,0.001821996072129977,0.007998571683627923
15,muon,0.01,1227,0.001821996072129977,0.006325656132833422
15,muon,0.01,1232,0.001821996072129977,0.005220496339939297
15,muon,0.01,1233,0.001821996072129977,0.006969291198000357
15,muon,0.01,1234,0.001821996072129977,0.008576147116586323
15,muon,0.01,1235,0.001821996072129977,0.009696482770933762
15,muon,0.01,1236,0.001821996072129977,0.009723263702910195
15,muon,0.01,1237,0.001821996072129977,0.008890376718443135
15,muon,0.01,1238,0.001821996072129977,0.007998571683627923
15,muon,0.01,1239,0.001821996072129977,0.006325656132833422
15,muon,0.01,1244,0.001821996072129977,0.005220496339939297
15,muon,0.01,1245,0.001821996072129977,0.006969291198000357
15,muon,0.01,1246,0.001821996072129977,0.008576147116586323
15,muon,0.01,1247,0.001821996072129977,0.009696482770933762
15,muon,0.01,1248,0.001821996072129977,0.009723263702910195
15,muon,0.01,1249,0.001821996072129977,0.008890376718443135
15,muon,0.01,1250,0.001821996072129977,0.007998571683627923
15,muon,0.01,1251,0.001821996072129977,0.006325656132833422
15,muon,0.01,1256,0.001821996072129977,0.005220496339939297
15,muon,0.01,1257,0.001821996072129977,0.006969291198000357
15,muon,0.01,1258,0.001821996072129977,0.008576147116586323
15,muon,0.01,1259,0.001821996072129977,0.009696482770933762
15,muon,0.01,1260,0.001821996072129977,0.009723263702910195
15,muon,0.01,1261,0.001821996072129977,0.008890376718443135
15,muon,0.01,1262,0.001821996072129977,0.007998571683627923
15,muon,0.01,1263,0.001821996072129977,0.006325656132833422
15,muon,0.01,1268,0.001821996072129977,0.005220496339939297
15,muon,0.01,1269,0.001821996072129977,0.006969291198000357
15,muon,0.01,1270,0.001821996072129977,0.008576147116586323
15,muon,0.01,1271,0.001821996072129977,0.009696482770933762
15,muon,0.01,1272,0.001821996072129977,0.009723263702910195
15,muon,0.01,1273,0.001821996072129977,0.008890376718443135
15,muon,0.01,1274,0.001821996072129977,0.007998571683627923
15,muon,0.01,1275,0.001821996072129977,0.006325656132833422
15,muon,0.01,1283,0.001821996072129977,0.005220496339939297
15,muon,0.01,1284,0.001821996072129977,0.006969291198000357
15,muon,0.01,1285,0.001821996072129977,0.008576147116586323
15,muon,0.01,1286,0.001821996072129977,0.009696482770933762
15,muon,0.01,1287,0.001821996072129977,0.009724156400642742
15,muon,0.01,1288,0.001821996072129977,0.009724156400642742
15,muon,0.01,1289,0.001821996072129977,0.009724156400642742
15,muon,0.01,1290,0.001821996072129977,0.009724156400642742
15,muon,0.01,1291,0.001821996072129977,0.009724156400642742
15,muon,0.01,1292,0.001821996072129977,0.009724156400642742
15,muon,0.01,1293,0.001821996072129977,0.009724156400642742
15,muon,0.01,1294,0.001821996072129977,0.009724156400642742
15,muon,0.01,1295,0.001821996072129977,0.009724156400642742
15,muon,0.01,1296,0.001821996072129977,0.009724156400642742
15,muon,0.01,1297,0.001821996072129977,0.009724156400642742
15,muon,0.01,1298,0.001821996072129977,0.009724156400642742
15,muon,0.01,1299,0.001821996072129977,0.009724156400642742
15,muon,0.01,1300,0.001821996072129977,0.009724156400642742
15,muon,0.01,1301,0.001821996072129977,0.009724156400642742
15,muon,0.01,1302,0.001821996072129977,0.009724156400642742
15,muon,0.01,1303,0.001821996072129977,0.009724156400642742
15,muon,0.01,1304,0.001821996072129977,0.009724156400642742
15,muon,0.01,1305,0.001821996072129977,0.009724156400642742
15,muon,0.01,1306,0.001821996072129977,0.009724156400642742
15,muon,0.01,1307,0.001821996072129977,0.009724156400642742
15,muon,0.01,1308,0.001821996072129977,0.009724156400642742
15,muon,0.01,1309,0.001821996072129977,0.009724156400642742
15,muon,0.01,1310,0.001821996072129977,0.009724156400642742
15,muon,0.01,1311,0.001821996072129977,0.009724156400642742
15,muon,0.01,1312,0.001821996072129977,0.009724156400642742
15,muon,0.01,1313,0.001821996072129977,0.009724156400642742
15,muon,0.01,1314,0.001821996072129977,0.009724156400642742
15,muon,0.01,1315,0.001821996072129977,0.009723263702910195
15,muon,0.01,1316,0.001821996072129977,0.008890376718443135
15,muon,0.01,1317,0.001821996072129977,0.007998571683627923
15,muon,0.01,1318,0.001821996072129977,0.006325656132833422
15,muon,0.01,1326,0.001821996072129977,0.005220496339939297
15,muon,0.01,1327,0.001821996072129977,0.006969291198000357
15,muon,0.01,1328,0.001821996072129977,0.008576147116586323
15,muon,0.01,1329,0.001821996072129977,0.009696482770933762
15,muon,0.01,1330,0.001821996072129977,0.009724156400642742
15,muon,0.01,1331,0.001821996072129977,0.009724156400642742
15,muon,0.01,1332,0.001821996072129977,0.009724156400642742
15,muon,0.01,1333,0.001821996072129977,0.009724156400642742
15,muon,0.01,1334,0.001821996072129977,0.009724156400642742
15,muon,0.01,1335,0.001821996072129977,0.009724156400642742
15,muon,0.01,1336,0.001821996072129977,0.009724156400642742
15,muon,0.01,1337,0.001821996072129977,0.009724156400642742
15,muon,0.01,1338,0.001821996072129977,0.009724156400642742
15,muon,0.01,1339,0.001821996072129977,0.009724156400642742
15,muon,0.01,1340,0.001821996072129977,0.009724156400642742
15,muon,0.01,1341,0.001821996072129977,0.009724156400642742
15,muon,0.01,1342,0.001821996072129977,0.009724156400642742
15,muon,0.01,1343,0.001821996072129977,0.009724156400642742
15,muon,0.01,1344,0.001821996072129977,0.009724156400642742
15,muon,0.01,1345,0.001821996072129977,0.009724156400642742
15,muon,0.01,1346,0.001821996072129977,0.009724156400642742
15,muon,0.01,1347,0.001821996072129977,0.009724156400642742
15,muon,0.01,1348,0.001821996072129977,0.009724156400642742
15,muon,0.01,1349,0.001821996072129977,0.009724156400642742
15,muon,0.01,1350,0.001821996072129977,0.009724156400642742
15,muon,0.01,1351,0.001821996072129977,0.009724156400642742
15,muon,0.01,1352,0.001821996072129977,0.009724156400642742
15,muon,0.01,1353,0.001821996072129977,0.009724156400642742
15,muon,0.01,1354,0.001821996072129977,0.009724156400642742
15,muon,0.01,1355,0.001821996072129977,0.009724156400642742
15,muon,0.01,1356,0.001821996072129977,0.009724156400642742
15,muon,0.01,1357,0.001821996072129977,0.009724156400642742
15,muon,0.01,1358,0.001821996072129977,0.009723263702910195
15,muon,0.01,1359,0.001821996072129977,0.008890376718443135
15,muon,0.01,1360,0.001821996072129977,0.007998571683627923
15,muon,0.01,1361,0.001821996072129977,0.006325656132833422
15,muon,0.01,1871,0.001821996072129977,0.001821996072129977
15,muon,0.01,2090,0.001821996072129977,0.005220496339939297
15,muon,0.01,2091,0.001821996072129977,0.006969291198000357
15,muon,0.01,2092,0.001821996072129977,0.008576147116586323
15,muon,0.01,2093,0.001821996072129977,0.009696482770933762
15,muon,0.01,2094,0.001821996072129977,0.009723263702910195
15,muon,0.01,2095,0.001821996072129977,0.008890376718443135
15,muon,0.01,2096,0.001821996072129977,0.007998571683627923
15,muon,0.01,2097,0.001821996072129977,0.006325656132833422
15,muon,0.01,2102,0.001821996072129977,0.005220496339939297
15,muon,0.01,2103,0.001821996072129977,0.006969291198000357
15,muon,0.01,2104,0.001821996072129977,0.008576147116586323
15,muon,0.01,2105,0.001821996072129977,0.009696482770933762
15,muon,0.01,2106,0.001821996072129977,0.009723263702910195
15,muon,0.01,2107,0.001821996072129977,0.008890376718443135
15,muon,0.01,2108,0.001821996072129977,0.007998571683627923
15,muon,0.01,2109,0.001821996072129977,0.006325656132833422
15,muon,0.01,2114,0.001821996072129977,0.005220496339939297
15,muon,0.01,2115,0.001821996072129977,0.006969291198000357
15,muon,0.01,2116,0.001821996072129977,0.008576147116586323
15,muon,0.01,2117,0.001821996072129977,0.009696482770933762
15,muon,0.01,2118,0.001821996072129977,0.009723263702910195
15,muon,0.01,2119,0.001821996072129977,0.008890376718443135
15,muon,0.01,2120,0.001821996072129977,0.007998571683627923
15,muon,0.01,2121,0.001821996072129977,0.006325656132833422
15,muon,0.01,2126,0.001821996072129977,0.005220496339939297
15,muon,0.01,2127,0.001821996072129977,0.006969291198000357
15,muon,0.01,2128,0.001821996072129977,0.008576147116586323
15,muon,0.01,2129,0.001821996072129977,0.009696482770933762
15,muon,0.01,2130,0.001821996072129977,0.009723263702910195
15,muon,0.01,2131,0.001821996072129977,0.008890376718443135
15,muon,0.01,2132,0.001821996072129977,0.007998571683627923
15,muon,0.01,2133,0.001821996072129977,0.006325656132833422
15,muon,0.01,2138,0.001821996072129977,0.005220496339939297
15,muon,0.01,2139,0.001821996072129977,0.006969291198000357
15,muon,0.01,2140,0.001821996072129977,0.008576147116586323
15,muon,0.01,2141,0.001821996072129977,0.009696482770933762
15,muon,0.01,2142,0.001821996072129977,0.009723263702910195
15,muon,0.01,2143,0.001821996072129977,0.008890376718443135
15,muon,0.01,2144,0.001821996072129977,0.007998571683627923
15,muon,0.01,2145,0.001821996072129977,0.006325656132833422
15,muon,0.01,2150,0.001821996072129977,0.005220496339939297
15,muon,0.01,2151,0.001821996072129977,0.006969291198000357
15,muon,0.01,2152,0.001821996072129977,0.008576147116586323
15,muon,0.01,2153,0.001821996072129977,0.009696482770933762
15,muon,0.01,2154,0.001821996072129977,0.009723263702910195
15,muon,0.01,2155,0.001821996072129977,0.008890376718443135
15,muon,0.01,2156,0.001821996072129977,0.007998571683627923
15,muon,0.01,2157,0.001821996072129977,0.006325656132833422
15,muon,0.01,2162,0.001821996072129977,0.005220496339939297
15,muon,0.01,2163,0.001821996072129977,0.006969291198000357
15,muon,0.01,2164,0.001821996072129977,0.008576147116586323
15,muon,0.01,2165,0.001821996072129977,0.009696482770933762
15,muon,0.01,2166,0.001821996072129977,0.009723263702910195
15,muon,0.01,2167,0.001821996072129977,0.008890376718443135
15,muon,0.01,2168,0.001821996072129977,0.007998571683627923
15,muon,0.01,2169,0.001821996072129977,0.006325656132833422
15,muon,0.01,2177,0.001821996072129977,0.005220496339939297
15,muon,0.01,2178,0.001821996072129977,0.006969291198000357
15,muon,0.01,2179,0.001821996072129977,0.008576147116586323
15,muon,0.01,2180,0.001821996072129977,0.009696482770933762
15,muon,0.01,2181,0.001821996072129977,0.009724156400642742
15,muon,0.01,2182,0.001821996072129977,0.009724156400642742
15,muon,0.01,2183,0.001821996072129977,0.009724156400642742
15,muon,0.01,2184,0.001821996072129977,0.009724156400642742
15,muon,0.01,2185,0.001821996072129977,0.009724156400642742
15,muon,0.01,2186,0.001821996072129977,0.009724156400642742
15,muon,0.01,2187,0.001821996072129977,0.009724156400642742
15,muon,0.01,2188,0.001821996072129977,0.009724156400642742
15,muon,0.01,2189,0.001821996072129977,0.009724156400642742
15,muon,0.01,2190,0.001821996072129977,0.009724156400642742
15,muon,0.01,2191,0.001821996072129977,0.009724156400642742
15,muon,0.01,2192,0.001821996072129977,0.009724156400642742
15,muon,0.01,2193,0.001821996072129977,0.009724156400642742
15,muon,0.01,2194,0.001821996072129977,0.009724156400642742
15,muon,0.01,2195,0.001821996072129977,0.009724156400642742
15,muon,0.01,2196,0.001821996072129977,0.009724156400642742
15,muon,0.01,2197,0.001821996072129977,0.009724156400642742
15,muon,0.01,2198,0.001821996072129977,0.009724156400642742
15,muon,0.01,2199,0.001821996072129977,0.009724156400642742
15,muon,0.01,2200,0.001821996072129977,0.009724156400642742
15,muon,0.01,2201,0.001821996072129977,0.009724156400642742
15,muon,0.01,2202,0.001821996072129977,0.009724156400642742
15,muon,0.01,2203,0.001821996072129977,0.009724156400642742
15,muon,0.01,2204,0.001821996072129977,0.009724156400642742
15,muon,0.01,2205,0.001821996072129977,0.009724156400642742
15,muon,0.01,2206,0.001821996072129977,0.009724156400642742
15,muon,0.01,2207,0.001821996072129977,0.009724156400642742
15,muon,0.01,2208,0.001821996072129977,0.009724156400642742
15,muon,0.01,2209,0.001821996072129977,0.009723263702910195
15,muon,0.01,2210,0.001821996072129977,0.008890376718443135
15,muon,0.01,2211,0.001821996072129977,0.007998571683627923
15,muon,0.01,2212,0.001821996072129977,0.006325656132833422
15,muon,0.01,2220,0.001821996072129977,0.005220496339939297
15,muon,0.01,2221,0.001821996072129977,0.006969291198000357
15,muon,0.01,2222,0.001821996072129977,0.008576147116586323
15,muon,0.01,2223,0.001821996072129977,0.009696482770933762
15,muon,0.01,2224,0.001821996072129977,0.009724156400642742
15,muon,0.01,2225,0.001821996072129977,0.009724156400642742
15,muon,0.01,2226,0.001821996072129977,0.009724156400642742
15,muon,0.01,2227,0.001821996072129977,0.009724156400642742
15,muon,0.01,2228,0.001821996072129977,0.009724156400642742
15,muon,0.01,2229,0.001821996072129977,0.009724156400642742
15,muon,0.01,2230,0.001821996072129977,0.009724156400642742
15,muon,0.01,2231,0.001821996072129977,0.009724156400642742
15,muon,0.01,2232,0.001821996072129977,0.009724156400642742
15,muon,0.01,2233,0.001821996072129977,0.009724156400642742
15,muon,0.01,2234,0.001821996072129977,0.009724156400642742
15,muon,0.01,2235,0.001821996072129977,0.009724156400642742
15,muon,0.01,2236,0.001821996072129977,0.009724156400642742
15,muon,0.01,2237,0.001821996072129977,0.009724156400642742
15,muon,0.01,2238,0.001821996072129977,0.009724156400642742
15,muon,0.01,2239,0.001821996072129977,0.009724156400642742
15,muon,0.01,2240,0.001821996072129977,0.009724156400642742
15,muon,0.01,2241,0.001821996072129977,0.009724156400642742
15,muon,0.01,2242,0.001821996072129977,0.009724156400642742
15,muon,0.01,2243,0.001821996072129977,0.009724156400642742
15,muon,0.01,2244,0.001821996072129977,0.009724156400642742
15,muon,0.01,2245,0.001821996072129977,0.009724156400642742
15,muon,0.01,2246,0.001821996072129977,0.009724156400642742
15,muon,0.01,2247,0.001821996072129977,0.009724156400642742
15,muon,0.01,2248,0.001821996072129977,0.009724156400642742
15,muon,0.01,2249,0.001821996072129977,0.009724156400642742
15,muon,0.01,2250,0.001821996072129977,0.009724156400642742
15,muon,0.01,2251,0.001821996072129977,0.009724156400642742
15,muon,0.01,2252,0.001821996072129977,0.009723263702910195
15,muon,0.01,2253,0.001821996072129977,0.008890376718443135
15,muon,0.01,2254,0.001821996072129977,0.007998571683627923
15,muon,0.01,2255,0.001821996072129977,0.006325656132833422
15,muon,0.05,1,0,0
15,muon,0.05,2,0,0
15,muon,0.05,3,0,0
15,muon,0.05,4,0,0
15,muon,0.05,5,0,0
15,muon,0.05,6,0,0
15,muon,0.05,7,0,0
15,muon,0.05,8,0,0
15,muon,0.05,9,0,0
15,muon,0.05,10,0,0
15,muon,0.05,11,0,0
15,muon,0.05,12,0,0
15,muon,0.05,86,0.009109980360649885,0.009109980360649885
15,muon,0.05,302,0.009109980360649885,0.02610248169969648
15,muon,0.05,303,0.009109980360649885,0.03484645599000179
15,muon,0.05,304,0.009109980360649885,0.04288073558293162
15,muon,0.05,305,0.009109980360649885,0.04848241385466881
15,muon,0.05,306,0.009109980360649885,0.048616318514550984
15,muon,0.05,307,0.009109980360649885,0.044451883592215684
15,muon,0.05,308,0.009109980360649885,0.039992858418139626
15,muon,0.05,309,0.009109980360649885,0.03162828066416712
15,muon,0.05,314,0.009109980360649885,0.02610248169969648
15,muon,0.05,315,0.009109980360649885,0.03484645599000179
15,muon,0.05,316,0.009109980360649885,0.04288073558293162
15,muon,0.05,317,0.009109980360649885,0.04848241385466881
15,muon,0.05,318,0.009109980360649885,0.048616318514550984
15,muon,0.05,319,0.009109980360649885,0.044451883592215684
15,muon,0.05,320,0.009109980360649885,0.039992858418139626
15,muon,0.05,321,0.009109980360649885,0.03162828066416712
15,muon,0.05,326,0.009109980360649885,0.02610248169969648
15,muon,0.05,327,0.009109980360649885,0.03484645599000179
15,muon,0.05,328,0.009109980360649885,0.04288073558293162
15,muon,0.05,329,0.009109980360649885,0.04848241385466881
15,muon,0.05,330,0.009109980360649885,0.048616318514550984
15,muon,0.05,331,0.009109980360649885,0.044451883592215684
15,muon,0.05,332,0.009109980360649885,0.039992858418139626
15,muon,0.05,333,0.009109980360649885,0.03162828066416712
15,muon,0.05,338,0.009109980360649885,0.02610248169969648
15,muon,0.05,339,0.009109980360649885,0.03484645599000179
15,muon,0.05,340,0.009109980360649885,0.04288073558293162
15,muon,0.05,341,0.009109980360649885,0.04848241385466881
15,muon,0.05,342,0.009109980360649885,0.048616318514550984
15,muon,0.05,343,0.009109980360649885,0.044451883592215684
15,muon,0.05,344,0.009109980360649885,0.039992858418139626
15,muon,0.05,345,0.009109980360649885,0.03162828066416712
15,muon,0.05,350,0.009109980360649885,0.02610248169969648
15,muon,0.05,351,0.009109980360649885,0.03484645599000179
15,muon,0.05,352,0.009109980360649885,0.04288073558293162
15,muon,0.05,353,0.009109980360649885,0.04848241385466881
15,muon,0.05,354,0.009109980360649885,0.048616318514550984
15,muon,0.05,355,0.009109980360649885,0.044451883592215684
15,muon,0.05,356,0.009109980360649885,0.039992858418139626
15,muon,0.05,357,0.009109980360649885,0.03162828066416712
15,muon,0.05,362,0.009109980360649885,0.02610248169969648
15,muon,0.05,363,0.009109980360649885,0.03484645599000179
15,muon,0.05,364,0.009109980360649885,0.04288073558293162
15,muon,0.05,365,0.009109980360649885,0.04848241385466881
15,muon,0.05,366,0.009109980360649885,0.048616318514550984
15,muon,0.05,367,0.009109980360649885,0.044451883592215684
15,muon,0.05,368,0.009109980360649885,0.039992858418139626
15,muon,0.05,369,0.009109980360649885,0.03162828066416712
15,muon,0.05,374,0.009109980360649885,0.02610248169969648
15,muon,0.05,375,0.009109980360649885,0.03484645599000179
15,muon,0.05,376,0.009109980360649885,0.04288073558293162
15,muon,0.05,377,0.009109980360649885,0.04848241385466881
15,muon,0.05,378,0.009109980360649885,0.048616318514550984
15,muon,0.05,379,0.009109980360649885,0.044451883592215684
15,muon,0.05,380,0.009109980360649885,0.039992858418139626
15,muon,0.05,381,0.009109980360649885,0.03162828066416712
15,muon,0.05,389,0.009109980360649885,0.02610248169969648
15,muon,0.05,390,0.009109980360649885,0.03484645599000179
15,muon,0.05,391,0.009109980360649885,0.04288073558293162
15,muon,0.05,392,0.009109980360649885,0.04848241385466881
15,muon,0.05,393,0.009109980360649885,0.04862078200321372
15,muon,0.05,394,0.009109980360649885,0.04862078200321372
15,muon,0.05,395,0.009109980360649885,0.04862078200321372
15,muon,0.05,396,0.009109980360649885,0.04862078200321372
15,muon,0.05,397,0.009109980360649885,0.04862078200321372
15,muon,0.05,398,0.009109980360649885,0.04862078200321372
15,muon,0.05,399,0.009109980360649885,0.04862078200321372
15,muon,0.05,400,0.009109980360649885,0.04862078200321372
15,muon,0.05,401,0.009109980360649885,0.04862078200321372
15,muon,0.05,402,0.009109980360649885,0.04862078200321372
15,muon,0.05,403,0.009109980360649885,0.04862078200321372
15,muon,0.05,404,0.009109980360649885,0.04862078200321372
15,muon,0.05,405,0.009109980360649885,0.04862078200321372
15,muon,0.05,406,0.009109980360649885,0.04862078200321372
15,muon,0.05,407,0.009109980360649885,0.04862078200321372
15,muon,0.05,408,0.009109980360649885,0.04862078200321372
15,muon,0.05,409,0.009109980360649885,0.04862078200321372
15,muon,0.05,410,0.009109980360649885,0.04862078200321372
15,muon,0.05,411,0.009109980360649885,0.04862078200321372
15,muon,0.05,412,0.009109980360649885,0.04862078200321372
15,muon,0.05,413,0.009109980360649885,0.04862078200321372
15,muon,0.05,414,0.009109980360649885,0.04862078200321372
15,muon,0.05,415,0.009109980360649885,0.04862078200321372
15,muon,0.05,416,0.009109980360649885,0.04862078200321372
15,muon,0.05,417,0.009109980360649885,0.04862078200321372
15,muon,0.05,418,0.009109980360649885,0.04862078200321372
15,muon,0.05,419,0.009109980360649885,0.04862078200321372
15,muon,0.05,420,0.009109980360649885,0.04862078200321372
15,muon,0.05,421,0.009109980360649885,0.048616318514550984
15,muon,0.05,422,0.009109980360649885,0.044451883592215684
15,muon,0.05,423,0.009109980360649885,0.039992858418139626
15,muon,0.05,424,0.009109980360649885,0.03162828066416712
15,muon,0.05,432,0.009109980360649885,0.02610248169969648
15,muon,0.05,433,0.009109980360649885,0.03484645599000179
15,muon,0.05,434,0.009109980360649885,0.04288073558293162
15,muon,0.05,435,0.009109980360649885,0.04848241385466881
15,muon,0.05,436,0.009109980360649885,0.04862078200321372
15,muon,0.05,437,0.009109980360649885,0.04862078200321372
15,muon,0.05,438,0.009109980360649885,0.04862078200321372
15,muon,0.05,439,0.009109980360649885,0.04862078200321372
15,muon,0.05,440,0.009109980360649885,0.04862078200321372
15,muon,0.05,441,0.009109980360649885,0.04862078200321372
15,muon,0.05,442,0.009109980360649885,0.04862078200321372
15,muon,0.05,443,0.009109980360649885,0.04862078200321372
15,muon,0.05,444,0.009109980360649885,0.04862078200321372
15,muon,0.05,445,0.009109980360649885,0.04862078200321372
15,muon,0.05,446,0.009109980360649885,0.04862078200321372
15,muon,0.05,447,0.009109980360649885,0.04862078200321372
15,muon,0.05,448,0.009109980360649885,0.04862078200321372
15,muon,0.05,449,0.009109980360649885,0.04862078200321372
15,muon,0.05,450,0.009109980360649885,0.04862078200321372
15,muon,0.05,451,0.009109980360649885,0.04862078200321372
15,muon,0.05,452,0.009109980360649885,0.04862078200321372
15,muon,0.05,453,0.009109980360649885,0.04862078200321372
15,muon,0.05,454,0.009109980360649885,0.04862078200321372
15,muon,0.05,455,0.009109980360649885,0.04862078200321372
15,muon,0.05,456,0.009109980360649885,0.04862078200321372
15,muon,0.05,457,0.009109980360649885,0.04862078200321372
15,muon,0.05,458,0.009109980360649885,0.04862078200321372
15,muon,0.05,459,0.009109980360649885,0.04862078200321372
15,muon,0.05,460,0.009109980360649885,0.04862078200321372
15,muon,0.05,461,0.009109980360649885,0.04862078200321372
15,muon,0.05,462,0.009109980360649885,0.04862078200321372
15,muon,0.05,463,0.009109980360649885,0.04862078200321372
15,muon,0.05,464,0.009109980360649885,0.048616318514550984
15,muon,0.05,465,0.009109980360649885,0.044451883592215684
15,muon,0.05,466,0.009109980360649885,0.039992858418139626
15,muon,0.05,467,0.009109980360649885,0.03162828066416712
15,muon,0.05,977,0,0
15,muon,0.05,1196,0.009109980360649885,0.02610248169969648
15,muon,0.05,1197,0.009109980360649885,0.03484645599000179
15,muon,0.05,1198,0.009109980360649885,0.04288073558293162
15,muon,0.05,1199,0.009109980360649885,0.04848241385466881
15,muon,0.05,1200,0.009109980360649885,0.048616318514550984
15,muon,0.05,1201,0.009109980360649885,0.044451883592215684
15,muon,0.05,1202,0.009109980360649885,0.039992858418139626
15,muon,0.05,1203,0.009109980360649885,0.03162828066416712
15,muon,0.05,1208,0.009109980360649885,0.02610248169969648
15,muon,0.05,1209,0.009109980360649885,0.03484645599000179
15,muon,0.05,1210,0.009109980360649885,0.04288073558293162
15,muon,0.05,1211,0.009109980360649885,0.04848241385466881
15,muon,0.05,1212,0.009109980360649885,0.048616318514550984
15,muon,0.05,1213,0.009109980360649885,0.044451883592215684
15,muon,0.05,1214,0.009109980360649885,0.039992858418139626
15,muon,0.05,1215,0.009109980360649885,0.03162828066416712
15,muon,0.05,1220,0.009109980360649885,0.02610248169969648
15,muon,0.05,1221,0.009109980360649885,0.03484645599000179
15,muon,0.05,1222,0.009109980360649885,0.04288073558293162
15,muon,0.05,1223,0.009109980360649885,0.04848241385466881
15,muon,0.05,1224,0.009109980360649885,0.048616318514550984
15,muon,0.05,1225,0.009109980360649885,0.044451883592215684
15,muon,0.05,1226,0.009109980360649885,0.039992858418139626
15,muon,0.05,1227,0.009109980360649885,0.03162828066416712
15,muon,0.05,1232,0.009109980360649885,0.02610248169969648
15,muon,0.05,1233,0.009109980360649885,0.03484645599000179
15,muon,0.05,1234,0.009109980360649885,0.04288073558293162
15,muon,0.05,1235,0.009109980360649885,0.04848241385466881
15,muon,0.05,1236,0.009109980360649885,0.048616318514550984
15,muon,0.05,1237,0.009109980360649885,0.044451883592215684
15,muon,0.05,1238,0.009109980360649885,0.039992858418139626
15,muon,0.05,1239,0.009109980360649885,0.03162828066416712
15,muon,0.05,1244,0.009109980360649885,0.02610248169969648
15,muon,0.05,1245,0.009109980360649885,0.03484645599000179
15,muon,0.05,1246,0.009109980360649885,0.04288073558293162
15,muon,0.05,1247,0.009109980360649885,0.04848241385466881
15,muon,0.05,1248,0.009109980360649885,0.048616318514550984
15,muon,0.05,1249,0.009109980360649885,0.044451883592215684
15,muon,0.05,1250,0.009109980360649885,0.039992858418139626
15,muon,0.05,1251,0.009109980360649885,0.03162828066416712
15,muon,0.05,1256,0.009109980360649885,0.02610248169969648
15,muon,0.05,1257,0.009109980360649885,0.03484645599000179
15,muon,0.05,1258,0.009109980360649885,0.04288073558293162
15,muon,0.05,1259,0.009109980360649885,0.04848241385466881
15,muon,0.05,1260,0.009109980360649885,0.048616318514550984
15,muon,0.05,1261,0.009109980360649885,0.044451883592215684
15,muon,0.05,1262,0.009109980360649885,0.039992858418139626
15,muon,0.05,1263,0.009109980360649885,0.03162828066416712
15,muon,0.05,1268,0.009109980360649885,0.02610248169969648
15,muon,0.05,1269,0.009109980360649885,0.03484645599000179
15,muon,0.05,1270,0.009109980360649885,0.04288073558293162
15,muon,0.05,1271,0.009109980360649885,0.04848241385466881
15,muon,0.05,1272,0.009109980360649885,0.048616318514550984
15,muon,0.05,1273,0.009109980360649885,0.044451883592215684
15,muon,0.05,1274,0.009109980360649885,0.039992858418139626
15,muon,0.05,1275,0.009109980360649885,0.03162828066416712
15,muon,0.05,1283,0.009109980360649885,0.02610248169969648
15,muon,0.05,1284,0.009109980360649885,0.03484645599000179
15,muon,0.05,1285,0.009109980360649885,0.04288073558293162
15,muon,0.05,1286,0.009109980360649885,0.04848241385466881
15,muon,0.05,1287,0.009109980360649885,0.04862078200321372
15,muon,0.05,1288,0.009109980360649885,0.04862078200321372
15,muon,0.05,1289,0.009109980360649885,0.04862078200321372
15,muon,0.05,1290,0.009109980360649885,0.04862078200321372
15,muon,0.05,1291,0.009109980360649885,0.04862078200321372
15,muon,0.05,1292,0.009109980360649885,0.04862078200321372
15,muon,0.05,1293,0.009109980360649885,0.04862078200321372
15,muon,0.05,1294,0.009109980360649885,0.04862078200321372
15,muon,0.05,1295,0.009109980360649885,0.04862078200321372
15,muon,0.05,1296,0.009109980360649885,0.04862078200321372
15,muon,0.05,1297,0.009109980360649885,0.04862078200321372
15,muon,0.05,1298,0.009109980360649885,0.04862078200321372
15,muon,0.05,1299,0.009109980360649885,0.04862078200321372
15,muon,0.05,1300,0.009109980360649885,0.04862078200321372
15,muon,0.05,1301,0.009109980360649885,0.04862078200321372
15,muon,0.05,1302,0.009109980360649885,0.04862078200321372
15,muon,0.05,1303,0.009109980360649885,0.04862078200321372
15,muon,0.05,1304,0.009109980360649885,0.04862078200321372
15,muon,0.05,1305,0.009109980360649885,0.04862078200321372
15,muon,0.05,1306,0.009109980360649885,0.04862078200321372
15,muon,0.05,1307,0.009109980360649885,0.04862078200321372
15,muon,0.05,1308,0.009109980360649885,0.04862078200321372
15,muon,0.05,1309,0.009109980360649885,0.04862078200321372
15,muon,0.05,1310,0.009109980360649885,0.04862078200321372
15,muon,0.05,1311,0.009109980360649885,0.04862078200321372
15,muon,0.05,1312,0.009109980360649885,0.04862078200321372
15,muon,0.05,1313,0.009109980360649885,0.04862078200321372
15,muon,0.05,1314,0.009109980360649885,0.04862078200321372
15,muon,0.05,1315,0.009109980360649885,0.048616318514550984
15,muon,0.05,1316,0.009109980360649885,0.044451883592215684
15,muon,0.05,1317,0.009109980360649885,0.039992858418139626
15,muon,0.05,1318,0.009109980360649885,0.03162828066416712
15,muon,0.05,1326,0.009109980360649885,0.02610248169969648
15,muon,0.05,1327,0.009109980360649885,0.03484645599000179
15,muon,0.05,1328,0.009109980360649885,0.04288073558293162
15,muon,0.05,1329,0.009109980360649885,0.04848241385466881
15,muon,0.05,1330,0.009109980360649885,0.04862078200321372
15,muon,0.05,1331,0.009109980360649885,0.04862078200321372
15,muon,0.05,1332,0.009109980360649885,0.04862078200321372
15,muon,0.05,1333,0.009109980360649885,0.04862078200321372
15,muon,0.05,1334,0.009109980360649885,0.04862078200321372
15,muon,0.05,1335,0.009109980360649885,0.04862078200321372
15,muon,0.05,1336,0.009109980360649885,0.04862078200321372
15,muon,0.05,1337,0.009109980360649885,0.04862078200321372
15,muon,0.05,1338,0.009109980360649885,0.04862078200321372
15,muon,0.05,1339,0.009109980360649885,0.04862078200321372
15,muon,0.05,1340,0.009109980360649885,0.04862078200321372
15,muon,0.05,1341,0.009109980360649885,0.04862078200321372
15,muon,0.05,1342,0.009109980360649885,0.04862078200321372
15,muon,0.05,1343,0.009109980360649885,0.04862078200321372
15,muon,0.05,1344,0.009109980360649885,0.04862078200321372
15,muon,0.05,1345,0.009109980360649885,0.04862078200321372
15,muon,0.05,1346,0.009109980360649885,0.04862078200321372
15,muon,0.05,1347,0.009109980360649885,0.04862078200321372
15,muon,0.05,1348,0.009109980360649885,0.04862078200321372
15,muon,0.05,1349,0.009109980360649885,0.04862078200321372
15,muon,0.05,1350,0.009109980360649885,0.04862078200321372
15,muon,0.05,1351,0.009109980360649885,0.04862078200321372
15,muon,0.05,1352,0.009109980360649885,0.04862078200321372
15,muon,0.05,1353,0.009109980360649885,0.04862078200321372
15,muon,0.05,1354,0.009109980360649885,0.04862078200321372
15,muon,0.05,1355,0.009109980360649885,0.04862078200321372
15,muon,0.05,1356,0.009109980360649885,0.04862078200321372
15,muon,0.05,1357,0.009109980360649885,0.04862078200321372
15,muon,0.05,1358,0.009109980360649885,0.048616318514550984
15,muon,0.05,1359,0.009109980360649885,0.044451883592215684
15,muon,0.05,1360,0.009109980360649885,0.039992858418139626
15,muon,0.05,1361,0.009109980360649885,0.03162828066416712
15,muon,0.05,1871,0.009109980360649885,0.009109980360649885
15,muon,0.05,2090,0.009109980360649885,0.02610248169969648
15,muon,0.05,2091,0.009109980360649885,0.03484645599000179
15,muon,0.05,2092,0.009109980360649885,0.04288073558293162
15,muon,0.05,2093,0.009109980360649885,0.04848241385466881
15,muon,0.05,2094,0.009109980360649885,0.048616318514550984
15,muon,0.05,2095,0.009109980360649885,0.044451883592215684
15,muon,0.05,2096,0.009109980360649885,0.039992858418139626
15,muon,0.05,2097,0.009109980360649885,0.03162828066416712
15,muon,0.05,2102,0.009109980360649885,0.02610248169969648
15,muon,0.05,2103,0.009109980360649885,0.03484645599000179
15,muon,0.05,2104,0.009109980360649885,0.04288073558293162
15,muon,0.05,2105,0.009109980360649885,0.04848241385466881
15,muon,0.05,2106,0.009109980360649885,0.048616318514550984
15,muon,0.05,2107,0.009109980360649885,0.044451883592215684
15,muon,0.05,2108,0.009109980360649885,0.039992858418139626
15,muon,0.05,2109,0.009109980360649885,0.03162828066416712
15,muon,0.05,2114,0.009109980360649885,0.02610248169969648
15,muon,0.05,2115,0.009109980360649885,0.03484645599000179
15,muon,0.05,2116,0.009109980360649885,0.04288073558293162
15,muon,0.05,2117,0.009109980360649885,0.04848241385466881
15,muon,0.05,2118,0.009109980360649885,0.048616318514550984
15,muon,0.05,2119,0.009109980360649885,0.044451883592215684
15,muon,0.05,2120,0.009109980360649885,0.039992858418139626
15,muon,0.05,2121,0.009109980360649885,0.03162828066416712
15,muon,0.05,2126,0.009109980360649885,0.02610248169969648
15,muon,0.05,2127,0.009109980360649885,0.03484645599000179
15,muon,0.05,2128,0.009109980360649885,0.04288073558293162
15,muon,0.05,2129,0.009109980360649885,0.04848241385466881
15,muon,0.05,2130,0.009109980360649885,0.048616318514550984
15,muon,0.05,2131,0.009109980360649885,0.044451883592215684
15,muon,0.05,2132,0.009109980360649885,0.039992858418139626
15,muon,0.05,2133,0.009109980360649885,0.03162828066416712
15,muon,0.05,2138,0.009109980360649885,0.02610248169969648
15,muon,0.05,2139,0.009109980360649885,0.03484645599000179
15,muon,0.05,2140,0.009109980360649885,0.04288073558293162
15,muon,0.05,2141,0.009109980360649885,0.04848241385466881
15,muon,0.05,2142,0.009109980360649885,0.048616318514550984
15,muon,0.05,2143,0.009109980360649885,0.044451883592215684
15,muon,0.05,2144,0.009109980360649885,0.039992858418139626
15,muon,0.05,2145,0.009109980360649885,0.03162828066416712
15,muon,0.05,2150,0.009109980360649885,0.02610248169969648
15,muon,0.05,2151,0.009109980360649885,0.03484645599000179
15,muon,0.05,2152,0.009109980360649885,0.04288073558293162
15,muon,0.05,2153,0.009109980360649885,0.04848241385466881
15,muon,0.05,2154,0.009109980360649885,0.048616318514550984
15,muon,0.05,2155,0.009109980360649885,0.044451883592215684
15,muon,0.05,2156,0.009109980360649885,0.039992858418139626
15,muon,0.05,2157,0.009109980360649885,0.03162828066416712
15,muon,0.05,2162,0.009109980360649885,0.02610248169969648
15,muon,0.05,2163,0.009109980360649885,0.03484645599000179
15,muon,0.05,2164,0.009109980360649885,0.04288073558293162
15,muon,0.05,2165,0.009109980360649885,0.04848241385466881
15,muon,0.05,2166,0.009109980360649885,0.048616318514550984
15,muon,0.05,2167,0.009109980360649885,0.044451883592215684
15,muon,0.05,2168,0.009109980360649885,0.039992858418139626
15,muon,0.05,2169,0.009109980360649885,0.03162828066416712
15,muon,0.05,2177,0.009109980360649885,0.02610248169969648
15,muon,0.05,2178,0.009109980360649885,0.03484645599000179
15,muon,0.05,2179,0.009109980360649885,0.04288073558293162
15,muon,0.05,2180,0.009109980360649885,0.04848241385466881
15,muon,0.05,2181,0.009109980360649885,0.04862078200321372
15,muon,0.05,2182,0.009109980360649885,0.04862078200321372
15,muon,0.05,2183,0.009109980360649885,0.04862078200321372
15,muon,0.05,2184,0.009109980360649885,0.04862078200321372
15,muon,0.05,2185,0.009109980360649885,0.04862078200321372
15,muon,0.05,2186,0.009109980360649885,0.04862078200321372
15,muon,0.05,2187,0.009109980360649885,0.04862078200321372
15,muon,0.05,2188,0.009109980360649885,0.04862078200321372
15,muon,0.05,2189,0.009109980360649885,0.04862078200321372
15,muon,0.05,2190,0.009109980360649885,0.04862078200321372
15,muon,0.05,2191,0.009109980360649885,0.04862078200321372
15,muon,0.05,2192,0.009109980360649885,0.04862078200321372
15,muon,0.05,2193,0.009109980360649885,0.04862078200321372
15,muon,0.05,2194,0.009109980360649885,0.04862078200321372
15,muon,0.05,2195,0.009109980360649885,0.04862078200321372
15,muon,0.05,2196,0.009109980360649885,0.04862078200321372
15,muon,0.05,2197,0.009109980360649885,0.04862078200321372
15,muon,0.05,2198,0.009109980360649885,0.04862078200321372
15,muon,0.05,2199,0.009109980360649885,0.04862078200321372
15,muon,0.05,2200,0.009109980360649885,0.04862078200321372
15,muon,0.05,2201,0.009109980360649885,0.04862078200321372
15,muon,0.05,2202,0.009109980360649885,0.04862078200321372
15,muon,0.05,2203,0.009109980360649885,0.04862078200321372
15,muon,0.05,2204,0.009109980360649885,0.04862078200321372
15,muon,0.05,2205,0.009109980360649885,0.04862078200321372
15,muon,0.05,2206,0.009109980360649885,0.04862078200321372
15,muon,0.05,2207,0.009109980360649885,0.04862078200321372
15,muon,0.05,2208,0.009109980360649885,0.04862078200321372
15,muon,0.05,2209,0.009109980360649885,0.048616318514550984
15,muon,0.05,2210,0.009109980360649885,0.044451883592215684
15,muon,0.05,2211,0.009109980360649885,0.039992858418139626
15,muon,0.05,2212,0.009109980360649885,0.03162828066416712
15,muon,0.05,2220,0.009109980360649885,0.02610248169969648
15,muon,0.05,2221,0.009109980360649885,0.03484645599000179
15,muon,0.05,2222,0.009109980360649885,0.04288073558293162
15,muon,0.05,2223,0.009109980360649885,0.04848241385466881
15,muon,0.05,2224,0.009109980360649885,0.04862078200321372
15,muon,0.05,2225,0.009109980360649885,0.04862078200321372
15,muon,0.05,2226,0.009109980360649885,0.04862078200321372
15,muon,0.05,2227,0.009109980360649885,0.04862078200321372
15,muon,0.05,2228,0.009109980360649885,0.04862078200321372
15,muon,0.05,2229,0.009109980360649885,0.04862078200321372
15,muon,0.05,2230,0.009109980360649885,0.04862078200321372
15,muon,0.05,2231,0.009109980360649885,0.04862078200321372
15,muon,0.05,2232,0.009109980360649885,0.04862078200321372
15,muon,0.05,2233,0.009109980360649885,0.04862078200321372
15,muon,0.05,2234,0.009109980360649885,0.04862078200321372
15,muon,0.05,2235,0.009109980360649885,0.04862078200321372
15,muon,0.05,2236,0.009109980360649885,0.04862078200321372
15,muon,0.05,2237,0.009109980360649885,0.04862078200321372
15,muon,0.05,2238,0.009109980360649885,0.04862078200321372
15,muon,0.05,2239,0.009109980360649885,0.04862078200321372
15,muon,0.05,2240,0.009109980360649885,0.04862078200321372
15,muon,0.05,2241,0.009109980360649885,0.04862078200321372
15,muon,0.05,2242,0.009109980360649885,0.04862078200321372
15,muon,0.05,2243,0.009109980360649885,0.04862078200321372
15,muon,0.05,2244,0.009109980360649885,0.04862078200321372
15,muon,0.05,2245,0.009109980360649885,0.04862078200321372
15,muon,0.05,2246,0.009109980360649885,0.04862078200321372
15,muon,0.05,2247,0.009109980360649885,0.04862078200321372
15,muon,0.05,2248,0.009109980360649885,0.04862078200321372
15,muon,0.05,2249,0.009109980360649885,0.04862078200321372
15,muon,0.05,2250,0.009109980360649885,0.04862078200321372
15,muon,0.05,2251,0.009109980360649885,0.04862078200321372
15,muon,0.05,2252,0.009109980360649885,0.048616318514550984
15,muon,0.05,2253,0.009109980360649885,0.044451883592215684
15,muon,0.05,2254,0.009109980360649885,0.039992858418139626
15,muon,0.05,2255,0.009109980360649885,0.03162828066416712
15,dimuon,0.001,1,0,0
15,dimuon,0.001,2,0,0
15,dimuon,0.001,3,0,0
15,dimuon,0.001,4,0,0
15,dimuon,0.001,5,0,0
15,dimuon,0.001,6,0,0
15,dimuon,0.001,7,0,0
15,dimuon,0.001,8,0,0
15,dimuon,0.001,9,0,0
15,dimuon,0.001,10,0,0
15,dimuon,0.001,11,0,0
15,dimuon,0.001,12,0,0
15,dimuon,0.001,86,3.838600249955365e-05,3.838600249955365e-05
15,dimuon,0.001,302,3.838600249955365e-05,8.391358685948938e-05
15,dimuon,0.001,303,3.838600249955365e-05,0.00011765756114979468
15,dimuon,0.001,304,3.838600249955365e-05,0.00014408141403320836
15,dimuon,0.001,305,3.838600249955365e-05,0.0001539010890912337
15,dimuon,0.001,306,3.838600249955365e-05,0.00015407962863774326
15,dimuon,0.001,307,3.838600249955365e-05,0.00014729512587038029
15,dimuon,0.001,308,3.838600249955365e-05,0.00014015354400999822
15,dimuon,0.001,309,3.838600249955365e-05,0.00010855204427780754
15,dimuon,0.001,314,3.838600249955365e-05,8.391358685948938e-05
15,dimuon,0.001,315,3.838600249955365e-05,0.00011765756114979468
15,dimuon,0.001,316,3.838600249955365e-05,0.00014408141403320836
15,dimuon,0.001,317,3.838600249955365e-05,0.0001539010890912337
15,dimuon,0.001,318,3.838600249955365e-05,0.00015407962863774326
15,dimuon,0.001,319,3.838600249955365e-05,0.00014729512587038029
15,dimuon,0.001,320,3.838600249955365e-05,0.00014015354400999822
15,dimuon,0.001,321,3.838600249955365e-05,0.00010855204427780754
15,dimuon,0.001,326,3.838600249955365e-05,8.391358685948938e-05
15,dimuon,0.001,327,3.838600249955365e-05,0.00011765756114979468
15,dimuon,0.001,328,3.838600249955365e-05,0.00014408141403320836
15,dimuon,0.001,329,3.838600249955365e-05,0.0001539010890912337
15,dimuon,0.001,330,3.838600249955365e-05,0.00015407962863774326
15,dimuon,0.001,331,3.838600249955365e-05,0.00014729512587038029
15,dimuon,0.001,332,3.838600249955365e-05,0.00014015354400999822
15,dimuon,0.001,333,3.838600249955365e-05,0.00010855204427780754
15,dimuon,0.001,338,3.838600249955365e-05,8.391358685948938e-05
15,dimuon,0.001,339,3.838600249955365e-05,0.00011765756114979468
15,dimuon,0.001,340,3.838600249955365e-05,0.00014408141403320836
15,dimuon,0.001,341,3.838600249955365e-05,0.0001539010890912337
15,dimuon,0.001,342,3.838600249955365e-05,0.00015407962863774326
15,dimuon,0.001,343,3.838600249955365e-05,0.00014729512587038029
15,dimuon,0.001,344,3.838600249955365e-05,0.00014015354400999822
15,dimuon,0.001,345,3.838600249955365e-05,0.00010855204427780754
15,dimuon,0.001,350,3.838600249955365e-05,8.391358685948938e-05
15,dimuon,0.001,351,3.838600249955365e-05,0.00011765756114979468
15,dimuon,0.001,352,3.838600249955365e-05,0.00014408141403320836
15,dimuon,0.001,353,3.838600249955365e-05,0.0001539010890912337
15,dimuon,0.001,354,3.838600249955365e-05,0.00015407962863774326
15,dimuon,0.001,355,3.838600249955365e-05,0.00014729512587038029
15,dimuon,0.001,356,3.838600249955365e-05,0.00014015354400999822
15,dimuon,0.001,357,3.838600249955365e-05,0.00010855204427780754
15,dimuon,0.001,362,3.838600249955365e-05,8.391358685948938e-05
15,dimuon,0.001,363,3.838600249955365e-05,0.00011765756114979468
15,dimuon,0.001,364,3.838600249955365e-05,0.00014408141403320836
15,dimuon,0.001,365,3.838600249955365e-05,0.0001539010890912337
15,dimuon,0.001,366,3.838600249955365e-05,0.00015407962863774326
15,dimuon,0.001,367,3.838600249955365e-05,0.00014729512587038029
15,dimuon,0.001,368,3.838600249955365e-05,0.00014015354400999822
15,dimuon,0.001,369,3.838600249955365e-05,0.00010855204427780754
15,dimuon,0.001,374,3.838600249955365e-05,8.391358685948938e-05
15,dimuon,0.001,375,3.838600249955365e-05,0.00011765756114979468
15,dimuon,0.001,376,3.838600249955365e-05,0.00014408141403320836
15,dimuon,0.001,377,3.838600249955365e-05,0.0001539010890912337
15,dimuon,0.001,378,3.838600249955365e-05,0.00015407962863774326
15,dimuon,0.001,379,3.838600249955365e-05,0.00014729512587038029
15,dimuon,0.001,380,3.838600249955365e-05,0.00014015354400999822
15,dimuon,0.001,381,3.838600249955365e-05,0.00010855204427780754
15,dimuon,0.001,389,3.838600249955365e-05,8.391358685948938e-05
15,dimuon,0.001,390,3.838600249955365e-05,0.00011765756114979468
15,dimuon,0.001,391,3.838600249955365e-05,0.00014408141403320836
15,dimuon,0.001,392,3.838600249955365e-05,0.0001539010890912337
15,dimuon,0.001,393,3.838600249955365e-05,0.00015407962863774326
15,dimuon,0.001,394,3.838600249955365e-05,0.00015407962863774326
15,dimuon,0.001,395,3.838600249955365e-05,0.00015407962863774326
15,dimuon,0.001,396,3.838600249955365e-05,0.00015407962863774326
15,dimuon,0.001,397,3.838600249955365e-05,0.00015407962863774326
15,dimuon,0.001,398,3.838600249955365e-05,0.00015407962863774326
15,dimuon,0.001,399,3.838600249955365e-05,0.00015407962863774326
15,dimuon,0.001,400,3.838600249955365e-05,0.00015407962863774326
15,dimuon,0.001,401,3.838600249955365e-05,0.00015407962863774326
15,dimuon,0.001,402,3.838600249955365e-05,0.00015407962863774326
15,dimuon,0.001,403,3.838600249955365e-05,0.00015407962863774326
15,dimuon,0.001,404,3.838600249955365e-05,0.00015407962863774326
15,dimuon,0.001,405,3.838600249955365e-05,0.00015407962863774326
15,dimuon,0.001,406,3.838600249955365e-05,0.00015407962863774326
15,dimuon,0.001,407,3.838600249955365e-05,0.00015407962863774326
15,dimuon,0.001,408,3.838600249955365e-05,0.00015407962863774326
15,dimuon,0.001,409,3.838600249955365e-05,0.00015407962863774326
15,dimuon,0.001,410,3.838600249955365e-05,0.00015407962863774326
15,dimuon,0.001,411,3.838600249955365e-05,0.00015407962863774326
15,dimuon,0.001,412,3.838600249955365e-05,0.00015407962863774326
15,dimuon,0.001,413,3.838600249955365e-05,0.00015407962863774326
15,dimuon,0.001,414,3.838600249955365e-05,0.00015407962863774326
15,dimuon,0.001,415,3.838600249955365e-05,0.00015407962863774326
15,dimuon,0.001,416,3.838600249955365e-05,0.00015407962863774326
15,dimuon,0.001,417,3.838600249955365e-05,0.00015407962863774326
15,dimuon,0.001,418,3.838600249955365e-05,0.00015407962863774326
15,dimuon,0.001,419,3.838600249955365e-05,0.00015407962863774326
15,dimuon,0.001,420,3.838600249955365e-05,0.00015407962863774326
15,dimuon,0.001,421,3.838600249955365e-05,0.00015407962863774326
15,dimuon,0.001,422,3.838600249955365e-05,0.00014729512587038029
15,dimuon,0.001,423,3.838600249955365e-05,0.00014015354400999822
15,dimuon,0.001,424,3.838600249955365e-05,0.00010855204427780754
15,dimuon,0.001,432,3.838600249955365e-05,8.391358685948938e-05
15,dimuon,0.001,433,3.838600249955365e-05,0.00011765756114979468
15,dimuon,0.001,434,3.838600249955365e-05,0.00014408141403320836
15,dimuon,0.001,435,3.838600249955365e-05,0.0001539010890912337
15,dimuon,0.001,436,3.838600249955365e-05,0.00015407962863774326
15,dimuon,0.001,437,3.838600249955365e-05,0.00015407962863774326
15,dimuon,0.001,438,3.838600249955365e-05,0.00015407962863774326
15,dimuon,0.001,439,3.838600249955365e-05,0.00015407962863774326
15,dimuon,0.001,440,3.838600249955365e-05,0.00015407962863774326
15,dimuon,0.001,441,3.838600249955365e-05,0.00015407962863774326
15,dimuon,0.001,442,3.838600249955365e-05,0.00015407962863774326
15,dimuon,0.001,443,3.838600249955365e-05,0.00015407962863774326
15,dimuon,0.001,444,3.838600249955365e-05,0.00015407962863774326
15,dimuon,0.001,445,3.838600249955365e-05,0.00015407962863774326
15,dimuon,0.001,446,3.838600249955365e-05,0.00015407962863774326
15,dimuon,0.001,447,3.838600249955365e-05,0.00015407962863774326
15,dimuon,0.001,448,3.838600249955365e-05,0.00015407962863774326
15,dimuon,0.001,449,3.838600249955365e-05,0.00015407962863774326
15,dimuon,0.001,450,3.838600249955365e-05,0.00015407962863774326
15,dimuon,0.001,451,3.838600249955365e-05,0.00015407962863774326
15,dimuon,0.001,452,3.838600249955365e-05,0.00015407962863774326
15,dimuon,0.001,453,3.838600249955365e-05,0.00015407962863774326
15,dimuon,0.001,454,3.838600249955365e-05,0.00015407962863774326
15,dimuon,0.001,455,3.838600249955365e-05,0.00015407962863774326
15,dimuon,0.001,456,3.838600249955365e-05,0.00015407962863774326
15,dimuon,0.001,457,3.838600249955365e-05,0.00015407962863774326
15,dimuon,0.001,458,3.838600249955365e-05,0.00015407962863774326
15,dimuon,0.001,459,3.838600249955365e-05,0.00015407962863774326
15,dimuon,0.001,460,3.838600249955365e-05,0.00015407962863774326
15,dimuon,0.001,461,3.838600249955365e-05,0.00015407962863774326
15,dimuon,0.001,462,3.838600249955365e-05,0.00015407962863774326
15,dimuon,0.001,463,3.838600249955365e-05,0.00015407962863774326
15,dimuon,0.001,464,3.838600249955365e-05,0.00015407962863774326
15,dimuon,0.001,465,3.838600249955365e-05,0.00014729512587038029
15,dimuon,0.001,466,3.838600249955365e-05,0.00014015354400999822
15,dimuon,0.001,467,3.838600249955365e-05,0.00010855204427780754
15,dimuon,0.001,977,0,0
15,dimuon,0.001,1196,3.838600249955365e-05,8.391358685948938e-05
15,dimuon,0.001,1197,3.838600249955365e-05,0.00011765756114979468
15,dimuon,0.001,1198,3.838600249955365e-05,0.00014408141403320836
15,dimuon,0.001,1199,3.838600249955365e-05,0.0001539010890912337
15,dimuon,0.001,1200,3.838600249955365e-05,0.00015407962863774326
15,dimuon,0.001,1201,3.838600249955365e-05,0.00014729512587038029
15,dimuon,0.001,1202,3.838600249955365e-05,0.00014015354400999822
15,dimuon,0.001,1203,3.838600249955365e-05,0.00010855204427780754
15,dimuon,0.001,1208,3.838600249955365e-05,8.391358685948938e-05
15,dimuon,0.001,1209,3.838600249955365e-05,0.00011765756114979468
15,dimuon,0.001,1210,3.838600249955365e-05,0.00014408141403320836
15,dimuon,0.001,1211,3.838600249955365e-05,0.0001539010890912337
15,dimuon,0.001,1212,3.838600249955365e-05,0.00015407962863774326
15,dimuon,0.001,1213,3.838600249955365e-05,0.00014729512587038029
15,dimuon,0.001,1214,3.838600249955365e-05,0.00014015354400999822
15,dimuon,0.001,1215,3.838600249955365e-05,0.00010855204427780754
15,dimuon,0.001,1220,3.838600249955365e-05,8.391358685948938e-05
15,dimuon,0.001,1221,3.838600249955365e-05,0.00011765756114979468
15,dimuon,0.001,1222,3.838600249955365e-05,0.00014408141403320836
15,dimuon,0.001,1223,3.838600249955365e-05,0.0001539010890912337
15,dimuon,0.001,1224,3.838600249955365e-05,0.00015407962863774326
15,dimuon,0.001,1225,3.838600249955365e-05,0.00014729512587038029
15,dimuon,0.001,1226,3.838600249955365e-05,0.00014015354400999822
15,dimuon,0.001,1227,3.838600249955365e-05,0.00010855204427780754
15,dimuon,0.001,1232,3.838600249955365e-05,8.391358685948938e-05
15,dimuon,0.001,1233,3.838600249955365e-05,0.00011765756114979468
15,dimuon,0.001,1234,3.838600249955365e-05,0.00014408141403320836
15,dimuon,0.001,1235,3.838600249955365e-05,0.0001539010890912337
15,dimuon,0.001,1236,3.838600249955365e-05,0.00015407962863774326
15,dimuon,0.001,1237,3.838600249955365e-05,0.00014729512587038029
15,dimuon,0.001,1238,3.838600249955365e-05,0.00014015354400999822
15,dimuon,0.001,1239,3.838600249955365e-05,0.00010855204427780754
15,dimuon,0.001,1244,3.838600249955365e-05,8.391358685948938e-05
15,dimuon,0.001,1245,3.838600249955365e-05,0.00011765756114979468
15,dimuon,0.001,1246,3.838600249955365e-05,0.00014408141403320836
15,dimuon,0.001,1247,3.838600249955365e-05,0.0001539010890912337
15,dimuon,0.001,1248,3.838600249955365e-05,0.00015407962863774326
15,dimuon,0.001,1249,3.838600249955365e-05,0.00014729512587038029
15,dimuon,0.001,1250,3.838600249955365e-05,0.00014015354400999822
15,dimuon,0.001,1251,3.838600249955365e-05,0.00010855204427780754
15,dimuon,0.001,1256,3.838600249955365e-05,8.391358685948938e-05
15,dimuon,0.001,1257,3.838600249955365e-05,0.00011765756114979468
15,dimuon,0.001,1258,3.838600249955365e-05,0.00014408141403320836
15,dimuon,0.001,1259,3.838600249955365e-05,0.0001539010890912337
15,dimuon,0.001,1260,3.838600249955365e-05,0.00015407962863774326
15,dimuon,0.001,1261,3.838600249955365e-05,0.00014729512587038029
15,dimuon,0.001,1262,3.838600249955365e-05,0.00014015354400999822
15,dimuon,0.001,1263,3.838600249955365e-05,0.00010855204427780754
15,dimuon,0.001,1268,3.838600249955365e-05,8.391358685948938e-05
15,dimuon,0.001,1269,3.838600249955365e-05,0.00011765756114979468
15,dimuon,0.001,1270,3.838600249955365e-05,0.00014408141403320836
15,dimuon,0.001,1271,3.838600249955365e-05,0.0001539010890912337
15,dimuon,0.001,1272,3.838600249955365e-05,0.00015407962863774326
15,dimuon,0.001,1273,3.838600249955365e-05,0.00014729512587038029
15,dimuon,0.001,1274,3.838600249955365e-05,0.00014015354400999822
15,dimuon,0.001,1275,3.838600249955365e-05,0.00010855204427780754
15,dimuon,0.001,1283,3.838600249955365e-05,8.391358685948938e-05
15,dimuon,0.001,1284,3.838600249955365e-05,0.00011765756114979468
15,dimuon,0.001,1285,3.838600249955365e-05,0.00014408141403320836
15,dimuon,0.001,1286,3.838600249955365e-05,0.0001539010890912337
15,dimuon,0.001,1287,3.838600249955365e-05,0.00015407962863774326
15,dimuon,0.001,1288,3.838600249955365e-05,0.00015407962863774326
15,dimuon,0.001,1289,3.838600249955365e-05,0.00015407962863774326
15,dimuon,0.001,1290,3.838600249955365e-05,0.00015407962863774326
15,dimuon,0.001,1291,3.838600249955365e-05,0.00015407962863774326
15,dimuon,0.001,1292,3.838600249955365e-05,0.00015407962863774326
15,dimuon,0.001,1293,3.838600249955365e-05,0.00015407962863774326
15,dimuon,0.001,1294,3.838600249955365e-05,0.00015407962863774326
15,dimuon,0.001,1295,3.838600249955365e-05,0.00015407962863774326
15,dimuon,0.001,1296,3.838600249955365e-05,0.00015407962863774326
15,dimuon,0.001,1297,3.838600249955365e-05,0.00015407962863774326
15,dimuon,0.001,1298,3.838600249955365e-05,0.00015407962863774326
15,dimuon,0.001,1299,3.838600249955365e-05,0.00015407962863774326
15,dimuon,0.001,1300,3.838600249955365e-05,0.00015407962863774326
15,dimuon,0.001,1301,3.838600249955365e-05,0.00015407962863774326
15,dimuon,0.001,1302,3.838600249955365e-05,0.00015407962863774326
15,dimuon,0.001,1303,3.838600249955365e-05,0.00015407962863774326
15,dimuon,0.001,1304,3.838600249955365e-05,0.00015407962863774326
15,dimuon,0.001,1305,3.838600249955365e-05,0.00015407962863774326
15,dimuon,0.001,1306,3.838600249955365e-05,0.00015407962863774326
15,dimuon,0.001,1307,3.838600249955365e-05,0.00015407962863774326
15,dimuon,0.001,1308,3.838600249955365e-05,0.00015407962863774326
15,dimuon,0.001,1309,3.838600249955365e-05,0.00015407962863774326
15,dimuon,0.001,1310,3.838600249955365e-05,0.00015407962863774326
15,dimuon,0.001,1311,3.838600249955365e-05,0.00015407962863774326
15,dimuon,0.001,1312,3.838600249955365e-05,0.00015407962863774326
15,dimuon,0.001,1313,3.838600249955365e-05,0.00015407962863774326
15,dimuon,0.001,1314,3.838600249955365e-05,0.00015407962863774326
15,dimuon,0.001,1315,3.838600249955365e-05,0.00015407962863774326
15,dimuon,0.001,1316,3.838600249955365e-05,0.00014729512587038029
15,dimuon,0.001,1317,3.838600249955365e-05,0.00014015354400999822
15,dimuon,0.001,1318,3.838600249955365e-05,0.00010855204427780754
15,dimuon,0.001,1326,3.838600249955365e-05,8.391358685948938e-05
15,dimuon,0.001,1327,3.838600249955365e-05,0.00011765756114979468
15,dimuon,0.001,1328,3.838600249955365e-05,0.00014408141403320836
15,dimuon,0.001,1329,3.838600249955365e-05,0.0001539010890912337
15,dimuon,0.001,1330,3.838600249955365e-05,0.00015407962863774326
15,dimuon,0.001,1331,3.838600249955365e-05,0.00015407962863774326
15,dimuon,0.001,1332,3.838600249955365e-05,0.00015407962863774326
15,dimuon,0.001,1333,3.838600249955365e-05,0.00015407962863774326
15,dimuon,0.001,1334,3.838600249955365e-05,0.00015407962863774326
15,dimuon,0.001,1335,3.838600249955365e-05,0.00015407962863774326
15,dimuon,0.001,1336,3.838600249955365e-05,0.00015407962863774326
15,dimuon,0.001,1337,3.838600249955365e-05,0.00015407962863774326
15,dimuon,0.001,1338,3.838600249955365e-05,0.00015407962863774326
15,dimuon,0.001,1339,3.838600249955365e-05,0.00015407962863774326
15,dimuon,0.001,1340,3.838600249955365e-05,0.00015407962863774326
15,dimuon,0.001,1341,3.838600249955365e-05,0.00015407962863774326
15,dimuon,0.001,1342,3.838600249955365e-05,0.00015407962863774326
15,dimuon,0.001,1343,3.838600249955365e-05,0.00015407962863774326
15,dimuon,0.001,1344,3.838600249955365e-05,0.00015407962863774326
15,dimuon,0.001,1345,3.838600249955365e-05,0.00015407962863774326
15,dimuon,0.001,1346,3.838600249955365e-05,0.00015407962863774326
15,dimuon,0.001,1347,3.838600249955365e-05,0.00015407962863774326
15,dimuon,0.001,1348,3.838600249955365e-05,0.00015407962863774326
15,dimuon,0.001,1349,3.838600249955365e-05,0.00015407962863774326
15,dimuon,0.001,1350,3.838600249955365e-05,0.00015407962863774326
15,dimuon,0.001,1351,3.838600249955365e-05,0.00015407962863774326
15,dimuon,0.001,1352,3.838600249955365e-05,0.00015407962863774326
15,dimuon,0.001,1353,3.838600249955365e-05,0.00015407962863774326
15,dimuon,0.001,1354,3.838600249955365e-05,0.00015407962863774326
15,dimuon,0.001,1355,3.838600249955365e-05,0.00015407962863774326
15,dimuon,0.001,1356,3.838600249955365e-05,0.00015407962863774326
15,dimuon,0.001,1357,3.838600249955365e-05,0.00015407962863774326
15,dimuon,0.001,1358,3.838600249955365e-05,0.00015407962863774326
15,dimuon,0.001,1359,3.838600249955365e-05,0.00014729512587038029
15,dimuon,0.001,1360,3.838600249955365e-05,0.00014015354400999822
15,dimuon,0.001,1361,3.838600249955365e-05,0.00010855204427780754
15,dimuon,0.001,1871,3.838600249955365e-05,3.838600249955365e-05
15,dimuon,0.001,2090,3.838600249955365e-05,8.391358685948938e-05
15,dimuon,0.001,2091,3.838600249955365e-05,0.00011765756114979468
15,dimuon,0.001,2092,3.838600249955365e-05,0.00014408141403320836
15,dimuon,0.001,2093,3.838600249955365e-05,0.0001539010890912337
15,dimuon,0.001,2094,3.838600249955365e-05,0.00015407962863774326
15,dimuon,0.001,2095,3.838600249955365e-05,0.00014729512587038029
15,dimuon,0.001,2096,3.838600249955365e-05,0.00014015354400999822
15,dimuon,0.001,2097,3.838600249955365e-05,0.00010855204427780754
15,dimuon,0.001,2102,3.838600249955365e-05,8.391358685948938e-05
15,dimuon,0.001,2103,3.838600249955365e-05,0.00011765756114979468
15,dimuon,0.001,2104,3.838600249955365e-05,0.00014408141403320836
15,dimuon,0.001,2105,3.838600249955365e-05,0.0001539010890912337
15,dimuon,0.001,2106,3.838600249955365e-05,0.00015407962863774326
15,dimuon,0.001,2107,3.838600249955365e-05,0.00014729512587038029
15,dimuon,0.001,2108,3.838600249955365e-05,0.00014015354400999822
15,dimuon,0.001,2109,3.838600249955365e-05,0.00010855204427780754
15,dimuon,0.001,2114,3.838600249955365e-05,8.391358685948938e-05
15,dimuon,0.001,2115,3.838600249955365e-05,0.00011765756114979468
15,dimuon,0.001,2116,3.838600249955365e-05,0.00014408141403320836
15,dimuon,0.001,2117,3.838600249955365e-05,0.0001539010890912337
15,dimuon,0.001,2118,3.838600249955365e-05,0.00015407962863774326
15,dimuon,0.001,2119,3.838600249955365e-05,0.00014729512587038029
15,dimuon,0.001,2120,3.838600249955365e-05,0.00014015354400999822
15,dimuon,0.001,2121,3.838600249955365e-05,0.00010855204427780754
15,dimuon,0.001,2126,3.838600249955365e-05,8.391358685948938e-05
15,dimuon,0.001,2127,3.838600249955365e-05,0.00011765756114979468
15,dimuon,0.001,2128,3.838600249955365e-05,0.00014408141403320836
15,dimuon,0.001,2129,3.838600249955365e-05,0.0001539010890912337
15,dimuon,0.001,2130,3.838600249955365e-05,0.00015407962863774326
15,dimuon,0.001,2131,3.838600249955365e-05,0.00014729512587038029
15,dimuon,0.001,2132,3.838600249955365e-05,0.00014015354400999822
15,dimuon,0.001,2133,3.838600249955365e-05,0.00010855204427780754
15,dimuon,0.001,2138,3.838600249955365e-05,8.391358685948938e-05
15,dimuon,0.001,2139,3.838600249955365e-05,0.00011765756114979468
15,dimuon,0.001,2140,3.838600249955365e-05,0.00014408141403320836
15,dimuon,0.001,2141,3.838600249955365e-05,0.0001539010890912337
15,dimuon,0.001,2142,3.838600249955365e-05,0.00015407962863774326
15,dimuon,0.001,2143,3.838600249955365e-05,0.00014729512587038029
15,dimuon,0.001,2144,3.838600249955365e-05,0.00014015354400999822
15,dimuon,0.001,2145,3.838600249955365e-05,0.00010855204427780754
15,dimuon,0.001,2150,3.838600249955365e-05,8.391358685948938e-05
15,dimuon,0.001,2151,3.838600249955365e-05,0.00011765756114979468
15,dimuon,0.001,2152,3.838600249955365e-05,0.00014408141403320836
15,dimuon,0.001,2153,3.838600249955365e-05,0.0001539010890912337
15,dimuon,0.001,2154,3.838600249955365e-05,0.00015407962863774326
15,dimuon,0.001,2155,3.838600249955365e-05,0.00014729512587038029
15,dimuon,0.001,2156,3.838600249955365e-05,0.00014015354400999822
15,dimuon,0.001,2157,3.838600249955365e-05,0.00010855204427780754
15,dimuon,0.001,2162,3.838600249955365e-05,8.391358685948938e-05
15,dimuon,0.001,2163,3.838600249955365e-05,0.00011765756114979468
15,dimuon,0.001,2164,3.838600249955365e-05,0.00014408141403320836
15,dimuon,0.001,2165,3.838600249955365e-05,0.0001539010890912337
15,dimuon,0.001,2166,3.838600249955365e-05,0.00015407962863774326
15,dimuon,0.001,2167,3.838600249955365e-05,0.00014729512587038029
15,dimuon,0.001,2168,3.838600249955365e-05,0.00014015354400999822
15,dimuon,0.001,2169,3.838600249955365e-05,0.00010855204427780754
15,dimuon,0.001,2177,3.838600249955365e-05,8.391358685948938e-05
15,dimuon,0.001,2178,3.838600249955365e-05,0.00011765756114979468
15,dimuon,0.001,2179,3.838600249955365e-05,0.00014408141403320836
15,dimuon,0.001,2180,3.838600249955365e-05,0.0001539010890912337
15,dimuon,0.001,2181,3.838600249955365e-05,0.00015407962863774326
15,dimuon,0.001,2182,3.838600249955365e-05,0.00015407962863774326
15,dimuon,0.001,2183,3.838600249955365e-05,0.00015407962863774326
15,dimuon,0.001,2184,3.838600249955365e-05,0.00015407962863774326
15,dimuon,0.001,2185,3.838600249955365e-05,0.00015407962863774326
15,dimuon,0.001,2186,3.838600249955365e-05,0.00015407962863774326
15,dimuon,0.001,2187,3.838600249955365e-05,0.00015407962863774326
15,dimuon,0.001,2188,3.838600249955365e-05,0.00015407962863774326
15,dimuon,0.001,2189,3.838600249955365e-05,0.00015407962863774326
15,dimuon,0.001,2190,3.838600249955365e-05,0.00015407962863774326
15,dimuon,0.001,2191,3.838600249955365e-05,0.00015407962863774326
15,dimuon,0.001,2192,3.838600249955365e-05,0.00015407962863774326
15,dimuon,0.001,2193,3.838600249955365e-05,0.00015407962863774326
15,dimuon,0.001,2194,3.838600249955365e-05,0.00015407962863774326
15,dimuon,0.001,2195,3.838600249955365e-05,0.00015407962863774326
15,dimuon,0.001,2196,3.838600249955365e-05,0.00015407962863774326
15,dimuon,0.001,2197,3.838600249955365e-05,0.00015407962863774326
15,dimuon,0.001,2198,3.838600249955365e-05,0.00015407962863774326
15,dimuon,0.001,2199,3.838600249955365e-05,0.00015407962863774326
15,dimuon,0.001,2200,3.838600249955365e-05,0.00015407962863774326
15,dimuon,0.001,2201,3.838600249955365e-05,0.00015407962863774326
15,dimuon,0.001,2202,3.838600249955365e-05,0.00015407962863774326
15,dimuon,0.001,2203,3.838600249955365e-05,0.00015407962863774326
15,dimuon,0.001,2204,3.838600249955365e-05,0.00015407962863774326
15,dimuon,0.001,2205,3.838600249955365e-05,0.00015407962863774326
15,dimuon,0.001,2206,3.838600249955365e-05,0.00015407962863774326
15,dimuon,0.001,2207,3.838600249955365e-05,0.00015407962863774326
15,dimuon,0.001,2208,3.838600249955365e-05,0.00015407962863774326
15,dimuon,0.001,2209,3.838600249955365e-05,0.00015407962863774326
15,dimuon,0.001,2210,3.838600249955365e-05,0.00014729512587038029
15,dimuon,0.001,2211,3.838600249955365e-05,0.00014015354400999822
15,dimuon,0.001,2212,3.838600249955365e-05,0.00010855204427780754
15,dimuon,0.001,2220,3.838600249955365e-05,8.391358685948938e-05
15,dimuon,0.001,2221,3.838600249955365e-05,0.00011765756114979468
15,dimuon,0.001,2222,3.838600249955365e-05,0.00014408141403320836
15,dimuon,0.001,2223,3.838600249955365e-05,0.0001539010890912337
15,dimuon,0.001,2224,3.838600249955365e-05,0.00015407962863774326
15,dimuon,0.001,2225,3.838600249955365e-05,0.00015407962863774326
15,dimuon,0.001,2226,3.838600249955365e-05,0.00015407962863774326
15,dimuon,0.001,2227,3.838600249955365e-05,0.00015407962863774326
15,dimuon,0.001,2228,3.838600249955365e-05,0.00015407962863774326
15,dimuon,0.001,2229,3.838600249955365e-05,0.00015407962863774326
15,dimuon,0.001,2230,3.838600249955365e-05,0.00015407962863774326
15,dimuon,0.001,2231,3.838600249955365e-05,0.00015407962863774326
15,dimuon,0.001,2232,3.838600249955365e-05,0.00015407962863774326
15,dimuon,0.001,2233,3.838600249955365e-05,0.00015407962863774326
15,dimuon,0.001,2234,3.838600249955365e-05,0.00015407962863774326
15,dimuon,0.001,2235,3.838600249955365e-05,0.00015407962863774326
15,dimuon,0.001,2236,3.838600249955365e-05,0.00015407962863774326
15,dimuon,0.001,2237,3.838600249955365e-05,0.00015407962863774326
15,dimuon,0.001,2238,3.838600249955365e-05,0.00015407962863774326
15,dimuon,0.001,2239,3.838600249955365e-05,0.00015407962863774326
15,dimuon,0.001,2240,3.838600249955365e-05,0.00015407962863774326
15,dimuon,0.001,2241,3.838600249955365e-05,0.00015407962863774326
15,dimuon,0.001,2242,3.838600249955365e-05,0.00015407962863774326
15,dimuon,0.001,2243,3.838600249955365e-05,0.00015407962863774326
15,dimuon,0.001,2244,3.838600249955365e-05,0.00015407962863774326
15,dimuon,0.001,2245,3.838600249955365e-05,0.00015407962863774326
15,dimuon,0.001,2246,3.838600249955365e-05,0.00015407962863774326
15,dimuon,0.001,2247,3.838600249955365e-05,0.00015407962863774326
15,dimuon,0.001,2248,3.838600249955365e-05,0.00015407962863774326
15,dimuon,0.001,2249,3.838600249955365e-05,0.00015407962863774326
15,dimuon,0.001,2250,3.838600249955365e-05,0.00015407962863774326
15,dimuon,0.001,2251,3.838600249955365e-05,0.00015407962863774326
15,dimuon,0.001,2252,3.838600249955365e-05,0.00015407962863774326
15,dimuon,0.001,2253,3.838600249955365e-05,0.00014729512587038029
15,dimuon,0.001,2254,3.838600249955365e-05,0.00014015354400999822
15,dimuon,0.001,2255,3.838600249955365e-05,0.00010855204427780754
15,dimuon,0.01,1,0,0
15,dimuon,0.01,2,0,0
15,dimuon,0.01,3,0,0
15,dimuon,0.01,4,0,0
15,dimuon,0.01,5,0,0
15,dimuon,0.01,6,0,0
15,dimuon,0.01,7,0,0
15,dimuon,0.01,8,0,0
15,dimuon,0.01,9,0,0
15,dimuon,0.01,10,0,0
15,dimuon,0.01,11,0,0
15,dimuon,0.01,12,0,0
15,dimuon,0.01,86,0.0003838600249955365,0.0003838600249955365
15,dimuon,0.01,302,0.0003838600249955365,0.0008391358685948937
15,dimuon,0.01,303,0.0003838600249955365,0.001176575611497947
15,dimuon,0.01,304,0.0003838600249955365,0.0014408141403320835
15,dimuon,0.01,305,0.0003838600249955365,0.0015390108909123371
15,dimuon,0.01,306,0.0003838600249955365,0.0015407962863774325
15,dimuon,0.01,307,0.0003838600249955365,0.0014729512587038029
15,dimuon,0.01,308,0.0003838600249955365,0.001401535440099982
15,dimuon,0.01,309,0.0003838600249955365,0.0010855204427780752
15,dimuon,0.01,314,0.0003838600249955365,0.0008391358685948937
15,dimuon,0.01,315,0.0003838600249955365,0.001176575611497947
15,dimuon,0.01,316,0.0003838600249955365,0.0014408141403320835
15,dimuon,0.01,317,0.0003838600249955365,0.0015390108909123371
15,dimuon,0.01,318,0.0003838600249955365,0.0015407962863774325
15,dimuon,0.01,319,0.0003838600249955365,0.0014729512587038029
15,dimuon,0.01,320,0.0003838600249955365,0.001401535440099982
15,dimuon,0.01,321,0.0003838600249955365,0.0010855204427780752
15,dimuon,0.01,326,0.0003838600249955365,0.0008391358685948937
15,dimuon,0.01,327,0.0003838600249955365,0.001176575611497947
15,dimuon,0.01,328,0.0003838600249955365,0.0014408141403320835
15,dimuon,0.01,329,0.0003838600249955365,0.0015390108909123371
15,dimuon,0.01,330,0.0003838600249955365,0.0015407962863774325
15,dimuon,0.01,331,0.0003838600249955365,0.0014729512587038029
15,dimuon,0.01,332,0.0003838600249955365,0.001401535440099982
15,dimuon,0.01,333,0.0003838600249955365,0.0010855204427780752
15,dimuon,0.01,338,0.0003838600249955365,0.0008391358685948937
15,dimuon,0.01,339,0.0003838600249955365,0.001176575611497947
15,dimuon,0.01,340,0.0003838600249955365,0.0014408141403320835
15,dimuon,0.01,341,0.0003838600249955365,0.0015390108909123371
15,dimuon,0.01,342,0.0003838600249955365,0.0015407962863774325
15,dimuon,0.01,343,0.0003838600249955365,0.0014729512587038029
15,dimuon,0.01,344,0.0003838600249955365,0.001401535440099982
15,dimuon,0.01,345,0.0003838600249955365,0.0010855204427780752
15,dimuon,0.01,350,0.0003838600249955365,0.0008391358685948937
15,dimuon,0.01,351,0.0003838600249955365,0.001176575611497947
15,dimuon,0.01,352,0.0003838600249955365,0.0014408141403320835
15,dimuon,0.01,353,0.0003838600249955365,0.0015390108909123371
15,dimuon,0.01,354,0.0003838600249955365,0.0015407962863774325
15,dimuon,0.01,355,0.0003838600249955365,0.0014729512587038029
15,dimuon,0.01,356,0.0003838600249955365,0.001401535440099982
15,dimuon,0.01,357,0.0003838600249955365,0.0010855204427780752
15,dimuon,0.01,362,0.0003838600249955365,0.0008391358685948937
15,dimuon,0.01,363,0.0003838600249955365,0.001176575611497947
15,dimuon,0.01,364,0.0003838600249955365,0.0014408141403320835
15,dimuon,0.01,365,0.0003838600249955365,0.0015390108909123371
15,dimuon,0.01,366,0.0003838600249955365,0.0015407962863774325
15,dimuon,0.01,367,0.0003838600249955365,0.0014729512587038029
15,dimuon,0.01,368,0.0003838600249955365,0.001401535440099982
15,dimuon,0.01,369,0.0003838600249955365,0.0010855204427780752
15,dimuon,0.01,374,0.0003838600249955365,0.0008391358685948937
15,dimuon,0.01,375,0.0003838600249955365,0.001176575611497947
15,dimuon,0.01,376,0.0003838600249955365,0.0014408141403320835
15,dimuon,0.01,377,0.0003838600249955365,0.0015390108909123371
15,dimuon,0.01,378,0.0003838600249955365,0.0015407962863774325
15,dimuon,0.01,379,0.0003838600249955365,0.0014729512587038029
15,dimuon,0.01,380,0.0003838600249955365,0.001401535440099982
15,dimuon,0.01,381,0.0003838600249955365,0.0010855204427780752
15,dimuon,0.01,389,0.0003838600249955365,0.0008391358685948937
15,dimuon,0.01,390,0.0003838600249955365,0.001176575611497947
15,dimuon,0.01,391,0.0003838600249955365,0.0014408141403320835
15,dimuon,0.01,392,0.0003838600249955365,0.0015390108909123371
15,dimuon,0.01,393,0.0003838600249955365,0.0015407962863774325
15,dimuon,0.01,394,0.0003838600249955365,0.0015407962863774325
15,dimuon,0.01,395,0.0003838600249955365,0.0015407962863774325
15,dimuon,0.01,396,0.0003838600249955365,0.0015407962863774325
15,dimuon,0.01,397,0.0003838600249955365,0.0015407962863774325
15,dimuon,0.01,398,0.0003838600249955365,0.0015407962863774325
15,dimuon,0.01,399,0.0003838600249955365,0.0015407962863774325
15,dimuon,0.01,400,0.0003838600249955365,0.0015407962863774325
15,dimuon,0.01,401,0.0003838600249955365,0.0015407962863774325
15,dimuon,0.01,402,0.0003838600249955365,0.0015407962863774325
15,dimuon,0.01,403,0.0003838600249955365,0.0015407962863774325
15,dimuon,0.01,404,0.0003838600249955365,0.0015407962863774325
15,dimuon,0.01,405,0.0003838600249955365,0.0015407962863774325
15,dimuon,0.01,406,0.0003838600249955365,0.0015407962863774325
15,dimuon,0.01,407,0.0003838600249955365,0.0015407962863774325
15,dimuon,0.01,408,0.0003838600249955365,0.0015407962863774325
15,dimuon,0.01,409,0.0003838600249955365,0.0015407962863774325
15,dimuon,0.01,410,0.0003838600249955365,0.0015407962863774325
15,dimuon,0.01,411,0.0003838600249955365,0.0015407962863774325
15,dimuon,0.01,412,0.0003838600249955365,0.0015407962863774325
15,dimuon,0.01,413,0.0003838600249955365,0.0015407962863774325
15,dimuon,0.01,414,0.0003838600249955365,0.0015407962863774325
15,dimuon,0.01,415,0.0003838600249955365,0.0015407962863774325
15,dimuon,0.01,416,0.0003838600249955365,0.0015407962863774325
15,dimuon,0.01,417,0.0003838600249955365,0.0015407962863774325
15,dimuon,0.01,418,0.0003838600249955365,0.0015407962863774325
15,dimuon,0.01,419,0.0003838600249955365,0.0015407962863774325
15,dimuon,0.01,420,0.0003838600249955365,0.0015407962863774325
15,dimuon,0.01,421,0.0003838600249955365,0.0015407962863774325
15,dimuon,0.01,422,0.0003838600249955365,0.0014729512587038029
15,dimuon,0.01,423,0.0003838600249955365,0.001401535440099982
15,dimuon,0.01,424,0.0003838600249955365,0.0010855204427780752
15,dimuon,0.01,432,0.0003838600249955365,0.0008391358685948937
15,dimuon,0.01,433,0.0003838600249955365,0.001176575611497947
15,dimuon,0.01,434,0.0003838600249955365,0.0014408141403320835
15,dimuon,0.01,435,0.0003838600249955365,0.0015390108909123371
15,dimuon,0.01,436,0.0003838600249955365,0.0015407962863774325
15,dimuon,0.01,437,0.0003838600249955365,0.0015407962863774325
15,dimuon,0.01,438,0.0003838600249955365,0.0015407962863774325
15,dimuon,0.01,439,0.0003838600249955365,0.0015407962863774325
15,dimuon,0.01,440,0.0003838600249955365,0.0015407962863774325
15,dimuon,0.01,441,0.0003838600249955365,0.0015407962863774325
15,dimuon,0.01,442,0.0003838600249955365,0.0015407962863774325
15,dimuon,0.01,443,0.0003838600249955365,0.0015407962863774325
15,dimuon,0.01,444,0.0003838600249955365,0.0015407962863774325
15,dimuon,0.01,445,0.0003838600249955365,0.0015407962863774325
15,dimuon,0.01,446,0.0003838600249955365,0.0015407962863774325
15,dimuon,0.01,447,0.0003838600249955365,0.0015407962863774325
15,dimuon,0.01,448,0.0003838600249955365,0.0015407962863774325
15,dimuon,0.01,449,0.0003838600249955365,0.0015407962863774325
15,dimuon,0.01,450,0.0003838600249955365,0.0015407962863774325
15,dimuon,0.01,451,0.0003838600249955365,0.0015407962863774325
15,dimuon,0.01,452,0.0003838600249955365,0.0015407962863774325
15,dimuon,0.01,453,0.0003838600249955365,0.0015407962863774325
15,dimuon,0.01,454,0.0003838600249955365,0.0015407962863774325
15,dimuon,0.01,455,0.0003838600249955365,0.0015407962863774325
15,dimuon,0.01,456,0.0003838600249955365,0.0015407962863774325
15,dimuon,0.01,457,0.0003838600249955365,0.0015407962863774325
15,dimuon,0.01,458,0.0003838600249955365,0.0015407962863774325
15,dimuon,0.01,459,0.0003838600249955365,0.0015407962863774325
15,dimuon,0.01,460,0.0003838600249955365,0.0015407962863774325
15,dimuon,0.01,461,0.0003838600249955365,0.0015407962863774325
15,dimuon,0.01,462,0.0003838600249955365,0.0015407962863774325
15,dimuon,0.01,463,0.0003838600249955365,0.0015407962863774325
15,dimuon,0.01,464,0.0003838600249955365,0.0015407962863774325
15,dimuon,0.01,465,0.0003838600249955365,0.0014729512587038029
15,dimuon,0.01,466,0.0003838600249955365,0.001401535440099982
15,dimuon,0.01,467,0.0003838600249955365,0.0010855204427780752
15,dimuon,0.01,977,0,0
15,dimuon,0.01,1196,0.0003838600249955365,0.0008391358685948937
15,dimuon,0.01,1197,0.0003838600249955365,0.001176575611497947
15,dimuon,0.01,1198,0.0003838600249955365,0.0014408141403320835
15,dimuon,0.01,1199,0.0003838600249955365,0.0015390108909123371
15,dimuon,0.01,1200,0.0003838600249955365,0.0015407962863774325
15,dimuon,0.01,1201,0.0003838600249955365,0.0014729512587038029
15,dimuon,0.01,1202,0.0003838600249955365,0.001401535440099982
15,dimuon,0.01,1203,0.0003838600249955365,0.0010855204427780752
15,dimuon,0.01,1208,0.0003838600249955365,0.0008391358685948937
15,dimuon,0.01,1209,0.0003838600249955365,0.001176575611497947
15,dimuon,0.01,1210,0.0003838600249955365,0.0014408141403320835
15,dimuon,0.01,1211,0.0003838600249955365,0.0015390108909123371
15,dimuon,0.01,1212,0.0003838600249955365,0.0015407962863774325
15,dimuon,0.01,1213,0.0003838600249955365,0.0014729512587038029
15,dimuon,0.01,1214,0.0003838600249955365,0.001401535440099982
15,dimuon,0.01,1215,0.0003838600249955365,0.0010855204427780752
15,dimuon,0.01,1220,0.0003838600249955365,0.0008391358685948937
15,dimuon,0.01,1221,0.0003838600249955365,0.001176575611497947
15,dimuon,0.01,1222,0.0003838600249955365,0.0014408141403320835
15,dimuon,0.01,1223,0.0003838600249955365,0.0015390108909123371
15,dimuon,0.01,1224,0.0003838600249955365,0.0015407962863774325
15,dimuon,0.01,1225,0.0003838600249955365,0.0014729512587038029
15,dimuon,0.01,1226,0.0003838600249955365,0.001401535440099982
15,dimuon,0.01,1227,0.0003838600249955365,0.0010855204427780752
15,dimuon,0.01,1232,0.0003838600249955365,0.0008391358685948937
15,dimuon,0.01,1233,0.0003838600249955365,0.001176575611497947
15,dimuon,0.01,1234,0.0003838600249955365,0.0014408141403320835
15,dimuon,0.01,1235,0.0003838600249955365,0.0015390108909123371
15,dimuon,0.01,1236,0.0003838600249955365,0.0015407962863774325
15,dimuon,0.01,1237,0.0003838600249955365,0.0014729512587038029
15,dimuon,0.01,1238,0.0003838600249955365,0.001401535440099982
15,dimuon,0.01,1239,0.0003838600249955365,0.0010855204427780752
15,dimuon,0.01,1244,0.0003838600249955365,0.0008391358685948937
15,dimuon,0.01,1245,0.0003838600249955365,0.001176575611497947
15,dimuon,0.01,1246,0.0003838600249955365,0.0014408141403320835
15,dimuon,0.01,1247,0.0003838600249955365,0.0015390108909123371
15,dimuon,0.01,1248,0.0003838600249955365,0.0015407962863774325
15,dimuon,0.01,1249,0.0003838600249955365,0.0014729512587038029
15,dimuon,0.01,1250,0.0003838600249955365,0.001401535440099982
15,dimuon,0.01,1251,0.0003838600249955365,0.0010855204427780752
15,dimuon,0.01,1256,0.0003838600249955365,0.0008391358685948937
15,dimuon,0.01,1257,0.0003838600249955365,0.001176575611497947
15,dimuon,0.01,1258,0.0003838600249955365,0.0014408141403320835
15,dimuon,0.01,1259,0.0003838600249955365,0.0015390108909123371
15,dimuon,0.01,1260,0.0003838600249955365,0.0015407962863774325
15,dimuon,0.01,1261,0.0003838600249955365,0.0014729512587038029
15,dimuon,0.01,1262,0.0003838600249955365,0.001401535440099982
15,dimuon,0.01,1263,0.0003838600249955365,0.0010855204427780752
15,dimuon,0.01,1268,0.0003838600249955365,0.0008391358685948937
15,dimuon,0.01,1269,0.0003838600249955365,0.001176575611497947
15,dimuon,0.01,1270,0.0003838600249955365,0.0014408141403320835
15,dimuon,0.01,1271,0.0003838600249955365,0.0015390108909123371
15,dimuon,0.01,1272,0.0003838600249955365,0.0015407962863774325
15,dimuon,0.01,1273,0.0003838600249955365,0.0014729512587038029
15,dimuon,0.01,1274,0.0003838600249955365,0.001401535440099982
15,dimuon,0.01,1275,0.0003838600249955365,0.0010855204427780752
15,dimuon,0.01,1283,0.0003838600249955365,0.0008391358685948937
15,dimuon,0.01,1284,0.0003838600249955365,0.001176575611497947
15,dimuon,0.01,1285,0.0003838600249955365,0.0014408141403320835
15,dimuon,0.01,1286,0.0003838600249955365,0.0015390108909123371
15,dimuon,0.01,1287,0.0003838600249955365,0.0015407962863774325
15,dimuon,0.01,1288,0.0003838600249955365,0.0015407962863774325
15,dimuon,0.01,1289,0.0003838600249955365,0.0015407962863774325
15,dimuon,0.01,1290,0.0003838600249955365,0.0015407962863774325
15,dimuon,0.01,1291,0.0003838600249955365,0.0015407962863774325
15,dimuon,0.01,1292,0.0003838600249955365,0.0015407962863774325
15,dimuon,0.01,1293,0.0003838600249955365,0.0015407962863774325
15,dimuon,0.01,1294,0.0003838600249955365,0.0015407962863774325
15,dimuon,0.01,1295,0.0003838600249955365,0.0015407962863774325
15,dimuon,0.01,1296,0.0003838600249955365,0.0015407962863774325
15,dimuon,0.01,1297,0.0003838600249955365,0.0015407962863774325
15,dimuon,0.01,1298,0.0003838600249955365,0.0015407962863774325
15,dimuon,0.01,1299,0.0003838600249955365,0.0015407962863774325
15,dimuon,0.01,1300,0.0003838600249955365,0.0015407962863774325
15,dimuon,0.01,1301,0.0003838600249955365,0.0015407962863774325
15,dimuon,0.01,1302,0.0003838600249955365,0.0015407962863774325
15,dimuon,0.01,1303,0.0003838600249955365,0.0015407962863774325
15,dimuon,0.01,1304,0.0003838600249955365,0.0015407962863774325
15,dimuon,0.01,1305,0.0003838600249955365,0.0015407962863774325
15,dimuon,0.01,1306,0.0003838600249955365,0.0015407962863774325
15,dimuon,0.01,1307,0.0003838600249955365,0.0015407962863774325
15,dimuon,0.01,1308,0.0003838600249955365,0.0015407962863774325
15,dimuon,0.01,1309,0.0003838600249955365,0.0015407962863774325
15,dimuon,0.01,1310,0.0003838600249955365,0.0015407962863774325
15,dimuon,0.01,1311,0.0003838600249955365,0.0015407962863774325
15,dimuon,0.01,1312,0.0003838600249955365,0.0015407962863774325
15,dimuon,0.01,1313,0.0003838600249955365,0.0015407962863774325
15,dimuon,0.01,1314,0.0003838600249955365,0.0015407962863774325
15,dimuon,0.01,1315,0.0003838600249955365,0.0015407962863774325
15,dimuon,0.01,1316,0.0003838600249955365,0.0014729512587038029
15,dimuon,0.01,1317,0.0003838600249955365,0.001401535440099982
15,dimuon,0.01,1318,0.0003838600249955365,0.0010855204427780752
15,dimuon,0.01,1326,0.0003838600249955365,0.0008391358685948937
15,dimuon,0.01,1327,0.0003838600249955365,0.001176575611497947
15,dimuon,0.01,1328,0.0003838600249955365,0.0014408141403320835
15,dimuon,0.01,1329,0.0003838600249955365,0.0015390108909123371
15,dimuon,0.01,1330,0.0003838600249955365,0.0015407962863774325
15,dimuon,0.01,1331,0.0003838600249955365,0.0015407962863774325
15,dimuon,0.01,1332,0.0003838600249955365,0.0015407962863774325
15,dimuon,0.01,1333,0.0003838600249955365,0.0015407962863774325
15,dimuon,0.01,1334,0.0003838600249955365,0.0015407962863774325
15,dimuon,0.01,1335,0.0003838600249955365,0.0015407962863774325
15,dimuon,0.01,1336,0.0003838600249955365,0.0015407962863774325
15,dimuon,0.01,1337,0.0003838600249955365,0.0015407962863774325
15,dimuon,0.01,1338,0.0003838600249955365,0.0015407962863774325
15,dimuon,0.01,1339,0.0003838600249955365,0.0015407962863774325
15,dimuon,0.01,1340,0.0003838600249955365,0.0015407962863774325
15,dimuon,0.01,1341,0.0003838600249955365,0.0015407962863774325
15,dimuon,0.01,1342,0.0003838600249955365,0.0015407962863774325
15,dimuon,0.01,1343,0.0003838600249955365,0.0015407962863774325
15,dimuon,0.01,1344,0.0003838600249955365,0.0015407962863774325
15,dimuon,0.01,1345,0.0003838600249955365,0.0015407962863774325
15,dimuon,0.01,1346,0.0003838600249955365,0.0015407962863774325
15,dimuon,0.01,1347,0.0003838600249955365,0.0015407962863774325
15,dimuon,0.01,1348,0.0003838600249955365,0.0015407962863774325
15,dimuon,0.01,1349,0.0003838600249955365,0.0015407962863774325
15,dimuon,0.01,1350,0.0003838600249955365,0.0015407962863774325
15,dimuon,0.01,1351,0.0003838600249955365,0.0015407962863774325
15,dimuon,0.01,1352,0.0003838600249955365,0.0015407962863774325
15,dimuon,0.01,1353,0.0003838600249955365,0.0015407962863774325
15,dimuon,0.01,1354,0.0003838600249955365,0.0015407962863774325
15,dimuon,0.01,1355,0.0003838600249955365,0.0015407962863774325
15,dimuon,0.01,1356,0.0003838600249955365,0.0015407962863774325
15,dimuon,0.01,1357,0.0003838600249955365,0.0015407962863774325
15,dimuon,0.01,1358,0.0003838600249955365,0.0015407962863774325
15,dimuon,0.01,1359,0.0003838600249955365,0.0014729512587038029
15,dimuon,0.01,1360,0.0003838600249955365,0.001401535440099982
15,dimuon,0.01,1361,0.0003838600249955365,0.0010855204427780752
15,dimuon,0.01,1871,0.0003838600249955365,0.0003838600249955365
15,dimuon,0.01,2090,0.0003838600249955365,0.0008391358685948937
15,dimuon,0.01,2091,0.0003838600249955365,0.001176575611497947
15,dimuon,0.01,2092,0.0003838600249955365,0.0014408141403320835
15,dimuon,0.01,2093,0.0003838600249955365,0.0015390108909123371
15,dimuon,0.01,2094,0.0003838600249955365,0.0015407962863774325
15,dimuon,0.01,2095,0.0003838600249955365,0.0014729512587038029
15,dimuon,0.01,2096,0.0003838600249955365,0.001401535440099982
15,dimuon,0.01,2097,0.0003838600249955365,0.0010855204427780752
15,dimuon,0.01,2102,0.0003838600249955365,0.0008391358685948937
15,dimuon,0.01,2103,0.0003838600249955365,0.001176575611497947
15,dimuon,0.01,2104,0.0003838600249955365,0.0014408141403320835
15,dimuon,0.01,2105,0.0003838600249955365,0.0015390108909123371
15,dimuon,0.01,2106,0.0003838600249955365,0.0015407962863774325
15,dimuon,0.01,2107,0.0003838600249955365,0.0014729512587038029
15,dimuon,0.01,2108,0.0003838600249955365,0.001401535440099982
15,dimuon,0.01,2109,0.0003838600249955365,0.0010855204427780752
15,dimuon,0.01,2114,0.0003838600249955365,0.0008391358685948937
15,dimuon,0.01,2115,0.0003838600249955365,0.001176575611497947
15,dimuon,0.01,2116,0.0003838600249955365,0.0014408141403320835
15,dimuon,0.01,2117,0.0003838600249955365,0.0015390108909123371
15,dimuon,0.01,2118,0.0003838600249955365,0.0015407962863774325
15,dimuon,0.01,2119,0.0003838600249955365,0.0014729512587038029
15,dimuon,0.01,2120,0.0003838600249955365,0.001401535440099982
15,dimuon,0.01,2121,0.0003838600249955365,0.0010855204427780752
15,dimuon,0.01,2126,0.0003838600249955365,0.0008391358685948937
15,dimuon,0.01,2127,0.0003838600249955365,0.001176575611497947
15,dimuon,0.01,2128,0.0003838600249955365,0.0014408141403320835
15,dimuon,0.01,2129,0.0003838600249955365,0.0015390108909123371
15,dimuon,0.01,2130,0.0003838600249955365,0.0015407962863774325
15,dimuon,0.01,2131,0.0003838600249955365,0.0014729512587038029
15,dimuon,0.01,2132,0.0003838600249955365,0.001401535440099982
15,dimuon,0.01,2133,0.0003838600249955365,0.0010855204427780752
15,dimuon,0.01,2138,0.0003838600249955365,0.0008391358685948937
15,dimuon,0.01,2139,0.0003838600249955365,0.001176575611497947
15,dimuon,0.01,2140,0.0003838600249955365,0.0014408141403320835
15,dimuon,0.01,2141,0.0003838600249955365,0.0015390108909123371
15,dimuon,0.01,2142,0.0003838600249955365,0.0015407962863774325
15,dimuon,0.01,2143,0.0003838600249955365,0.0014729512587038029
15,dimuon,0.01,2144,0.0003838600249955365,0.001401535440099982
15,dimuon,0.01,2145,0.0003838600249955365,0.0010855204427780752
15,dimuon,0.01,2150,0.0003838600249955365,0.0008391358685948937
15,dimuon,0.01,2151,0.0003838600249955365,0.001176575611497947
15,dimuon,0.01,2152,0.0003838600249955365,0.0014408141403320835
15,dimuon,0.01,2153,0.0003838600249955365,0.0015390108909123371
15,dimuon,0.01,2154,0.0003838600249955365,0.0015407962863774325
15,dimuon,0.01,2155,0.0003838600249955365,0.0014729512587038029
15,dimuon,0.01,2156,0.0003838600249955365,0.001401535440099982
15,dimuon,0.01,2157,0.0003838600249955365,0.0010855204427780752
15,dimuon,0.01,2162,0.0003838600249955365,0.0008391358685948937
15,dimuon,0.01,2163,0.0003838600249955365,0.001176575611497947
15,dimuon,0.01,2164,0.0003838600249955365,0.0014408141403320835
15,dimuon,0.01,2165,0.0003838600249955365,0.0015390108909123371
15,dimuon,0.01,2166,0.0003838600249955365,0.0015407962863774325
15,dimuon,0.01,2167,0.0003838600249955365,0.0014729512587038029
15,dimuon,0.01,2168,0.0003838600249955365,0.001401535440099982
15,dimuon,0.01,2169,0.0003838600249955365,0.0010855204427780752
15,dimuon,0.01,2177,0.0003838600249955365,0.0008391358685948937
15,dimuon,0.01,2178,0.0003838600249955365,0.001176575611497947
15,dimuon,0.01,2179,0.0003838600249955365,0.0014408141403320835
15,dimuon,0.01,2180,0.0003838600249955365,0.0015390108909123371
15,dimuon,0.01,2181,0.0003838600249955365,0.0015407962863774325
15,dimuon,0.01,2182,0.0003838600249955365,0.0015407962863774325
15,dimuon,0.01,2183,0.0003838600249955365,0.0015407962863774325
15,dimuon,0.01,2184,0.0003838600249955365,0.0015407962863774325
15,dimuon,0.01,2185,0.0003838600249955365,0.0015407962863774325
15,dimuon,0.01,2186,0.0003838600249955365,0.0015407962863774325
15,dimuon,0.01,2187,0.0003838600249955365,0.0015407962863774325
15,dimuon,0.01,2188,0.0003838600249955365,0.0015407962863774325
15,dimuon,0.01,2189,0.0003838600249955365,0.0015407962863774325
15,dimuon,0.01,2190,0.0003838600249955365,0.0015407962863774325
15,dimuon,0.01,2191,0.0003838600249955365,0.0015407962863774325
15,dimuon,0.01,2192,0.0003838600249955365,0.0015407962863774325
15,dimuon,0.01,2193,0.0003838600249955365,0.0015407962863774325
15,dimuon,0.01,2194,0.0003838600249955365,0.0015407962863774325
15,dimuon,0.01,2195,0.0003838600249955365,0.0015407962863774325
15,dimuon,0.01,2196,0.0003838600249955365,0.0015407962863774325
15,dimuon,0.01,2197,0.0003838600249955365,0.0015407962863774325
15,dimuon,0.01,2198,0.0003838600249955365,0.0015407962863774325
15,dimuon,0.01,2199,0.0003838600249955365,0.0015407962863774325
15,dimuon,0.01,2200,0.0003838600249955365,0.0015407962863774325
15,dimuon,0.01,2201,0.0003838600249955365,0.0015407962863774325
15,dimuon,0.01,2202,0.0003838600249955365,0.0015407962863774325
15,dimuon,0.01,2203,0.0003838600249955365,0.0015407962863774325
15,dimuon,0.01,2204,0.0003838600249955365,0.0015407962863774325
15,dimuon,0.01,2205,0.0003838600249955365,0.0015407962863774325
15,dimuon,0.01,2206,0.0003838600249955365,0.0015407962863774325
15,dimuon,0.01,2207,0.0003838600249955365,0.0015407962863774325
15,dimuon,0.01,2208,0.0003838600249955365,0.0015407962863774325
15,dimuon,0.01,2209,0.0003838600249955365,0.0015407962863774325
15,dimuon,0.01,2210,0.0003838600249955365,0.0014729512587038029
15,dimuon,0.01,2211,0.0003838600249955365,0.001401535440099982
15,dimuon,0.01,2212,0.0003838600249955365,0.0010855204427780752
15,dimuon,0.01,2220,0.0003838600249955365,0.0008391358685948937
15,dimuon,0.01,2221,0.0003838600249955365,0.001176575611497947
15,dimuon,0.01,2222,0.0003838600249955365,0.0014408141403320835
15,dimuon,0.01,2223,0.0003838600249955365,0.0015390108909123371
15,dimuon,0.01,2224,0.0003838600249955365,0.0015407962863774325
15,dimuon,0.01,2225,0.0003838600249955365,0.0015407962863774325
15,dimuon,0.01,2226,0.0003838600249955365,0.0015407962863774325
15,dimuon,0.01,2227,0.0003838600249955365,0.0015407962863774325
15,dimuon,0.01,2228,0.0003838600249955365,0.0015407962863774325
15,dimuon,0.01,2229,0.0003838600249955365,0.0015407962863774325
15,dimuon,0.01,2230,0.0003838600249955365,0.0015407962863774325
15,dimuon,0.01,2231,0.0003838600249955365,0.0015407962863774325
15,dimuon,0.01,2232,0.0003838600249955365,0.0015407962863774325
15,dimuon,0.01,2233,0.0003838600249955365,0.0015407962863774325
15,dimuon,0.01,2234,0.0003838600249955365,0.0015407962863774325
15,dimuon,0.01,2235,0.0003838600249955365,0.0015407962863774325
15,dimuon,0.01,2236,0.0003838600249955365,0.0015407962863774325
15,dimuon,0.01,2237,0.0003838600249955365,0.0015407962863774325
15,dimuon,0.01,2238,0.0003838600249955365,0.0015407962863774325
15,dimuon,0.01,2239,0.0003838600249955365,0.0015407962863774325
15,dimuon,0.01,2240,0.0003838600249955365,0.0015407962863774325
15,dimuon,0.01,2241,0.0003838600249955365,0.0015407962863774325
15,dimuon,0.01,2242,0.0003838600249955365,0.0015407962863774325
15,dimuon,0.01,2243,0.0003838600249955365,0.0015407962863774325
15,dimuon,0.01,2244,0.0003838600249955365,0.0015407962863774325
15,dimuon,0.01,2245,0.0003838600249955365,0.0015407962863774325
15,dimuon,0.01,2246,0.0003838600249955365,0.0015407962863774325
15,dimuon,0.01,2247,0.0003838600249955365,0.0015407962863774325
15,dimuon,0.01,2248,0.0003838600249955365,0.0015407962863774325
15,dimuon,0.01,2249,0.0003838600249955365,0.0015407962863774325
15,dimuon,0.01,2250,0.0003838600249955365,0.0015407962863774325
15,dimuon,0.01,2251,0.0003838600249955365,0.0015407962863774325
15,dimuon,0.01,2252,0.0003838600249955365,0.0015407962863774325
15,dimuon,0.01,2253,0.0003838600249955365,0.0014729512587038029
15,dimuon,0.01,2254,0.0003838600249955365,0.001401535440099982
15,dimuon,0.01,2255,0.0003838600249955365,0.0010855204427780752
15,dimuon,0.05,1,0,0
15,dimuon,0.05,2,0,0
15,dimuon,0.05,3,0,0
15,dimuon,0.05,4,0,0
15,dimuon,0.05,5,0,0
15,dimuon,0.05,6,0,0
15,dimuon,0.05,7,0,0
15,dimuon,0.05,8,0,0
15,dimuon,0.05,9,0,0
15,dimuon,0.05,10,0,0
15,dimuon,0.05,11,0,0
15,dimuon,0.05,12,0,0
15,dimuon,0.05,86,0.0019193001249776826,0.0019193001249776826
15,dimuon,0.05,302,0.0019193001249776826,0.004195679342974469
15,dimuon,0.05,303,0.0019193001249776826,0.005882878057489734
15,dimuon,0.05,304,0.0019193001249776826,0.007204070701660418
15,dimuon,0.05,305,0.0019193001249776826,0.007695054454561686
15,dimuon,0.05,306,0.0019193001249776826,0.007703981431887163
15,dimuon,0.05,307,0.0019193001249776826,0.007364756293519014
15,dimuon,0.05,308,0.0019193001249776826,0.00700767720049991
15,dimuon,0.05,309,0.0019193001249776826,0.005427602213890377
15,dimuon,0.05,314,0.0019193001249776826,0.004195679342974469
15,dimuon,0.05,315,0.0019193001249776826,0.005882878057489734
15,dimuon,0.05,316,0.0019193001249776826,0.007204070701660418
15,dimuon,0.05,317,0.0019193001249776826,0.007695054454561686
15,dimuon,0.05,318,0.0019193001249776826,0.007703981431887163
15,dimuon,0.05,319,0.0019193001249776826,0.007364756293519014
15,dimuon,0.05,320,0.0019193001249776826,0.00700767720049991
15,dimuon,0.05,321,0.0019193001249776826,0.005427602213890377
15,dimuon,0.05,326,0.0019193001249776826,0.004195679342974469
15,dimuon,0.05,327,0.0019193001249776826,0.005882878057489734
15,dimuon,0.05,328,0.0019193001249776826,0.007204070701660418
15,dimuon,0.05,329,0.0019193001249776826,0.007695054454561686
15,dimuon,0.05,330,0.0019193001249776826,0.007703981431887163
15,dimuon,0.05,331,0.0019193001249776826,0.007364756293519014
15,dimuon,0.05,332,0.0019193001249776826,0.00700767720049991
15,dimuon,0.05,333,0.0019193001249776826,0.005427602213890377
15,dimuon,0.05,338,0.0019193001249776826,0.004195679342974469
15,dimuon,0.05,339,0.0019193001249776826,0.005882878057489734
15,dimuon,0.05,340,0.0019193001249776826,0.007204070701660418
15,dimuon,0.05,341,0.0019193001249776826,0.007695054454561686
15,dimuon,0.05,342,0.0019193001249776826,0.007703981431887163
15,dimuon,0.05,343,0.0019193001249776826,0.007364756293519014
15,dimuon,0.05,344,0.0019193001249776826,0.00700767720049991
15,dimuon,0.05,345,0.0019193001249776826,0.005427602213890377
15,dimuon,0.05,350,0.0019193001249776826,0.004195679342974469
15,dimuon,0.05,351,0.0019193001249776826,0.005882878057489734
15,dimuon,0.05,352,0.0019193001249776826,0.007204070701660418
15,dimuon,0.05,353,0.0019193001249776826,0.007695054454561686
15,dimuon,0.05,354,0.0019193001249776826,0.007703981431887163
15,dimuon,0.05,355,0.0019193001249776826,0.007364756293519014
15,dimuon,0.05,356,0.0019193001249776826,0.00700767720049991
15,dimuon,0.05,357,0.0019193001249776826,0.005427602213890377
15,dimuon,0.05,362,0.0019193001249776826,0.004195679342974469
15,dimuon,0.05,363,0.0019193001249776826,0.005882878057489734
15,dimuon,0.05,364,0.0019193001249776826,0.007204070701660418
15,dimuon,0.05,365,0.0019193001249776826,0.007695054454561686
15,dimuon,0.05,366,0.0019193001249776826,0.007703981431887163
15,dimuon,0.05,367,0.0019193001249776826,0.007364756293519014
15,dimuon,0.05,368,0.0019193001249776826,0.00700767720049991
15,dimuon,0.05,369,0.0019193001249776826,0.005427602213890377
15,dimuon,0.05,374,0.0019193001249776826,0.004195679342974469
15,dimuon,0.05,375,0.0019193001249776826,0.005882878057489734
15,dimuon,0.05,376,0.0019193001249776826,0.007204070701660418
15,dimuon,0.05,377,0.0019193001249776826,0.007695054454561686
15,dimuon,0.05,378,0.0019193001249776826,0.007703981431887163
15,dimuon,0.05,379,0.0019193001249776826,0.007364756293519014
15,dimuon,0.05,380,0.0019193001249776826,0.00700767720049991
15,dimuon,0.05,381,0.0019193001249776826,0.005427602213890377
15,dimuon,0.05,389,0.0019193001249776826,0.004195679342974469
15,dimuon,0.05,390,0.0019193001249776826,0.005882878057489734
15,dimuon,0.05,391,0.0019193001249776826,0.007204070701660418
15,dimuon,0.05,392,0.0019193001249776826,0.007695054454561686
15,dimuon,0.05,393,0.0019193001249776826,0.007703981431887163
15,dimuon,0.05,394,0.0019193001249776826,0.007703981431887163
15,dimuon,0.05,395,0.0019193001249776826,0.007703981431887163
15,dimuon,0.05,396,0.0019193001249776826,0.007703981431887163
15,dimuon,0.05,397,0.0019193001249776826,0.007703981431887163
15,dimuon,0.05,398,0.0019193001249776826,0.007703981431887163
15,dimuon,0.05,399,0.0019193001249776826,0.007703981431887163
15,dimuon,0.05,400,0.0019193001249776826,0.007703981431887163
15,dimuon,0.05,401,0.0019193001249776826,0.007703981431887163
15,dimuon,0.05,402,0.0019193001249776826,0.007703981431887163
15,dimuon,0.05,403,0.0019193001249776826,0.007703981431887163
15,dimuon,0.05,404,0.0019193001249776826,0.007703981431887163
15,dimuon,0.05,405,0.0019193001249776826,0.007703981431887163
15,dimuon,0.05,406,0.0019193001249776826,0.007703981431887163
15,dimuon,0.05,407,0.0019193001249776826,0.007703981431887163
15,dimuon,0.05,408,0.0019193001249776826,0.007703981431887163
15,dimuon,0.05,409,0.0019193001249776826,0.007703981431887163
15,dimuon,0.05,410,0.0019193001249776826,0.007703981431887163
15,dimuon,0.05,411,0.0019193001249776826,0.007703981431887163
15,dimuon,0.05,412,0.0019193001249776826,0.007703981431887163
15,dimuon,0.05,413,0.0019193001249776826,0.007703981431887163
15,dimuon,0.05,414,0.0019193001249776826,0.007703981431887163
15,dimuon,0.05,415,0.0019193001249776826,0.007703981431887163
15,dimuon,0.05,416,0.0019193001249776826,0.007703981431887163
15,dimuon,0.05,417,0.0019193001249776826,0.007703981431887163
15,dimuon,0.05,418,0.0019193001249776826,0.007703981431887163
15,dimuon,0.05,419,0.0019193001249776826,0.007703981431887163
15,dimuon,0.05,420,0.0019193001249776826,0.007703981431887163
15,dimuon,0.05,421,0.0019193001249776826,0.007703981431887163
15,dimuon,0.05,422,0.0019193001249776826,0.007364756293519014
15,dimuon,0.05,423,0.0019193001249776826,0.00700767720049991
15,dimuon,0.05,424,0.0019193001249776826,0.005427602213890377
15,dimuon,0.05,432,0.0019193001249776826,0.004195679342974469
15,dimuon,0.05,433,0.0019193001249776826,0.005882878057489734
15,dimuon,0.05,434,0.0019193001249776826,0.007204070701660418
15,dimuon,0.05,435,0.0019193001249776826,0.007695054454561686
15,dimuon,0.05,436,0.0019193001249776826,0.007703981431887163
15,dimuon,0.05,437,0.0019193001249776826,0.007703981431887163
15,dimuon,0.05,438,0.0019193001249776826,0.007703981431887163
15,dimuon,0.05,439,0.0019193001249776826,0.007703981431887163
15,dimuon,0.05,440,0.0019193001249776826,0.007703981431887163
15,dimuon,0.05,441,0.0019193001249776826,0.007703981431887163
15,dimuon,0.05,442,0.0019193001249776826,0.007703981431887163
15,dimuon,0.05,443,0.0019193001249776826,0.007703981431887163
15,dimuon,0.05,444,0.0019193001249776826,0.007703981431887163
15,dimuon,0.05,445,0.0019193001249776826,0.007703981431887163
15,dimuon,0.05,446,0.0019193001249776826,0.007703981431887163
15,dimuon,0.05,447,0.0019193001249776826,0.007703981431887163
15,dimuon,0.05,448,0.0019193001249776826,0.007703981431887163
15,dimuon,0.05,449,0.0019193001249776826,0.007703981431887163
15,dimuon,0.05,450,0.0019193001249776826,0.007703981431887163
15,dimuon,0.05,451,0.0019193001249776826,0.007703981431887163
15,dimuon,0.05,452,0.0019193001249776826,0.007703981431887163
15,dimuon,0.05,453,0.0019193001249776826,0.007703981431887163
15,dimuon,0.05,454,0.0019193001249776826,0.007703981431887163
15,dimuon,0.05,455,0.0019193001249776826,0.007703981431887163
15,dimuon,0.05,456,0.0019193001249776826,0.007703981431887163
15,dimuon,0.05,457,0.0019193001249776826,0.007703981431887163
15,dimuon,0.05,458,0.0019193001249776826,0.007703981431887163
15,dimuon,0.05,459,0.0019193001249776826,0.007703981431887163
15,dimuon,0.05,460,0.0019193001249776826,0.007703981431887163
15,dimuon,0.05,461,0.0019193001249776826,0.007703981431887163
15,dimuon,0.05,462,0.0019193001249776826,0.007703981431887163
15,dimuon,0.05,463,0.0019193001249776826,0.007703981431887163
15,dimuon,0.05,464,0.0019193001249776826,0.007703981431887163
15,dimuon,0.05,465,0.0019193001249776826,0.007364756293519014
15,dimuon,0.05,466,0.0019193001249776826,0.00700767720049991
15,dimuon,0.05,467,0.0019193001249776826,0.005427602213890377
15,dimuon,0.05,977,0,0
15,dimuon,0.05,1196,0.0019193001249776826,0.004195679342974469
15,dimuon,0.05,1197,0.0019193001249776826,0.005882878057489734
15,dimuon,0.05,1198,0.0019193001249776826,0.007204070701660418
15,dimuon,0.05,1199,0.0019193001249776826,0.007695054454561686
15,dimuon,0.05,1200,0.0019193001249776826,0.007703981431887163
15,dimuon,0.05,1201,0.0019193001249776826,0.007364756293519014
15,dimuon,0.05,1202,0.0019193001249776826,0.00700767720049991
15,dimuon,0.05,1203,0.0019193001249776826,0.005427602213890377
15,dimuon,0.05,1208,0.0019193001249776826,0.004195679342974469
15,dimuon,0.05,1209,0.0019193001249776826,0.005882878057489734
15,dimuon,0.05,1210,0.0019193001249776826,0.007204070701660418
15,dimuon,0.05,1211,0.0019193001249776826,0.007695054454561686
15,dimuon,0.05,1212,0.0019193001249776826,0.007703981431887163
15,dimuon,0.05,1213,0.0019193001249776826,0.007364756293519014
15,dimuon,0.05,1214,0.0019193001249776826,0.00700767720049991
15,dimuon,0.05,1215,0.0019193001249776826,0.005427602213890377
15,dimuon,0.05,1220,0.0019193001249776826,0.004195679342974469
15,dimuon,0.05,1221,0.0019193001249776826,0.005882878057489734
15,dimuon,0.05,1222,0.0019193001249776826,0.007204070701660418
15,dimuon,0.05,1223,0.0019193001249776826,0.007695054454561686
15,dimuon,0.05,1224,0.0019193001249776826,0.007703981431887163
15,dimuon,0.05,1225,0.0019193001249776826,0.007364756293519014
15,dimuon,0.05,1226,0.0019193001249776826,0.00700767720049991
15,dimuon,0.05,1227,0.0019193001249776826,0.005427602213890377
15,dimuon,0.05,1232,0.0019193001249776826,0.004195679342974469
15,dimuon,0.05,1233,0.0019193001249776826,0.005882878057489734
15,dimuon,0.05,1234,0.0019193001249776826,0.007204070701660418
15,dimuon,0.05,1235,0.0019193001249776826,0.007695054454561686
15,dimuon,0.05,1236,0.0019193001249776826,0.007703981431887163
15,dimuon,0.05,1237,0.0019193001249776826,0.007364756293519014
15,dimuon,0.05,1238,0.0019193001249776826,0.00700767720049991
15,dimuon,0.05,1239,0.0019193001249776826,0.005427602213890377
15,dimuon,0.05,1244,0.0019193001249776826,0.004195679342974469
15,dimuon,0.05,1245,0.0019193001249776826,0.005882878057489734
15,dimuon,0.05,1246,0.0019193001249776826,0.007204070701660418
15,dimuon,0.05,1247,0.0019193001249776826,0.007695054454561686
15,dimuon,0.05,1248,0.0019193001249776826,0.007703981431887163
15,dimuon,0.05,1249,0.0019193001249776826,0.007364756293519014
15,dimuon,0.05,1250,0.0019193001249776826,0.00700767720049991
15,dimuon,0.05,1251,0.0019193001249776826,0.005427602213890377
15,dimuon,0.05,1256,0.0019193001249776826,0.004195679342974469
15,dimuon,0.05,1257,0.0019193001249776826,0.005882878057489734
15,dimuon,0.05,1258,0.0019193001249776826,0.007204070701660418
15,dimuon,0.05,1259,0.0019193001249776826,0.007695054454561686
15,dimuon,0.05,1260,0.0019193001249776826,0.007703981431887163
15,dimuon,0.05,1261,0.0019193001249776826,0.007364756293519014
15,dimuon,0.05,1262,0.0019193001249776826,0.00700767720049991
15,dimuon,0.05,1263,0.0019193001249776826,0.005427602213890377
15,dimuon,0.05,1268,0.0019193001249776826,0.004195679342974469
15,dimuon,0.05,1269,0.0019193001249776826,0.005882878057489734
15,dimuon,0.05,1270,0.0019193001249776826,0.007204070701660418
15,dimuon,0.05,1271,0.0019193001249776826,0.007695054454561686
15,dimuon,0.05,1272,0.0019193001249776826,0.007703981431887163
15,dimuon,0.05,1273,0.0019193001249776826,0.007364756293519014
15,dimuon,0.05,1274,0.0019193001249776826,0.00700767720049991
15,dimuon,0.05,1275,0.0019193001249776826,0.005427602213890377
15,dimuon,0.05,1283,0.0019193001249776826,0.004195679342974469
15,dimuon,0.05,1284,0.0019193001249776826,0.005882878057489734
15,dimuon,0.05,1285,0.0019193001249776826,0.007204070701660418
15,dimuon,0.05,1286,0.0019193001249776826,0.007695054454561686
15,dimuon,0.05,1287,0.0019193001249776826,0.007703981431887163
15,dimuon,0.05,1288,0.0019193001249776826,0.007703981431887163
15,dimuon,0.05,1289,0.0019193001249776826,0.007703981431887163
15,dimuon,0.05,1290,0.0019193001249776826,0.007703981431887163
15,dimuon,0.05,1291,0.0019193001249776826,0.007703981431887163
15,dimuon,0.05,1292,0.0019193001249776826,0.007703981431887163
15,dimuon,0.05,1293,0.0019193001249776826,0.007703981431887163
15,dimuon,0.05,1294,0.0019193001249776826,0.007703981431887163
15,dimuon,0.05,1295,0.0019193001249776826,0.007703981431887163
15,dimuon,0.05,1296,0.0019193001249776826,0.007703981431887163
15,dimuon,0.05,1297,0.0019193001249776826,0.007703981431887163
15,dimuon,0.05,1298,0.0019193001249776826,0.007703981431887163
15,dimuon,0.05,1299,0.0019193001249776826,0.007703981431887163
15,dimuon,0.05,1300,0.0019193001249776826,0.007703981431887163
15,dimuon,0.05,1301,0.0019193001249776826,0.007703981431887163
15,dimuon,0.05,1302,0.0019193001249776826,0.007703981431887163
15,dimuon,0.05,1303,0.0019193001249776826,0.007703981431887163
15,dimuon,0.05,1304,0.0019193001249776826,0.007703981431887163
15,dimuon,0.05,1305,0.0019193001249776826,0.007703981431887163
15,dimuon,0.05,1306,0.0019193001249776826,0.007703981431887163
15,dimuon,0.05,1307,0.0019193001249776826,0.007703981431887163
15,dimuon,0.05,1308,0.0019193001249776826,0.007703981431887163
15,dimuon,0.05,1309,0.0019193001249776826,0.007703981431887163
15,dimuon,0.05,1310,0.0019193001249776826,0.007703981431887163
15,dimuon,0.05,1311,0.0019193001249776826,0.007703981431887163
15,dimuon,0.05,1312,0.0019193001249776826,0.007703981431887163
15,dimuon,0.05,1313,0.0019193001249776826,0.007703981431887163
15,dimuon,0.05,1314,0.0019193001249776826,0.007703981431887163
15,dimuon,0.05,1315,0.0019193001249776826,0.007703981431887163
15,dimuon,0.05,1316,0.0019193001249776826,0.007364756293519014
15,dimuon,0.05,1317,0.0019193001249776826,0.00700767720049991
15,dimuon,0.05,1318,0.0019193001249776826,0.005427602213890377
15,dimuon,0.05,1326,0.0019193001249776826,0.004195679342974469
15,dimuon,0.05,1327,0.0019193001249776826,0.005882878057489734
15,dimuon,0.05,1328,0.0019193001249776826,0.007204070701660418
15,dimuon,0.05,1329,0.0019193001249776826,0.007695054454561686
15,dimuon,0.05,1330,0.0019193001249776826,0.007703981431887163
15,dimuon,0.05,1331,0.0019193001249776826,0.007703981431887163
15,dimuon,0.05,1332,0.0019193001249776826,0.007703981431887163
15,dimuon,0.05,1333,0.0019193001249776826,0.007703981431887163
15,dimuon,0.05,1334,0.0019193001249776826,0.007703981431887163
15,dimuon,0.05,1335,0.0019193001249776826,0.007703981431887163
15,dimuon,0.05,1336,0.0019193001249776826,0.007703981431887163
15,dimuon,0.05,1337,0.0019193001249776826,0.007703981431887163
15,dimuon,0.05,1338,0.0019193001249776826,0.007703981431887163
15,dimuon,0.05,1339,0.0019193001249776826,0.007703981431887163
15,dimuon,0.05,1340,0.0019193001249776826,0.007703981431887163
15,dimuon,0.05,1341,0.0019193001249776826,0.007703981431887163
15,dimuon,0.05,1342,0.0019193001249776826,0.007703981431887163
15,dimuon,0.05,1343,0.0019193001249776826,0.007703981431887163
15,dimuon,0.05,1344,0.0019193001249776826,0.007703981431887163
15,dimuon,0.05,1345,0.0019193001249776826,0.007703981431887163
15,dimuon,0.05,1346,0.0019193001249776826,0.007703981431887163
15,dimuon,0.05,1347,0.0019193001249776826,0.007703981431887163
15,dimuon,0.05,1348,0.0019193001249776826,0.007703981431887163
15,dimuon,0.05,1349,0.0019193001249776826,0.007703981431887163
15,dimuon,0.05,1350,0.0019193001249776826,0.007703981431887163
15,dimuon,0.05,1351,0.0019193001249776826,0.007703981431887163
15,dimuon,0.05,1352,0.0019193001249776826,0.007703981431887163
15,dimuon,0.05,1353,0.0019193001249776826,0.007703981431887163
15,dimuon,0.05,1354,0.0019193001249776826,0.007703981431887163
15,dimuon,0.05,1355,0.0019193001249776826,0.007703981431887163
15,dimuon,0.05,1356,0.0019193001249776826,0.007703981431887163
15,dimuon,0.05,1357,0.0019193001249776826,0.007703981431887163
15,dimuon,0.05,1358,0.0019193001249776826,0.007703981431887163
15,dimuon,0.05,1359,0.0019193001249776826,0.007364756293519014
15,dimuon,0.05,1360,0.0019193001249776826,0.00700767720049991
15,dimuon,0.05,1361,0.0019193001249776826,0.005427602213890377
15,dimuon,0.05,1871,0.0019193001249776826,0.0019193001249776826
15,dimuon,0.05,2090,0.0019193001249776826,0.004195679342974469
15,dimuon,0.05,2091,0.0019193001249776826,0.005882878057489734
15,dimuon,0.05,2092,0.0019193001249776826,0.007204070701660418
15,dimuon,0.05,2093,0.0019193001249776826,0.007695054454561686
15,dimuon,0.05,2094,0.0019193001249776826,0.007703981431887163
15,dimuon,0.05,2095,0.0019193001249776826,0.007364756293519014
15,dimuon,0.05,2096,0.0019193001249776826,0.00700767720049991
15,dimuon,0.05,2097,0.0019193001249776826,0.005427602213890377
15,dimuon,0.05,2102,0.0019193001249776826,0.004195679342974469
15,dimuon,0.05,2103,0.0019193001249776826,0.005882878057489734
15,dimuon,0.05,2104,0.0019193001249776826,0.007204070701660418
15,dimuon,0.05,2105,0.0019193001249776826,0.007695054454561686
15,dimuon,0.05,2106,0.0019193001249776826,0.007703981431887163
15,dimuon,0.05,2107,0.0019193001249776826,0.007364756293519014
15,dimuon,0.05,2108,0.0019193001249776826,0.00700767720049991
15,dimuon,0.05,2109,0.0019193001249776826,0.005427602213890377
15,dimuon,0.05,2114,0.0019193001249776826,0.004195679342974469
15,dimuon,0.05,2115,0.0019193001249776826,0.005882878057489734
15,dimuon,0.05,2116,0.0019193001249776826,0.007204070701660418
15,dimuon,0.05,2117,0.0019193001249776826,0.007695054454561686
15,dimuon,0.05,2118,0.0019193001249776826,0.007703981431887163
15,dimuon,0.05,2119,0.0019193001249776826,0.007364756293519014
15,dimuon,0.05,2120,0.0019193001249776826,0.00700767720049991
15,dimuon,0.05,2121,0.0019193001249776826,0.005427602213890377
15,dimuon,0.05,2126,0.0019193001249776826,0.004195679342974469
15,dimuon,0.05,2127,0.0019193001249776826,0.005882878057489734
15,dimuon,0.05,2128,0.0019193001249776826,0.007204070701660418
15,dimuon,0.05,2129,0.0019193001249776826,0.007695054454561686
15,dimuon,0.05,2130,0.0019193001249776826,0.007703981431887163
15,dimuon,0.05,2131,0.0019193001249776826,0.007364756293519014
15,dimuon,0.05,2132,0.0019193001249776826,0.00700767720049991
15,dimuon,0.05,2133,0.0019193001249776826,0.005427602213890377
15,dimuon,0.05,2138,0.0019193001249776826,0.004195679342974469
15,dimuon,0.05,2139,0.0019193001249776826,0.005882878057489734
15,dimuon,0.05,2140,0.0019193001249776826,0.007204070701660418
15,dimuon,0.05,2141,0.0019193001249776826,0.007695054454561686
15,dimuon,0.05,2142,0.0019193001249776826,0.007703981431887163
15,dimuon,0.05,2143,0.0019193001249776826,0.007364756293519014
15,dimuon,0.05,2144,0.0019193001249776826,0.00700767720049991
15,dimuon,0.05,2145,0.0019193001249776826,0.005427602213890377
15,dimuon,0.05,2150,0.0019193001249776826,0.004195679342974469
15,dimuon,0.05,2151,0.0019193001249776826,0.005882878057489734
15,dimuon,0.05,2152,0.0019193001249776826,0.007204070701660418
15,dimuon,0.05,2153,0.0019193001249776826,0.007695054454561686
15,dimuon,0.05,2154,0.0019193001249776826,0.007703981431887163
15,dimuon,0.05,2155,0.0019193001249776826,0.007364756293519014
15,dimuon,0.05,2156,0.0019193001249776826,0.00700767720049991
15,dimuon,0.05,2157,0.0019193001249776826,0.005427602213890377
15,dimuon,0.05,2162,0.0019193001249776826,0.004195679342974469
15,dimuon,0.05,2163,0.0019193001249776826,0.005882878057489734
15,dimuon,0.05,2164,0.0019193001249776826,0.007204070701660418
15,dimuon,0.05,2165,0.0019193001249776826,0.007695054454561686
15,dimuon,0.05,2166,0.0019193001249776826,0.007703981431887163
15,dimuon,0.05,2167,0.0019193001249776826,0.007364756293519014
15,dimuon,0.05,2168,0.0019193001249776826,0.00700767720049991
15,dimuon,0.05,2169,0.0019193001249776826,0.005427602213890377
15,dimuon,0.05,2177,0.0019193001249776826,0.004195679342974469
15,dimuon,0.05,2178,0.0019193001249776826,0.005882878057489734
15,dimuon,0.05,2179,0.0019193001249776826,0.007204070701660418
15,dimuon,0.05,2180,0.0019193001249776826,0.007695054454561686
15,dimuon,0.05,2181,0.0019193001249776826,0.007703981431887163
15,dimuon,0.05,2182,0.0019193001249776826,0.007703981431887163
15,dimuon,0.05,2183,0.0019193001249776826,0.007703981431887163
15,dimuon,0.05,2184,0.0019193001249776826,0.007703981431887163
15,dimuon,0.05,2185,0.0019193001249776826,0.007703981431887163
15,dimuon,0.05,2186,0.0019193001249776826,0.007703981431887163
15,dimuon,0.05,2187,0.0019193001249776826,0.007703981431887163
15,dimuon,0.05,2188,0.0019193001249776826,0.007703981431887163
15,dimuon,0.05,2189,0.0019193001249776826,0.007703981431887163
15,dimuon,0.05,2190,0.0019193001249776826,0.007703981431887163
15,dimuon,0.05,2191,0.0019193001249776826,0.007703981431887163
15,dimuon,0.05,2192,0.0019193001249776826,0.007703981431887163
15,dimuon,0.05,2193,0.0019193001249776826,0.007703981431887163
15,dimuon,0.05,2194,0.0019193001249776826,0.007703981431887163
15,dimuon,0.05,2195,0.0019193001249776826,0.007703981431887163
15,dimuon,0.05,2196,0.0019193001249776826,0.007703981431887163
15,dimuon,0.05,2197,0.0019193001249776826,0.007703981431887163
15,dimuon,0.05,2198,0.0019193001249776826,0.007703981431887163
15,dimuon,0.05,2199,0.0019193001249776826,0.007703981431887163
15,dimuon,0.05,2200,0.0019193001249776826,0.007703981431887163
15,dimuon,0.05,2201,0.0019193001249776826,0.007703981431887163
15,dimuon,0.05,2202,0.0019193001249776826,0.007703981431887163
15,dimuon,0.05,2203,0.0019193001249776826,0.007703981431887163
15,dimuon,0.05,2204,0.0019193001249776826,0.007703981431887163
15,dimuon,0.05,2205,0.0019193001249776826,0.007703981431887163
15,dimuon,0.05,2206,0.0019193001249776826,0.007703981431887163
15,dimuon,0.05,2207,0.0019193001249776826,0.007703981431887163
15,dimuon,0.05,2208,0.0019193001249776826,0.007703981431887163
15,dimuon,0.05,2209,0.0019193001249776826,0.007703981431887163
15,dimuon,0.05,2210,0.0019193001249776826,0.007364756293519014
15,dimuon,0.05,2211,0.0019193001249776826,0.00700767720049991
15,dimuon,0.05,2212,0.0019193001249776826,0.005427602213890377
15,dimuon,0.05,2220,0.0019193001249776826,0.004195679342974469
15,dimuon,0.05,2221,0.0019193001249776826,0.005882878057489734
15,dimuon,0.05,2222,0.0019193001249776826,0.007204070701660418
15,dimuon,0.05,2223,0.0019193001249776826,0.007695054454561686
15,dimuon,0.05,2224,0.0019193001249776826,0.007703981431887163
15,dimuon,0.05,2225,0.0019193001249776826,0.007703981431887163
15,dimuon,0.05,2226,0.0019193001249776826,0.007703981431887163
15,dimuon,0.05,2227,0.0019193001249776826,0.007703981431887163
15,dimuon,0.05,2228,0.0019193001249776826,0.007703981431887163
15,dimuon,0.05,2229,0.0019193001249776826,0.007703981431887163
15,dimuon,0.05,2230,0.0019193001249776826,0.007703981431887163
15,dimuon,0.05,2231,0.0019193001249776826,0.007703981431887163
15,dimuon,0.05,2232,0.0019193001249776826,0.007703981431887163
15,dimuon,0.05,2233,0.0019193001249776826,0.007703981431887163
15,dimuon,0.05,2234,0.0019193001249776826,0.007703981431887163
15,dimuon,0.05,2235,0.0019193001249776826,0.007703981431887163
15,dimuon,0.05,2236,0.0019193001249776826,0.007703981431887163
15,dimuon,0.05,2237,0.0019193001249776826,0.007703981431887163
15,dimuon,0.05,2238,0.0019193001249776826,0.007703981431887163
15,dimuon,0.05,2239,0.0019193001249776826,0.007703981431887163
15,dimuon,0.05,2240,0.0019193001249776826,0.007703981431887163
15,dimuon,0.05,2241,0.0019193001249776826,0.007703981431887163
15,dimuon,0.05,2242,0.0019193001249776826,0.007703981431887163
15,dimuon,0.05,2243,0.0019193001249776826,0.007703981431887163
15,dimuon,0.05,2244,0.0019193001249776826,0.007703981431887163
15,dimuon,0.05,2245,0.0019193001249776826,0.007703981431887163
15,dimuon,0.05,2246,0.0019193001249776826,0.007703981431887163
15,dimuon,0.05,2247,0.0019193001249776826,0.007703981431887163
15,dimuon,0.05,2248,0.0019193001249776826,0.007703981431887163
15,dimuon,0.05,2249,0.0019193001249776826,0.007703981431887163
15,dimuon,0.05,2250,0.0019193001249776826,0.007703981431887163
15,dimuon,0.05,2251,0.0019193001249776826,0.007703981431887163
15,dimuon,0.05,2252,0.0019193001249776826,0.007703981431887163
15,dimuon,0.05,2253,0.0019193001249776826,0.007364756293519014
15,dimuon,0.05,2254,0.0019193001249776826,0.00700767720049991
15,dimuon,0.05,2255,0.0019193001249776826,0.005427602213890377
20,muon,0.001,1,0,0
20,muon,0.001,2,0,0
20,muon,0.001,3,0,0
20,muon,0.001,4,0,0
20,muon,0.001,5,0,0
20,muon,0.001,6,0,0
20,muon,0.001,7,0,0
20,muon,0.001,8,0,0
20,muon,0.001,9,0,0
20,muon,0.001,10,0,0
20,muon,0.001,11,0,0
20,muon,0.001,12,0,0
20,muon,0.001,86,0.0001817532583467238,0.0001817532583467238
20,muon,0.001,302,0.0001817532583467238,0.0005423138725227638
20,muon,0.001,303,0.0001817532583467238,0.0007157650419567934
20,muon,0.001,304,0.0001817532583467238,0.0008734154615247277
20,muon,0.001,305,0.0001817532583467238,0.0009516157828959115
20,muon,0.001,306,0.0001817532583467238,0.0009494733083377969
20,muon,0.001,307,0.0001817532583467238,0.0008626138189608999
20,muon,0.001,308,0.0001817532583467238,0.0007713801106945189
20,muon,0.001,309,0.0001817532583467238,0.0005914122478128906
20,muon,0.001,314,0.0001817532583467238,0.0005423138725227638
20,muon,0.001,315,0.0001817532583467238,0.0007157650419567934
20,muon,0.001,316,0.0001817532583467238,0.0008734154615247277
20,muon,0.001,317,0.0001817532583467238,0.0009516157828959115
20,muon,0.001,318,0.0001817532583467238,0.0009494733083377969
20,muon,0.001,319,0.0001817532583467238,0.0008626138189608999
20,muon,0.001,320,0.0001817532583467238,0.0007713801106945189
20,muon,0.001,321,0.0001817532583467238,0.0005914122478128906
20,muon,0.001,326,0.0001817532583467238,0.0005423138725227638
20,muon,0.001,327,0.0001817532583467238,0.0007157650419567934
20,muon,0.001,328,0.0001817532583467238,0.0008734154615247277
20,muon,0.001,329,0.0001817532583467238,0.0009516157828959115
20,muon,0.001,330,0.0001817532583467238,0.0009494733083377969
20,muon,0.001,331,0.0001817532583467238,0.0008626138189608999
20,muon,0.001,332,0.0001817532583467238,0.0007713801106945189
20,muon,0.001,333,0.0001817532583467238,0.0005914122478128906
20,muon,0.001,338,0.0001817532583467238,0.0005423138725227638
20,muon,0.001,339,0.0001817532583467238,0.0007157650419567934
20,muon,0.001,340,0.0001817532583467238,0.0008734154615247277
20,muon,0.001,341,0.0001817532583467238,0.0009516157828959115
20,muon,0.001,342,0.0001817532583467238,0.0009494733083377969
20,muon,0.001,343,0.0001817532583467238,0.0008626138189608999
20,muon,0.001,344,0.0001817532583467238,0.0007713801106945189
20,muon,0.001,345,0.0001817532583467238,0.0005914122478128906
20,muon,0.001,350,0.0001817532583467238,0.0005423138725227638
20,muon,0.001,351,0.0001817532583467238,0.0007157650419567934
20,muon,0.001,352,0.0001817532583467238,0.0008734154615247277
20,muon,0.001,353,0.0001817532583467238,0.0009516157828959115
20,muon,0.001,354,0.0001817532583467238,0.0009494733083377969
20,muon,0.001,355,0.0001817532583467238,0.0008626138189608999
20,muon,0.001,356,0.0001817532583467238,0.0007713801106945189
20,muon,0.001,357,0.0001817532583467238,0.0005914122478128906
20,muon,0.001,362,0.0001817532583467238,0.0005423138725227638
20,muon,0.001,363,0.0001817532583467238,0.0007157650419567934
20,muon,0.001,364,0.0001817532583467238,0.0008734154615247277
20,muon,0.001,365,0.0001817532583467238,0.0009516157828959115
20,muon,0.001,366,0.0001817532583467238,0.0009494733083377969
20,muon,0.001,367,0.0001817532583467238,0.0008626138189608999
20,muon,0.001,368,0.0001817532583467238,0.0007713801106945189
20,muon,0.001,369,0.0001817532583467238,0.0005914122478128906
20,muon,0.001,374,0.0001817532583467238,0.0005423138725227638
20,muon,0.001,375,0.0001817532583467238,0.0007157650419567934
20,muon,0.001,376,0.0001817532583467238,0.0008734154615247277
20,muon,0.001,377,0.0001817532583467238,0.0009516157828959115
20,muon,0.001,378,0.0001817532583467238,0.0009494733083377969
20,muon,0.001,379,0.0001817532583467238,0.0008626138189608999
20,muon,0.001,380,0.0001817532583467238,0.0007713801106945189
20,muon,0.001,381,0.0001817532583467238,0.0005914122478128906
20,muon,0.001,389,0.0001817532583467238,0.0005423138725227638
20,muon,0.001,390,0.0001817532583467238,0.0007157650419567934
20,muon,0.001,391,0.0001817532583467238,0.0008734154615247277
20,muon,0.001,392,0.0001817532583467238,0.0009516157828959115
20,muon,0.001,393,0.0001817532583467238,0.0009519728619889306
20,muon,0.001,394,0.0001817532583467238,0.0009519728619889306
20,muon,0.001,395,0.0001817532583467238,0.0009519728619889306
20,muon,0.001,396,0.0001817532583467238,0.0009519728619889306
20,muon,0.001,397,0.0001817532583467238,0.0009519728619889306
20,muon,0.001,398,0.0001817532583467238,0.0009519728619889306
20,muon,0.001,399,0.0001817532583467238,0.0009519728619889306
20,muon,0.001,400,0.0001817532583467238,0.0009519728619889306
20,muon,0.001,401,0.0001817532583467238,0.0009519728619889306
20,muon,0.001,402,0.0001817532583467238,0.0009519728619889306
20,muon,0.001,403,0.0001817532583467238,0.0009519728619889306
20,muon,0.001,404,0.0001817532583467238,0.0009519728619889306
20,muon,0.001,405,0.0001817532583467238,0.0009519728619889306
20,muon,0.001,406,0.0001817532583467238,0.0009519728619889306
20,muon,0.001,407,0.0001817532583467238,0.0009519728619889306
20,muon,0.001,408,0.0001817532583467238,0.0009519728619889306
20,muon,0.001,409,0.0001817532583467238,0.0009519728619889306
20,muon,0.001,410,0.0001817532583467238,0.0009519728619889306
20,muon,0.001,411,0.0001817532583467238,0.0009519728619889306
20,muon,0.001,412,0.0001817532583467238,0.0009519728619889306
20,muon,0.001,413,0.0001817532583467238,0.0009519728619889306
20,muon,0.001,414,0.0001817532583467238,0.0009519728619889306
20,muon,0.001,415,0.0001817532583467238,0.0009519728619889306
20,muon,0.001,416,0.0001817532583467238,0.0009519728619889306
20,muon,0.001,417,0.0001817532583467238,0.0009519728619889306
20,muon,0.001,418,0.0001817532583467238,0.0009519728619889306
20,muon,0.001,419,0.0001817532583467238,0.0009519728619889306
20,muon,0.001,420,0.0001817532583467238,0.0009519728619889306
20,muon,0.001,421,0.0001817532583467238,0.0009494733083377969
20,muon,0.001,422,0.0001817532583467238,0.0008626138189608999
20,muon,0.001,423,0.0001817532583467238,0.0007713801106945189
20,muon,0.001,424,0.0001817532583467238,0.0005914122478128906
20,muon,0.001,432,0.0001817532583467238,0.0005423138725227638
20,muon,0.001,433,0.0001817532583467238,0.0007157650419567934
20,muon,0.001,434,0.0001817532583467238,0.0008734154615247277
20,muon,0.001,435,0.0001817532583467238,0.0009516157828959115
20,muon,0.001,436,0.0001817532583467238,0.0009519728619889306
20,muon,0.001,437,0.0001817532583467238,0.0009519728619889306
20,muon,0.001,438,0.0001817532583467238,0.0009519728619889306
20,muon,0.001,439,0.0001817532583467238,0.0009519728619889306
20,muon,0.001,440,0.0001817532583467238,0.0009519728619889306
20,muon,0.001,441,0.0001817532583467238,0.0009519728619889306
20,muon,0.001,442,0.0001817532583467238,0.0009519728619889306
20,muon,0.001,443,0.0001817532583467238,0.0009519728619889306
20,muon,0.001,444,0.0001817532583467238,0.0009519728619889306
20,muon,0.001,445,0.0001817532583467238,0.0009519728619889306
20,muon,0.001,446,0.0001817532583467238,0.0009519728619889306
20,muon,0.001,447,0.0001817532583467238,0.0009519728619889306
20,muon,0.001,448,0.0001817532583467238,0.0009519728619889306
20,muon,0.001,449,0.0001817532583467238,0.0009519728619889306
20,muon,0.001,450,0.0001817532583467238,0.0009519728619889306
20,muon,0.001,451,0.0001817532583467238,0.0009519728619889306
20,muon,0.001,452,0.0001817532583467238,0.0009519728619889306
20,muon,0.001,453,0.0001817532583467238,0.0009519728619889306
20,muon,0.001,454,0.0001817532583467238,0.0009519728619889306
20,muon,0.001,455,0.0001817532583467238,0.0009519728619889306
20,muon,0.001,456,0.0001817532583467238,0.0009519728619889306
20,muon,0.001,457,0.0001817532583467238,0.0009519728619889306
20,muon,0.001,458,0.0001817532583467238,0.0009519728619889306
20,muon,0.001,459,0.0001817532583467238,0.0009519728619889306
20,muon,0.001,460,0.0001817532583467238,0.0009519728619889306
20,muon,0.001,461,0.0001817532583467238,0.0009519728619889306
20,muon,0.001,462,0.0001817532583467238,0.0009519728619889306
20,muon,0.001,463,0.0001817532583467238,0.0009519728619889306
20,muon,0.001,464,0.0001817532583467238,0.0009494733083377969
20,muon,0.001,465,0.0001817532583467238,0.0008626138189608999
20,muon,0.001,466,0.0001817532583467238,0.0007713801106945189
20,muon,0.001,467,0.0001817532583467238,0.0005914122478128906
20,muon,0.001,977,0,0
20,muon,0.001,1196,0.0001817532583467238,0.0005423138725227638
20,muon,0.001,1197,0.0001817532583467238,0.0007157650419567934
20,muon,0.001,1198,0.0001817532583467238,0.0008734154615247277
20,muon,0.001,1199,0.0001817532583467238,0.0009516157828959115
20,muon,0.001,1200,0.0001817532583467238,0.0009494733083377969
20,muon,0.001,1201,0.0001817532583467238,0.0008626138189608999
20,muon,0.001,1202,0.0001817532583467238,0.0007713801106945189
20,muon,0.001,1203,0.0001817532583467238,0.0005914122478128906
20,muon,0.001,1208,0.0001817532583467238,0.0005423138725227638
20,muon,0.001,1209,0.0001817532583467238,0.0007157650419567934
20,muon,0.001,1210,0.0001817532583467238,0.0008734154615247277
20,muon,0.001,1211,0.0001817532583467238,0.0009516157828959115
20,muon,0.001,1212,0.0001817532583467238,0.0009494733083377969
20,muon,0.001,1213,0.0001817532583467238,0.0008626138189608999
20,muon,0.001,1214,0.0001817532583467238,0.0007713801106945189
20,muon,0.001,1215,0.0001817532583467238,0.0005914122478128906
20,muon,0.001,1220,0.0001817532583467238,0.0005423138725227638
20,muon,0.001,1221,0.0001817532583467238,0.0007157650419567934
20,muon,0.001,1222,0.0001817532583467238,0.0008734154615247277
20,muon,0.001,1223,0.0001817532583467238,0.0009516157828959115
20,muon,0.001,1224,0.0001817532583467238,0.0009494733083377969
20,muon,0.001,1225,0.0001817532583467238,0.0008626138189608999
20,muon,0.001,1226,0.0001817532583467238,0.0007713801106945189
20,muon,0.001,1227,0.0001817532583467238,0.0005914122478128906
20,muon,0.001,1232,0.0001817532583467238,0.0005423138725227638
20,muon,0.001,1233,0.0001817532583467238,0.0007157650419567934
20,muon,0.001,1234,0.0001817532583467238,0.0008734154615247277
20,muon,0.001,1235,0.0001817532583467238,0.0009516157828959115
20,muon,0.001,1236,0.0001817532583467238,0.0009494733083377969
20,muon,0.001,1237,0.0001817532583467238,0.0008626138189608999
20,muon,0.001,1238,0.0001817532583467238,0.0007713801106945189
20,muon,0.001,1239,0.0001817532583467238,0.0005914122478128906
20,muon,0.001,1244,0.0001817532583467238,0.0005423138725227638
20,muon,0.001,1245,0.0001817532583467238,0.0007157650419567934
20,muon,0.001,1246,0.0001817532583467238,0.0008734154615247277
20,muon,0.001,1247,0.0001817532583467238,0.0009516157828959115
20,muon,0.001,1248,0.0001817532583467238,0.0009494733083377969
20,muon,0.001,1249,0.0001817532583467238,0.0008626138189608999
20,muon,0.001,1250,0.0001817532583467238,0.0007713801106945189
20,muon,0.001,1251,0.0001817532583467238,0.0005914122478128906
20,muon,0.001,1256,0.0001817532583467238,0.0005423138725227638
20,muon,0.001,1257,0.0001817532583467238,0.0007157650419567934
20,muon,0.001,1258,0.0001817532583467238,0.0008734154615247277
20,muon,0.001,1259,0.0001817532583467238,0.0009516157828959115
20,muon,0.001,1260,0.0001817532583467238,0.0009494733083377969
20,muon,0.001,1261,0.0001817532583467238,0.0008626138189608999
20,muon,0.001,1262,0.0001817532583467238,0.0007713801106945189
20,muon,0.001,1263,0.0001817532583467238,0.0005914122478128906
20,muon,0.001,1268,0.0001817532583467238,0.0005423138725227638
20,muon,0.001,1269,0.0001817532583467238,0.0007157650419567934
20,muon,0.001,1270,0.0001817532583467238,0.0008734154615247277
20,muon,0.001,1271,0.0001817532583467238,0.0009516157828959115
20,muon,0.001,1272,0.0001817532583467238,0.0009494733083377969
20,muon,0.001,1273,0.0001817532583467238,0.0008626138189608999
20,muon,0.001,1274,0.0001817532583467238,0.0007713801106945189
20,muon,0.001,1275,0.0001817532583467238,0.0005914122478128906
20,muon,0.001,1283,0.0001817532583467238,0.0005423138725227638
20,muon,0.001,1284,0.0001817532583467238,0.0007157650419567934
20,muon,0.001,1285,0.0001817532583467238,0.0008734154615247277
20,muon,0.001,1286,0.0001817532583467238,0.0009516157828959115
20,muon,0.001,1287,0.0001817532583467238,0.0009519728619889306
20,muon,0.001,1288,0.0001817532583467238,0.0009519728619889306
20,muon,0.001,1289,0.0001817532583467238,0.0009519728619889306
20,muon,0.001,1290,0.0001817532583467238,0.0009519728619889306
20,muon,0.001,1291,0.0001817532583467238,0.0009519728619889306
20,muon,0.001,1292,0.0001817532583467238,0.0009519728619889306
20,muon,0.001,1293,0.0001817532583467238,0.0009519728619889306
20,muon,0.001,1294,0.0001817532583467238,0.0009519728619889306
20,muon,0.001,1295,0.0001817532583467238,0.0009519728619889306
20,muon,0.001,1296,0.0001817532583467238,0.0009519728619889306
20,muon,0.001,1297,0.0001817532583467238,0.0009519728619889306
20,muon,0.001,1298,0.0001817532583467238,0.0009519728619889306
20,muon,0.001,1299,0.0001817532583467238,0.0009519728619889306
20,muon,0.001,1300,0.0001817532583467238,0.0009519728619889306
20,muon,0.001,1301,0.0001817532583467238,0.0009519728619889306
20,muon,0.001,1302,0.0001817532583467238,0.0009519728619889306
20,muon,0.001,1303,0.0001817532583467238,0.0009519728619889306
20,muon,0.001,1304,0.0001817532583467238,0.0009519728619889306
20,muon,0.001,1305,0.0001817532583467238,0.0009519728619889306
20,muon,0.001,1306,0.0001817532583467238,0.0009519728619889306
20,muon,0.001,1307,0.0001817532583467238,0.0009519728619889306
20,muon,0.001,1308,0.0001817532583467238,0.0009519728619889306
20,muon,0.001,1309,0.0001817532583467238,0.0009519728619889306
20,muon,0.001,1310,0.0001817532583467238,0.0009519728619889306
20,muon,0.001,1311,0.0001817532583467238,0.0009519728619889306
20,muon,0.001,1312,0.0001817532583467238,0.0009519728619889306
20,muon,0.001,1313,0.0001817532583467238,0.0009519728619889306
20,muon,0.001,1314,0.0001817532583467238,0.0009519728619889306
20,muon,0.001,1315,0.0001817532583467238,0.0009494733083377969
20,muon,0.001,1316,0.0001817532583467238,0.0008626138189608999
20,muon,0.001,1317,0.0001817532583467238,0.0007713801106945189
20,muon,0.001,1318,0.0001817532583467238,0.0005914122478128906
20,muon,0.001,1326,0.0001817532583467238,0.0005423138725227638
20,muon,0.001,1327,0.0001817532583467238,0.0007157650419567934
20,muon,0.001,1328,0.0001817532583467238,0.0008734154615247277
20,muon,0.001,1329,0.0001817532583467238,0.0009516157828959115
20,muon,0.001,1330,0.0001817532583467238,0.0009519728619889306
20,muon,0.001,1331,0.0001817532583467238,0.0009519728619889306
20,muon,0.001,1332,0.0001817532583467238,0.0009519728619889306
20,muon,0.001,1333,0.0001817532583467238,0.0009519728619889306
20,muon,0.001,1334,0.0001817532583467238,0.0009519728619889306
20,muon,0.001,1335,0.0001817532583467238,0.0009519728619889306
20,muon,0.001,1336,0.0001817532583467238,0.0009519728619889306
20,muon,0.001,1337,0.0001817532583467238,0.0009519728619889306
20,muon,0.001,1338,0.0001817532583467238,0.0009519728619889306
20,muon,0.001,1339,0.0001817532583467238,0.0009519728619889306
20,muon,0.001,1340,0.0001817532583467238,0.0009519728619889306
20,muon,0.001,1341,0.0001817532583467238,0.0009519728619889306
20,muon,0.001,1342,0.0001817532583467238,0.0009519728619889306
20,muon,0.001,1343,0.0001817532583467238,0.0009519728619889306
20,muon,0.001,1344,0.0001817532583467238,0.0009519728619889306
20,muon,0.001,1345,0.0001817532583467238,0.0009519728619889306
20,muon,0.001,1346,0.0001817532583467238,0.0009519728619889306
20,muon,0.001,1347,0.0001817532583467238,0.0009519728619889306
20,muon,0.001,1348,0.0001817532583467238,0.0009519728619889306
20,muon,0.001,1349,0.0001817532583467238,0.0009519728619889306
20,muon,0.001,1350,0.0001817532583467238,0.0009519728619889306
20,muon,0.001,1351,0.0001817532583467238,0.0009519728619889306
20,muon,0.001,1352,0.0001817532583467238,0.0009519728619889306
20,muon,0.001,1353,0.0001817532583467238,0.0009519728619889306
20,muon,0.001,1354,0.0001817532583467238,0.0009519728619889306
20,muon,0.001,1355,0.0001817532583467238,0.0009519728619889306
20,muon,0.001,1356,0.0001817532583467238,0.0009519728619889306
20,muon,0.001,1357,0.0001817532583467238,0.0009519728619889306
20,muon,0.001,1358,0.0001817532583467238,0.0009494733083377969
20,muon,0.001,1359,0.0001817532583467238,0.0008626138189608999
20,muon,0.001,1360,0.0001817532583467238,0.0007713801106945189
20,muon,0.001,1361,0.0001817532583467238,0.0005914122478128906
20,muon,0.001,1871,0.0001817532583467238,0.0001817532583467238
20,muon,0.001,2090,0.0001817532583467238,0.0005423138725227638
20,muon,0.001,2091,0.0001817532583467238,0.0007157650419567934
20,muon,0.001,2092,0.0001817532583467238,0.0008734154615247277
20,muon,0.001,2093,0.0001817532583467238,0.0009516157828959115
20,muon,0.001,2094,0.0001817532583467238,0.0009494733083377969
20,muon,0.001,2095,0.0001817532583467238,0.0008626138189608999
20,muon,0.001,2096,0.0001817532583467238,0.0007713801106945189
20,muon,0.001,2097,0.0001817532583467238,0.0005914122478128906
20,muon,0.001,2102,0.0001817532583467238,0.0005423138725227638
20,muon,0.001,2103,0.0001817532583467238,0.0007157650419567934
20,muon,0.001,2104,0.0001817532583467238,0.0008734154615247277
20,muon,0.001,2105,0.0001817532583467238,0.0009516157828959115
20,muon,0.001,2106,0.0001817532583467238,0.0009494733083377969
20,muon,0.001,2107,0.0001817532583467238,0.0008626138189608999
20,muon,0.001,2108,0.0001817532583467238,0.0007713801106945189
20,muon,0.001,2109,0.0001817532583467238,0.0005914122478128906
20,muon,0.001,2114,0.0001817532583467238,0.0005423138725227638
20,muon,0.001,2115,0.0001817532583467238,0.0007157650419567934
20,muon,0.001,2116,0.0001817532583467238,0.0008734154615247277
20,muon,0.001,2117,0.0001817532583467238,0.0009516157828959115
20,muon,0.001,2118,0.0001817532583467238,0.0009494733083377969
20,muon,0.001,2119,0.0001817532583467238,0.0008626138189608999
20,muon,0.001,2120,0.0001817532583467238,0.0007713801106945189
20,muon,0.001,2121,0.0001817532583467238,0.0005914122478128906
20,muon,0.001,2126,0.0001817532583467238,0.0005423138725227638
20,muon,0.001,2127,0.0001817532583467238,0.0007157650419567934
20,muon,0.001,2128,0.0001817532583467238,0.0008734154615247277
20,muon,0.001,2129,0.0001817532583467238,0.0009516157828959115
20,muon,0.001,2130,0.0001817532583467238,0.0009494733083377969
20,muon,0.001,2131,0.0001817532583467238,0.0008626138189608999
20,muon,0.001,2132,0.0001817532583467238,0.0007713801106945189
20,muon,0.001,2133,0.0001817532583467238,0.0005914122478128906
20,muon,0.001,2138,0.0001817532583467238,0.0005423138725227638
20,muon,0.001,2139,0.0001817532583467238,0.0007157650419567934
20,muon,0.001,2140,0.0001817532583467238,0.0008734154615247277
20,muon,0.001,2141,0.0001817532583467238,0.0009516157828959115
20,muon,0.001,2142,0.0001817532583467238,0.0009494733083377969
20,muon,0.001,2143,0.0001817532583467238,0.0008626138189608999
20,muon,0.001,2144,0.0001817532583467238,0.0007713801106945189
20,muon,0.001,2145,0.0001817532583467238,0.0005914122478128906
20,muon,0.001,2150,0.0001817532583467238,0.0005423138725227638
20,muon,0.001,2151,0.0001817532583467238,0.0007157650419567934
20,muon,0.001,2152,0.0001817532583467238,0.0008734154615247277
20,muon,0.001,2153,0.0001817532583467238,0.0009516157828959115
20,muon,0.001,2154,0.0001817532583467238,0.0009494733083377969
20,muon,0.001,2155,0.0001817532583467238,0.0008626138189608999
20,muon,0.001,2156,0.0001817532583467238,0.0007713801106945189
20,muon,0.001,2157,0.0001817532583467238,0.0005914122478128906
20,muon,0.001,2162,0.0001817532583467238,0.0005423138725227638
20,muon,0.001,2163,0.0001817532583467238,0.0007157650419567934
20,muon,0.001,2164,0.0001817532583467238,0.0008734154615247277
20,muon,0.001,2165,0.0001817532583467238,0.0009516157828959115
20,muon,0.001,2166,0.0001817532583467238,0.0009494733083377969
20,muon,0.001,2167,0.0001817532583467238,0.0008626138189608999
20,muon,0.001,2168,0.0001817532583467238,0.0007713801106945189
20,muon,0.001,2169,0.0001817532583467238,0.0005914122478128906
20,muon,0.001,2177,0.0001817532583467238,0.0005423138725227638
20,muon,0.001,2178,0.0001817532583467238,0.0007157650419567934
20,muon,0.001,2179,0.0001817532583467238,0.0008734154615247277
20,muon,0.001,2180,0.0001817532583467238,0.0009516157828959115
20,muon,0.001,2181,0.0001817532583467238,0.0009519728619889306
20,muon,0.001,2182,0.0001817532583467238,0.0009519728619889306
20,muon,0.001,2183,0.0001817532583467238,0.0009519728619889306
20,muon,0.001,2184,0.0001817532583467238,0.0009519728619889306
20,muon,0.001,2185,0.0001817532583467238,0.0009519728619889306
20,muon,0.001,2186,0.0001817532583467238,0.0009519728619889306
20,muon,0.001,2187,0.0001817532583467238,0.0009519728619889306
20,muon,0.001,2188,0.0001817532583467238,0.0009519728619889306
20,muon,0.001,2189,0.0001817532583467238,0.0009519728619889306
20,muon,0.001,2190,0.0001817532583467238,0.0009519728619889306
20,muon,0.001,2191,0.0001817532583467238,0.0009519728619889306
20,muon,0.001,2192,0.0001817532583467238,0.0009519728619889306
20,muon,0.001,2193,0.0001817532583467238,0.0009519728619889306
20,muon,0.001,2194,0.0001817532583467238,0.0009519728619889306
20,muon,0.001,2195,0.0001817532583467238,0.0009519728619889306
20,muon,0.001,2196,0.0001817532583467238,0.0009519728619889306
20,muon,0.001,2197,0.0001817532583467238,0.0009519728619889306
20,muon,0.001,2198,0.0001817532583467238,0.0009519728619889306
20,muon,0.001,2199,0.0001817532583467238,0.0009519728619889306
20,muon,0.001,2200,0.0001817532583467238,0.0009519728619889306
20,muon,0.001,2201,0.0001817532583467238,0.0009519728619889306
20,muon,0.001,2202,0.0001817532583467238,0.0009519728619889306
20,muon,0.001,2203,0.0001817532583467238,0.0009519728619889306
20,muon,0.001,2204,0.0001817532583467238,0.0009519728619889306
20,muon,0.001,2205,0.0001817532583467238,0.0009519728619889306
20,muon,0.001,2206,0.0001817532583467238,0.0009519728619889306
20,muon,0.001,2207,0.0001817532583467238,0.0009519728619889306
20,muon,0.001,2208,0.0001817532583467238,0.0009519728619889306
20,muon,0.001,2209,0.0001817532583467238,0.0009494733083377969
20,muon,0.001,2210,0.0001817532583467238,0.0008626138189608999
20,muon,0.001,2211,0.0001817532583467238,0.0007713801106945189
20,muon,0.001,2212,0.0001817532583467238,0.0005914122478128906
20,muon,0.001,2220,0.0001817532583467238,0.0005423138725227638
20,muon,0.001,2221,0.0001817532583467238,0.0007157650419567934
20,muon,0.001,2222,0.0001817532583467238,0.0008734154615247277
20,muon,0.001,2223,0.0001817532583467238,0.0009516157828959115
20,muon,0.001,2224,0.0001817532583467238,0.0009519728619889306
20,muon,0.001,2225,0.0001817532583467238,0.0009519728619889306
20,muon,0.001,2226,0.0001817532583467238,0.0009519728619889306
20,muon,0.001,2227,0.0001817532583467238,0.0009519728619889306
20,muon,0.001,2228,0.0001817532583467238,0.0009519728619889306
20,muon,0.001,2229,0.0001817532583467238,0.0009519728619889306
20,muon,0.001,2230,0.0001817532583467238,0.0009519728619889306
20,muon,0.001,2231,0.0001817532583467238,0.0009519728619889306
20,muon,0.001,2232,0.0001817532583467238,0.0009519728619889306
20,muon,0.001,2233,0.0001817532583467238,0.0009519728619889306
20,muon,0.001,2234,0.0001817532583467238,0.0009519728619889306
20,muon,0.001,2235,0.0001817532583467238,0.0009519728619889306
20,muon,0.001,2236,0.0001817532583467238,0.0009519728619889306
20,muon,0.001,2237,0.0001817532583467238,0.0009519728619889306
20,muon,0.001,2238,0.0001817532583467238,0.0009519728619889306
20,muon,0.001,2239,0.0001817532583467238,0.0009519728619889306
20,muon,0.001,2240,0.0001817532583467238,0.0009519728619889306
20,muon,0.001,2241,0.0001817532583467238,0.0009519728619889306
20,muon,0.001,2242,0.0001817532583467238,0.0009519728619889306
20,muon,0.001,2243,0.0001817532583467238,0.0009519728619889306
20,muon,0.001,2244,0.0001817532583467238,0.0009519728619889306
20,muon,0.001,2245,0.0001817532583467238,0.0009519728619889306
20,muon,0.001,2246,0.0001817532583467238,0.0009519728619889306
20,muon,0.001,2247,0.0001817532583467238,0.0009519728619889306
20,muon,0.001,2248,0.0001817532583467238,0.0009519728619889306
20,muon,0.001,2249,0.0001817532583467238,0.0009519728619889306
20,muon,0.001,2250,0.0001817532583467238,0.0009519728619889306
20,muon,0.001,2251,0.0001817532583467238,0.0009519728619889306
20,muon,0.001,2252,0.0001817532583467238,0.0009494733083377969
20,muon,0.001,2253,0.0001817532583467238,0.0008626138189608999
20,muon,0.001,2254,0.0001817532583467238,0.0007713801106945189
20,muon,0.001,2255,0.0001817532583467238,0.0005914122478128906
20,muon,0.01,1,0,0
20,muon,0.01,2,0,0
20,muon,0.01,3,0,0
20,muon,0.01,4,0,0
20,muon,0.01,5,0,0
20,muon,0.01,6,0,0
20,muon,0.01,7,0,0
20,muon,0.01,8,0,0
20,muon,0.01,9,0,0
20,muon,0.01,10,0,0
20,muon,0.01,11,0,0
20,muon,0.01,12,0,0
20,muon,0.01,86,0.001817532583467238,0.001817532583467238
20,muon,0.01,302,0.001817532583467238,0.005423138725227638
20,muon,0.01,303,0.001817532583467238,0.007157650419567934
20,muon,0.01,304,0.001817532583467238,0.008734154615247278
20,muon,0.01,305,0.001817532583467238,0.009516157828959116
20,muon,0.01,306,0.001817532583467238,0.00949473308337797
20,muon,0.01,307,0.001817532583467238,0.008626138189608999
20,muon,0.01,308,0.001817532583467238,0.007713801106945188
20,muon,0.01,309,0.001817532583467238,0.005914122478128905
20,muon,0.01,314,0.001817532583467238,0.005423138725227638
20,muon,0.01,315,0.001817532583467238,0.007157650419567934
20,muon,0.01,316,0.001817532583467238,0.008734154615247278
20,muon,0.01,317,0.001817532583467238,0.009516157828959116
20,muon,0.01,318,0.001817532583467238,0.00949473308337797
20,muon,0.01,319,0.001817532583467238,0.008626138189608999
20,muon,0.01,320,0.001817532583467238,0.007713801106945188
20,muon,0.01,321,0.001817532583467238,0.005914122478128905
20,muon,0.01,326,0.001817532583467238,0.005423138725227638
20,muon,0.01,327,0.001817532583467238,0.007157650419567934
20,muon,0.01,328,0.001817532583467238,0.008734154615247278
20,muon,0.01,329,0.001817532583467238,0.009516157828959116
20,muon,0.01,330,0.001817532583467238,0.00949473308337797
20,muon,0.01,331,0.001817532583467238,0.008626138189608999
20,muon,0.01,332,0.001817532583467238,0.007713801106945188
20,muon,0.01,333,0.001817532583467238,0.005914122478128905
20,muon,0.01,338,0.001817532583467238,0.005423138725227638
20,muon,0.01,339,0.001817532583467238,0.007157650419567934
20,muon,0.01,340,0.001817532583467238,0.008734154615247278
20,muon,0.01,341,0.001817532583467238,0.009516157828959116
20,muon,0.01,342,0.001817532583467238,0.00949473308337797
20,muon,0.01,343,0.001817532583467238,0.008626138189608999
20,muon,0.01,344,0.001817532583467238,0.007713801106945188
20,muon,0.01,345,0.001817532583467238,0.005914122478128905
20,muon,0.01,350,0.001817532583467238,0.005423138725227638
20,muon,0.01,351,0.001817532583467238,0.007157650419567934
20,muon,0.01,352,0.001817532583467238,0.008734154615247278
20,muon,0.01,353,0.001817532583467238,0.009516157828959116
20,muon,0.01,354,0.001817532583467238,0.00949473308337797
20,muon,0.01,355,0.001817532583467238,0.008626138189608999
20,muon,0.01,356,0.001817532583467238,0.007713801106945188
20,muon,0.01,357,0.001817532583467238,0.005914122478128905
20,muon,0.01,362,0.001817532583467238,0.005423138725227638
20,muon,0.01,363,0.001817532583467238,0.007157650419567934
20,muon,0.01,364,0.001817532583467238,0.008734154615247278
20,muon,0.01,365,0.001817532583467238,0.009516157828959116
20,muon,0.01,366,0.001817532583467238,0.00949473308337797
20,muon,0.01,367,0.001817532583467238,0.008626138189608999
20,muon,0.01,368,0.001817532583467238,0.007713801106945188
20,muon,0.01,369,0.001817532583467238,0.005914122478128905
20,muon,0.01,374,0.001817532583467238,0.005423138725227638
20,muon,0.01,375,0.001817532583467238,0.007157650419567934
20,muon,0.01,376,0.001817532583467238,0.008734154615247278
20,muon,0.01,377,0.001817532583467238,0.009516157828959116
20,muon,0.01,378,0.001817532583467238,0.00949473308337797
20,muon,0.01,379,0.001817532583467238,0.008626138189608999
20,muon,0.01,380,0.001817532583467238,0.007713801106945188
20,muon,0.01,381,0.001817532583467238,0.005914122478128905
20,muon,0.01,389,0.001817532583467238,0.005423138725227638
20,muon,0.01,390,0.001817532583467238,0.007157650419567934
20,muon,0.01,391,0.001817532583467238,0.008734154615247278
20,muon,0.01,392,0.001817532583467238,0.009516157828959116
20,muon,0.01,393,0.001817532583467238,0.009519728619889306
20,muon,0.01,394,0.001817532583467238,0.009519728619889306
20,muon,0.01,395,0.001817532583467238,0.009519728619889306
20,muon,0.01,396,0.001817532583467238,0.009519728619889306
20,muon,0.01,397,0.001817532583467238,0.009519728619889306
20,muon,0.01,398,0.001817532583467238,0.009519728619889306
20,muon,0.01,399,0.001817532583467238,0.009519728619889306
20,muon,0.01,400,0.001817532583467238,0.009519728619889306
20,muon,0.01,401,0.001817532583467238,0.009519728619889306
20,muon,0.01,402,0.001817532583467238,0.009519728619889306
20,muon,0.01,403,0.001817532583467238,0.009519728619889306
20,muon,0.01,404,0.001817532583467238,0.009519728619889306
20,muon,0.01,405,0.001817532583467238,0.009519728619889306
20,muon,0.01,406,0.001817532583467238,0.009519728619889306
20,muon,0.01,407,0.001817532583467238,0.009519728619889306
20,muon,0.01,408,0.001817532583467238,0.009519728619889306
20,muon,0.01,409,0.001817532583467238,0.009519728619889306
20,muon,0.01,410,0.001817532583467238,0.009519728619889306
20,muon,0.01,411,0.001817532583467238,0.009519728619889306
20,muon,0.01,412,0.001817532583467238,0.009519728619889306
20,muon,0.01,413,0.001817532583467238,0.009519728619889306
20,muon,0.01,414,0.001817532583467238,0.009519728619889306
20,muon,0.01,415,0.001817532583467238,0.009519728619889306
20,muon,0.01,416,0.001817532583467238,0.009519728619889306
20,muon,0.01,417,0.001817532583467238,0.009519728619889306
20,muon,0.01,418,0.001817532583467238,0.009519728619889306
20,muon,0.01,419,0.001817532583467238,0.009519728619889306
20,muon,0.01,420,0.001817532583467238,0.009519728619889306
20,muon,0.01,421,0.001817532583467238,0.00949473308337797
20,muon,0.01,422,0.001817532583467238,0.008626138189608999
20,muon,0.01,423,0.001817532583467238,0.007713801106945188
20,muon,0.01,424,0.001817532583467238,0.005914122478128905
20,muon,0.01,432,0.001817532583467238,0.005423138725227638
20,muon,0.01,433,0.001817532583467238,0.007157650419567934
20,muon,0.01,434,0.001817532583467238,0.008734154615247278
20,muon,0.01,435,0.001817532583467238,0.009516157828959116
20,muon,0.01,436,0.001817532583467238,0.009519728619889306
20,muon,0.01,437,0.001817532583467238,0.009519728619889306
20,muon,0.01,438,0.001817532583467238,0.009519728619889306
20,muon,0.01,439,0.001817532583467238,0.009519728619889306
20,muon,0.01,440,0.001817532583467238,0.009519728619889306
20,muon,0.01,441,0.001817532583467238,0.009519728619889306
20,muon,0.01,442,0.001817532583467238,0.009519728619889306
20,muon,0.01,443,0.001817532583467238,0.009519728619889306
20,muon,0.01,444,0.001817532583467238,0.009519728619889306
20,muon,0.01,445,0.001817532583467238,0.009519728619889306
20,muon,0.01,446,0.001817532583467238,0.009519728619889306
20,muon,0.01,447,0.001817532583467238,0.009519728619889306
20,muon,0.01,448,0.001817532583467238,0.009519728619889306
20,muon,0.01,449,0.001817532583467238,0.009519728619889306
20,muon,0.01,450,0.001817532583467238,0.009519728619889306
20,muon,0.01,451,0.001817532583467238,0.009519728619889306
20,muon,0.01,452,0.001817532583467238,0.009519728619889306
20,muon,0.01,453,0.001817532583467238,0.009519728619889306
20,muon,0.01,454,0.001817532583467238,0.009519728619889306
20,muon,0.01,455,0.001817532583467238,0.009519728619889306
20,muon,0.01,456,0.001817532583467238,0.009519728619889306
20,muon,0.01,457,0.001817532583467238,0.009519728619889306
20,muon,0.01,458,0.001817532583467238,0.009519728619889306
20,muon,0.01,459,0.001817532583467238,0.009519728619889306
20,muon,0.01,460,0.001817532583467238,0.009519728619889306
20,muon,0.01,461,0.001817532583467238,0.009519728619889306
20,muon,0.01,462,0.001817532583467238,0.009519728619889306
20,muon,0.01,463,0.001817532583467238,0.009519728619889306
20,muon,0.01,464,0.001817532583467238,0.00949473308337797
20,muon,0.01,465,0.001817532583467238,0.008626138189608999
20,muon,0.01,466,0.001817532583467238,0.007713801106945188
20,muon,0.01,467,0.001817532583467238,0.005914122478128905
20,muon,0.01,977,0,0
20,muon,0.01,1196,0.001817532583467238,0.005423138725227638
20,muon,0.01,1197,0.001817532583467238,0.007157650419567934
20,muon,0.01,1198,0.001817532583467238,0.008734154615247278
20,muon,0.01,1199,0.001817532583467238,0.009516157828959116
20,muon,0.01,1200,0.001817532583467238,0.00949473308337797
20,muon,0.01,1201,0.001817532583467238,0.008626138189608999
20,muon,0.01,1202,0.001817532583467238,0.007713801106945188
20,muon,0.01,1203,0.001817532583467238,0.005914122478128905
20,muon,0.01,1208,0.001817532583467238,0.005423138725227638
20,muon,0.01,1209,0.001817532583467238,0.007157650419567934
20,muon,0.01,1210,0.001817532583467238,0.008734154615247278
20,muon,0.01,1211,0.001817532583467238,0.009516157828959116
20,muon,0.01,1212,0.001817532583467238,0.00949473308337797
20,muon,0.01,1213,0.001817532583467238,0.008626138189608999
20,muon,0.01,1214,0.001817532583467238,0.007713801106945188
20,muon,0.01,1215,0.001817532583467238,0.005914122478128905
20,muon,0.01,1220,0.001817532583467238,0.005423138725227638
20,muon,0.01,1221,0.001817532583467238,0.007157650419567934
20,muon,0.01,1222,0.001817532583467238,0.008734154615247278
20,muon,0.01,1223,0.001817532583467238,0.009516157828959116
20,muon,0.01,1224,0.001817532583467238,0.00949473308337797
20,muon,0.01,1225,0.001817532583467238,0.008626138189608999
20,muon,0.01,1226,0.001817532583467238,0.007713801106945188
20,muon,0.01,1227,0.001817532583467238,0.005914122478128905
20,muon,0.01,1232,0.001817532583467238,0.005423138725227638
20,muon,0.01,1233,0.001817532583467238,0.007157650419567934
20,muon,0.01,1234,0.001817532583467238,0.008734154615247278
20,muon,0.01,1235,0.001817532583467238,0.009516157828959116
20,muon,0.01,1236,0.001817532583467238,0.00949473308337797
20,muon,0.01,1237,0.001817532583467238,0.008626138189608999
20,muon,0.01,1238,0.001817532583467238,0.007713801106945188
20,muon,0.01,1239,0.001817532583467238,0.005914122478128905
20,muon,0.01,1244,0.001817532583467238,0.005423138725227638
20,muon,0.01,1245,0.001817532583467238,0.007157650419567934
20,muon,0.01,1246,0.001817532583467238,0.008734154615247278
20,muon,0.01,1247,0.001817532583467238,0.009516157828959116
20,muon,0.01,1248,0.001817532583467238,0.00949473308337797
20,muon,0.01,1249,0.001817532583467238,0.008626138189608999
20,muon,0.01,1250,0.001817532583467238,0.007713801106945188
20,muon,0.01,1251,0.001817532583467238,0.005914122478128905
20,muon,0.01,1256,0.001817532583467238,0.005423138725227638
20,muon,0.01,1257,0.001817532583467238,0.007157650419567934
20,muon,0.01,1258,0.001817532583467238,0.008734154615247278
20,muon,0.01,1259,0.001817532583467238,0.009516157828959116
20,muon,0.01,1260,0.001817532583467238,0.00949473308337797
20,muon,0.01,1261,0.001817532583467238,0.008626138189608999
20,muon,0.01,1262,0.001817532583467238,0.007713801106945188
20,muon,0.01,1263,0.001817532583467238,0.005914122478128905
20,muon,0.01,1268,0.001817532583467238,0.005423138725227638
20,muon,0.01,1269,0.001817532583467238,0.007157650419567934
20,muon,0.01,1270,0.001817532583467238,0.008734154615247278
20,muon,0.01,1271,0.001817532583467238,0.009516157828959116
20,muon,0.01,1272,0.001817532583467238,0.00949473308337797
20,muon,0.01,1273,0.001817532583467238,0.008626138189608999
20,muon,0.01,1274,0.001817532583467238,0.007713801106945188
20,muon,0.01,1275,0.001817532583467238,0.005914122478128905
20,muon,0.01,1283,0.001817532583467238,0.005423138725227638
20,muon,0.01,1284,0.001817532583467238,0.007157650419567934
20,muon,0.01,1285,0.001817532583467238,0.008734154615247278
20,muon,0.01,1286,0.001817532583467238,0.009516157828959116
20,muon,0.01,1287,0.001817532583467238,0.009519728619889306
20,muon,0.01,1288,0.001817532583467238,0.009519728619889306
20,muon,0.01,1289,0.001817532583467238,0.009519728619889306
20,muon,0.01,1290,0.001817532583467238,0.009519728619889306
20,muon,0.01,1291,0.001817532583467238,0.009519728619889306
20,muon,0.01,1292,0.001817532583467238,0.009519728619889306
20,muon,0.01,1293,0.001817532583467238,0.009519728619889306
20,muon,0.01,1294,0.001817532583467238,0.009519728619889306
20,muon,0.01,1295,0.001817532583467238,0.009519728619889306
20,muon,0.01,1296,0.001817532583467238,0.009519728619889306
20,muon,0.01,1297,0.001817532583467238,0.009519728619889306
20,muon,0.01,1298,0.001817532583467238,0.009519728619889306
20,muon,0.01,1299,0.001817532583467238,0.009519728619889306
20,muon,0.01,1300,0.001817532583467238,0.009519728619889306
20,muon,0.01,1301,0.001817532583467238,0.009519728619889306
20,muon,0.01,1302,0.001817532583467238,0.009519728619889306
20,muon,0.01,1303,0.001817532583467238,0.009519728619889306
20,muon,0.01,1304,0.001817532583467238,0.009519728619889306
20,muon,0.01,1305,0.001817532583467238,0.009519728619889306
20,muon,0.01,1306,0.001817532583467238,0.009519728619889306
20,muon,0.01,1307,0.001817532583467238,0.009519728619889306
20,muon,0.01,1308,0.001817532583467238,0.009519728619889306
20,muon,0.01,1309,0.001817532583467238,0.009519728619889306
20,muon,0.01,1310,0.001817532583467238,0.009519728619889306
20,muon,0.01,1311,0.001817532583467238,0.009519728619889306
20,muon,0.01,1312,0.001817532583467238,0.009519728619889306
20,muon,0.01,1313,0.001817532583467238,0.009519728619889306
20,muon,0.01,1314,0.001817532583467238,0.009519728619889306
20,muon,0.01,1315,0.001817532583467238,0.00949473308337797
20,muon,0.01,1316,0.001817532583467238,0.008626138189608999
20,muon,0.01,1317,0.001817532583467238,0.007713801106945188
20,muon,0.01,1318,0.001817532583467238,0.005914122478128905
20,muon,0.01,1326,0.001817532583467238,0.005423138725227638
20,muon,0.01,1327,0.001817532583467238,0.007157650419567934
20,muon,0.01,1328,0.001817532583467238,0.008734154615247278
20,muon,0.01,1329,0.001817532583467238,0.009516157828959116
20,muon,0.01,1330,0.001817532583467238,0.009519728619889306
20,muon,0.01,1331,0.001817532583467238,0.009519728619889306
20,muon,0.01,1332,0.001817532583467238,0.009519728619889306
20,muon,0.01,1333,0.001817532583467238,0.009519728619889306
20,muon,0.01,1334,0.001817532583467238,0.009519728619889306
20,muon,0.01,1335,0.001817532583467238,0.009519728619889306
20,muon,0.01,1336,0.001817532583467238,0.009519728619889306
20,muon,0.01,1337,0.001817532583467238,0.009519728619889306
20,muon,0.01,1338,0.001817532583467238,0.009519728619889306
20,muon,0.01,1339,0.001817532583467238,0.009519728619889306
20,muon,0.01,1340,0.001817532583467238,0.009519728619889306
20,muon,0.01,1341,0.001817532583467238,0.009519728619889306
20,muon,0.01,1342,0.001817532583467238,0.009519728619889306
20,muon,0.01,1343,0.001817532583467238,0.009519728619889306
20,muon,0.01,1344,0.001817532583467238,0.009519728619889306
20,muon,0.01,1345,0.001817532583467238,0.009519728619889306
20,muon,0.01,1346,0.001817532583467238,0.009519728619889306
20,muon,0.01,1347,0.001817532583467238,0.009519728619889306
20,muon,0.01,1348,0.001817532583467238,0.009519728619889306
20,muon,0.01,1349,0.001817532583467238,0.009519728619889306
20,muon,0.01,1350,0.001817532583467238,0.009519728619889306
20,muon,0.01,1351,0.001817532583467238,0.009519728619889306
20,muon,0.01,1352,0.001817532583467238,0.009519728619889306
20,muon,0.01,1353,0.001817532583467238,0.009519728619889306
20,muon,0.01,1354,0.001817532583467238,0.009519728619889306
20,muon,0.01,1355,0.001817532583467238,0.009519728619889306
20,muon,0.01,1356,0.001817532583467238,0.009519728619889306
20,muon,0.01,1357,0.001817532583467238,0.009519728619889306
20,muon,0.01,1358,0.001817532583467238,0.00949473308337797
20,muon,0.01,1359,0.001817532583467238,0.008626138189608999
20,muon,0.01,1360,0.001817532583467238,0.007713801106945188
20,muon,0.01,1361,0.001817532583467238,0.005914122478128905
20,muon,0.01,1871,0.001817532583467238,0.001817532583467238
20,muon,0.01,2090,0.001817532583467238,0.005423138725227638
20,muon,0.01,2091,0.001817532583467238,0.007157650419567934
20,muon,0.01,2092,0.001817532583467238,0.008734154615247278
20,muon,0.01,2093,0.001817532583467238,0.009516157828959116
20,muon,0.01,2094,0.001817532583467238,0.00949473308337797
20,muon,0.01,2095,0.001817532583467238,0.008626138189608999
20,muon,0.01,2096,0.001817532583467238,0.007713801106945188
20,muon,0.01,2097,0.001817532583467238,0.005914122478128905
20,muon,0.01,2102,0.001817532583467238,0.005423138725227638
20,muon,0.01,2103,0.001817532583467238,0.007157650419567934
20,muon,0.01,2104,0.001817532583467238,0.008734154615247278
20,muon,0.01,2105,0.001817532583467238,0.009516157828959116
20,muon,0.01,2106,0.001817532583467238,0.00949473308337797
20,muon,0.01,2107,0.001817532583467238,0.008626138189608999
20,muon,0.01,2108,0.001817532583467238,0.007713801106945188
20,muon,0.01,2109,0.001817532583467238,0.005914122478128905
20,muon,0.01,2114,0.001817532583467238,0.005423138725227638
20,muon,0.01,2115,0.001817532583467238,0.007157650419567934
20,muon,0.01,2116,0.001817532583467238,0.008734154615247278
20,muon,0.01,2117,0.001817532583467238,0.009516157828959116
20,muon,0.01,2118,0.001817532583467238,0.00949473308337797
20,muon,0.01,2119,0.001817532583467238,0.008626138189608999
20,muon,0.01,2120,0.001817532583467238,0.007713801106945188
20,muon,0.01,2121,0.001817532583467238,0.005914122478128905
20,muon,0.01,2126,0.001817532583467238,0.005423138725227638
20,muon,0.01,2127,0.001817532583467238,0.007157650419567934
20,muon,0.01,2128,0.001817532583467238,0.008734154615247278
20,muon,0.01,2129,0.001817532583467238,0.009516157828959116
20,muon,0.01,2130,0.001817532583467238,0.00949473308337797
20,muon,0.01,2131,0.001817532583467238,0.008626138189608999
20,muon,0.01,2132,0.001817532583467238,0.007713801106945188
20,muon,0.01,2133,0.001817532583467238,0.005914122478128905
20,muon,0.01,2138,0.001817532583467238,0.005423138725227638
20,muon,0.01,2139,0.001817532583467238,0.007157650419567934
20,muon,0.01,2140,0.001817532583467238,0.008734154615247278
20,muon,0.01,2141,0.001817532583467238,0.009516157828959116
20,muon,0.01,2142,0.001817532583467238,0.00949473308337797
20,muon,0.01,2143,0.001817532583467238,0.008626138189608999
20,muon,0.01,2144,0.001817532583467238,0.007713801106945188
20,muon,0.01,2145,0.001817532583467238,0.005914122478128905
20,muon,0.01,2150,0.001817532583467238,0.005423138725227638
20,muon,0.01,2151,0.001817532583467238,0.007157650419567934
20,muon,0.01,2152,0.001817532583467238,0.008734154615247278
20,muon,0.01,2153,0.001817532583467238,0.009516157828959116
20,muon,0.01,2154,0.001817532583467238,0.00949473308337797
20,muon,0.01,2155,0.001817532583467238,0.008626138189608999
20,muon,0.01,2156,0.001817532583467238,0.007713801106945188
20,muon,0.01,2157,0.001817532583467238,0.005914122478128905
20,muon,0.01,2162,0.001817532583467238,0.005423138725227638
20,muon,0.01,2163,0.001817532583467238,0.007157650419567934
20,muon,0.01,2164,0.001817532583467238,0.008734154615247278
20,muon,0.01,2165,0.001817532583467238,0.009516157828959116
20,muon,0.01,2166,0.001817532583467238,0.00949473308337797
20,muon,0.01,2167,0.001817532583467238,0.008626138189608999
20,muon,0.01,2168,0.001817532583467238,0.007713801106945188
20,muon,0.01,2169,0.001817532583467238,0.005914122478128905
20,muon,0.01,2177,0.001817532583467238,0.005423138725227638
20,muon,0.01,2178,0.001817532583467238,0.007157650419567934
20,muon,0.01,2179,0.001817532583467238,0.008734154615247278
20,muon,0.01,2180,0.001817532583467238,0.009516157828959116
20,muon,0.01,2181,0.001817532583467238,0.009519728619889306
20,muon,0.01,2182,0.001817532583467238,0.009519728619889306
20,muon,0.01,2183,0.001817532583467238,0.009519728619889306
20,muon,0.01,2184,0.001817532583467238,0.009519728619889306
20,muon,0.01,2185,0.001817532583467238,0.009519728619889306
20,muon,0.01,2186,0.001817532583467238,0.009519728619889306
20,muon,0.01,2187,0.001817532583467238,0.009519728619889306
20,muon,0.01,2188,0.001817532583467238,0.009519728619889306
20,muon,0.01,2189,0.001817532583467238,0.009519728619889306
20,muon,0.01,2190,0.001817532583467238,0.009519728619889306
20,muon,0.01,2191,0.001817532583467238,0.009519728619889306
20,muon,0.01,2192,0.001817532583467238,0.009519728619889306
20,muon,0.01,2193,0.001817532583467238,0.009519728619889306
20,muon,0.01,2194,0.001817532583467238,0.009519728619889306
20,muon,0.01,2195,0.001817532583467238,0.009519728619889306
20,muon,0.01,2196,0.001817532583467238,0.009519728619889306
20,muon,0.01,2197,0.001817532583467238,0.009519728619889306
20,muon,0.01,2198,0.001817532583467238,0.009519728619889306
20,muon,0.01,2199,0.001817532583467238,0.009519728619889306
20,muon,0.01,2200,0.001817532583467238,0.009519728619889306
20,muon,0.01,2201,0.001817532583467238,0.009519728619889306
20,muon,0.01,2202,0.001817532583467238,0.009519728619889306
20,muon,0.01,2203,0.001817532583467238,0.009519728619889306
20,muon,0.01,2204,0.001817532583467238,0.009519728619889306
20,muon,0.01,2205,0.001817532583467238,0.009519728619889306
20,muon,0.01,2206,0.001817532583467238,0.009519728619889306
20,muon,0.01,2207,0.001817532583467238,0.009519728619889306
20,muon,0.01,2208,0.001817532583467238,0.009519728619889306
20,muon,0.01,2209,0.001817532583467238,0.00949473308337797
20,muon,0.01,2210,0.001817532583467238,0.008626138189608999
20,muon,0.01,2211,0.001817532583467238,0.007713801106945188
20,muon,0.01,2212,0.001817532583467238,0.005914122478128905
20,muon,0.01,2220,0.001817532583467238,0.005423138725227638
20,muon,0.01,2221,0.001817532583467238,0.007157650419567934
20,muon,0.01,2222,0.001817532583467238,0.008734154615247278
20,muon,0.01,2223,0.001817532583467238,0.009516157828959116
20,muon,0.01,2224,0.001817532583467238,0.009519728619889306
20,muon,0.01,2225,0.001817532583467238,0.009519728619889306
20,muon,0.01,2226,0.001817532583467238,0.009519728619889306
20,muon,0.01,2227,0.001817532583467238,0.009519728619889306
20,muon,0.01,2228,0.001817532583467238,0.009519728619889306
20,muon,0.01,2229,0.001817532583467238,0.009519728619889306
20,muon,0.01,2230,0.001817532583467238,0.009519728619889306
20,muon,0.01,2231,0.001817532583467238,0.009519728619889306
20,muon,0.01,2232,0.001817532583467238,0.009519728619889306
20,muon,0.01,2233,0.001817532583467238,0.009519728619889306
20,muon,0.01,2234,0.001817532583467238,0.009519728619889306
20,muon,0.01,2235,0.001817532583467238,0.009519728619889306
20,muon,0.01,2236,0.001817532583467238,0.009519728619889306
20,muon,0.01,2237,0.001817532583467238,0.009519728619889306
20,muon,0.01,2238,0.001817532583467238,0.009519728619889306
20,muon,0.01,2239,0.001817532583467238,0.009519728619889306
20,muon,0.01,2240,0.001817532583467238,0.009519728619889306
20,muon,0.01,2241,0.001817532583467238,0.009519728619889306
20,muon,0.01,2242,0.001817532583467238,0.009519728619889306
20,muon,0.01,2243,0.001817532583467238,0.009519728619889306
20,muon,0.01,2244,0.001817532583467238,0.009519728619889306
20,muon,0.01,2245,0.001817532583467238,0.009519728619889306
20,muon,0.01,2246,0.001817532583467238,0.009519728619889306
20,muon,0.01,2247,0.001817532583467238,0.009519728619889306
20,muon,0.01,2248,0.001817532583467238,0.009519728619889306
20,muon,0.01,2249,0.001817532583467238,0.009519728619889306
20,muon,0.01,2250,0.001817532583467238,0.009519728619889306
20,muon,0.01,2251,0.001817532583467238,0.009519728619889306
20,muon,0.01,2252,0.001817532583467238,0.00949473308337797
20,muon,0.01,2253,0.001817532583467238,0.008626138189608999
20,muon,0.01,2254,0.001817532583467238,0.007713801106945188
20,muon,0.01,2255,0.001817532583467238,0.005914122478128905
20,muon,0.05,1,0,0
20,muon,0.05,2,0,0
20,muon,0.05,3,0,0
20,muon,0.05,4,0,0
20,muon,0.05,5,0,0
20,muon,0.05,6,0,0
20,muon,0.05,7,0,0
20,muon,0.05,8,0,0
20,muon,0.05,9,0,0
20,muon,0.05,10,0,0
20,muon,0.05,11,0,0
20,muon,0.05,12,0,0
20,muon,0.05,86,0.009087662917336191,0.009087662917336191
20,muon,0.05,302,0.009087662917336191,0.027115693626138197
20,muon,0.05,303,0.009087662917336191,0.03578825209783967
20,muon,0.05,304,0.009087662917336191,0.04367077307623639
20,muon,0.05,305,0.009087662917336191,0.04758078914479557
20,muon,0.05,306,0.009087662917336191,0.04747366541688985
20,muon,0.05,307,0.009087662917336191,0.043130690948044996
20,muon,0.05,308,0.009087662917336191,0.03856900553472595
20,muon,0.05,309,0.009087662917336191,0.029570612390644534
20,muon,0.05,314,0.009087662917336191,0.027115693626138197
20,muon,0.05,315,0.009087662917336191,0.03578825209783967
20,muon,0.05,316,0.009087662917336191,0.04367077307623639
20,muon,0.05,317,0.009087662917336191,0.04758078914479557
20,muon,0.05,318,0.009087662917336191,0.04747366541688985
20,muon,0.05,319,0.009087662917336191,0.043130690948044996
20,muon,0.05,320,0.009087662917336191,0.03856900553472595
20,muon,0.05,321,0.009087662917336191,0.029570612390644534
20,muon,0.05,326,0.009087662917336191,0.027115693626138197
20,muon,0.05,327,0.009087662917336191,0.03578825209783967
20,muon,0.05,328,0.009087662917336191,0.04367077307623639
20,muon,0.05,329,0.009087662917336191,0.04758078914479557
20,muon,0.05,330,0.009087662917336191,0.04747366541688985
20,muon,0.05,331,0.009087662917336191,0.043130690948044996
20,muon,0.05,332,0.009087662917336191,0.03856900553472595
20,muon,0.05,333,0.009087662917336191,0.029570612390644534
20,muon,0.05,338,0.009087662917336191,0.027115693626138197
20,muon,0.05,339,0.009087662917336191,0.03578825209783967
20,muon,0.05,340,0.009087662917336191,0.04367077307623639
20,muon,0.05,341,0.009087662917336191,0.04758078914479557
20,muon,0.05,342,0.009087662917336191,0.04747366541688985
20,muon,0.05,343,0.009087662917336191,0.043130690948044996
20,muon,0.05,344,0.009087662917336191,0.03856900553472595
20,muon,0.05,345,0.009087662917336191,0.029570612390644534
20,muon,0.05,350,0.009087662917336191,0.027115693626138197
20,muon,0.05,351,0.009087662917336191,0.03578825209783967
20,muon,0.05,352,0.009087662917336191,0.04367077307623639
20,muon,0.05,353,0.009087662917336191,0.04758078914479557
20,muon,0.05,354,0.009087662917336191,0.04747366541688985
20,muon,0.05,355,0.009087662917336191,0.043130690948044996
20,muon,0.05,356,0.009087662917336191,0.03856900553472595
20,muon,0.05,357,0.009087662917336191,0.029570612390644534
20,muon,0.05,362,0.009087662917336191,0.027115693626138197
20,muon,0.05,363,0.009087662917336191,0.03578825209783967
20,muon,0.05,364,0.009087662917336191,0.04367077307623639
20,muon,0.05,365,0.009087662917336191,0.04758078914479557
20,muon,0.05,366,0.009087662917336191,0.04747366541688985
20,muon,0.05,367,0.009087662917336191,0.043130690948044996
20,muon,0.05,368,0.009087662917336191,0.03856900553472595
20,muon,0.05,369,0.009087662917336191,0.029570612390644534
20,muon,0.05,374,0.009087662917336191,0.027115693626138197
20,muon,0.05,375,0.009087662917336191,0.03578825209783967
20,muon,0.05,376,0.009087662917336191,0.04367077307623639
20,muon,0.05,377,0.009087662917336191,0.04758078914479557
20,muon,0.05,378,0.009087662917336191,0.04747366541688985
20,muon,0.05,379,0.009087662917336191,0.043130690948044996
20,muon,0.05,380,0.009087662917336191,0.03856900553472595
20,muon,0.05,381,0.009087662917336191,0.029570612390644534
20,muon,0.05,389,0.009087662917336191,0.027115693626138197
20,muon,0.05,390,0.009087662917336191,0.03578825209783967
20,muon,0.05,391,0.009087662917336191,0.04367077307623639
20,muon,0.05,392,0.009087662917336191,0.04758078914479557
20,muon,0.05,393,0.009087662917336191,0.04759864309944653
20,muon,0.05,394,0.009087662917336191,0.04759864309944653
20,muon,0.05,395,0.009087662917336191,0.04759864309944653
20,muon,0.05,396,0.009087662917336191,0.04759864309944653
20,muon,0.05,397,0.009087662917336191,0.04759864309944653
20,muon,0.05,398,0.009087662917336191,0.04759864309944653
20,muon,0.05,399,0.009087662917336191,0.04759864309944653
20,muon,0.05,400,0.009087662917336191,0.04759864309944653
20,muon,0.05,401,0.009087662917336191,0.04759864309944653
20,muon,0.05,402,0.009087662917336191,0.04759864309944653
20,muon,0.05,403,0.009087662917336191,0.04759864309944653
20,muon,0.05,404,0.009087662917336191,0.04759864309944653
20,muon,0.05,405,0.009087662917336191,0.04759864309944653
20,muon,0.05,406,0.009087662917336191,0.04759864309944653
20,muon,0.05,407,0.009087662917336191,0.04759864309944653
20,muon,0.05,408,0.009087662917336191,0.04759864309944653
20,muon,0.05,409,0.009087662917336191,0.04759864309944653
20,muon,0.05,410,0.009087662917336191,0.04759864309944653
20,muon,0.05,411,0.009087662917336191,0.04759864309944653
20,muon,0.05,412,0.009087662917336191,0.04759864309944653
20,muon,0.05,413,0.009087662917336191,0.04759864309944653
20,muon,0.05,414,0.009087662917336191,0.04759864309944653
20,muon,0.05,415,0.009087662917336191,0.04759864309944653
20,muon,0.05,416,0.009087662917336191,0.04759864309944653
20,muon,0.05,417,0.009087662917336191,0.04759864309944653
20,muon,0.05,418,0.009087662917336191,0.04759864309944653
20,muon,0.05,419,0.009087662917336191,0.04759864309944653
20,muon,0.05,420,0.009087662917336191,0.04759864309944653
20,muon,0.05,421,0.009087662917336191,0.04747366541688985
20,muon,0.05,422,0.009087662917336191,0.043130690948044996
20,muon,0.05,423,0.009087662917336191,0.03856900553472595
20,muon,0.05,424,0.009087662917336191,0.029570612390644534
20,muon,0.05,432,0.009087662917336191,0.027115693626138197
20,muon,0.05,433,0.009087662917336191,0.03578825209783967
20,muon,0.05,434,0.009087662917336191,0.04367077307623639
20,muon,0.05,435,0.009087662917336191,0.04758078914479557
20,muon,0.05,436,0.009087662917336191,0.04759864309944653
20,muon,0.05,437,0.009087662917336191,0.04759864309944653
20,muon,0.05,438,0.009087662917336191,0.04759864309944653
20,muon,0.05,439,0.009087662917336191,0.04759864309944653
20,muon,0.05,440,0.009087662917336191,0.04759864309944653
20,muon,0.05,441,0.009087662917336191,0.04759864309944653
20,muon,0.05,442,0.009087662917336191,0.04759864309944653
20,muon,0.05,443,0.009087662917336191,0.04759864309944653
20,muon,0.05,444,0.009087662917336191,0.04759864309944653
20,muon,0.05,445,0.009087662917336191,0.04759864309944653
20,muon,0.05,446,0.009087662917336191,0.04759864309944653
20,muon,0.05,447,0.009087662917336191,0.04759864309944653
20,muon,0.05,448,0.009087662917336191,0.04759864309944653
20,muon,0.05,449,0.009087662917336191,0.04759864309944653
20,muon,0.05,450,0.009087662917336191,0.04759864309944653
20,muon,0.05,451,0.009087662917336191,0.04759864309944653
20,muon,0.05,452,0.009087662917336191,0.04759864309944653
20,muon,0.05,453,0.009087662917336191,0.04759864309944653
20,muon,0.05,454,0.009087662917336191,0.04759864309944653
20,muon,0.05,455,0.009087662917336191,0.04759864309944653
20,muon,0.05,456,0.009087662917336191,0.04759864309944653
20,muon,0.05,457,0.009087662917336191,0.04759864309944653
20,muon,0.05,458,0.009087662917336191,0.04759864309944653
20,muon,0.05,459,0.009087662917336191,0.04759864309944653
20,muon,0.05,460,0.009087662917336191,0.04759864309944653
20,muon,0.05,461,0.009087662917336191,0.04759864309944653
20,muon,0.05,462,0.009087662917336191,0.04759864309944653
20,muon,0.05,463,0.009087662917336191,0.04759864309944653
20,muon,0.05,464,0.009087662917336191,0.04747366541688985
20,muon,0.05,465,0.009087662917336191,0.043130690948044996
20,muon,0.05,466,0.009087662917336191,0.03856900553472595
20,muon,0.05,467,0.009087662917336191,0.029570612390644534
20,muon,0.05,977,0,0
20,muon,0.05,1196,0.009087662917336191,0.027115693626138197
20,muon,0.05,1197,0.009087662917336191,0.03578825209783967
20,muon,0.05,1198,0.009087662917336191,0.04367077307623639
20,muon,0.05,1199,0.009087662917336191,0.04758078914479557
20,muon,0.05,1200,0.009087662917336191,0.04747366541688985
20,muon,0.05,1201,0.009087662917336191,0.043130690948044996
20,muon,0.05,1202,0.009087662917336191,0.03856900553472595
20,muon,0.05,1203,0.009087662917336191,0.029570612390644534
20,muon,0.05,1208,0.009087662917336191,0.027115693626138197
20,muon,0.05,1209,0.009087662917336191,0.03578825209783967
20,muon,0.05,1210,0.009087662917336191,0.04367077307623639
20,muon,0.05,1211,0.009087662917336191,0.04758078914479557
20,muon,0.05,1212,0.009087662917336191,0.04747366541688985
20,muon,0.05,1213,0.009087662917336191,0.043130690948044996
20,muon,0.05,1214,0.009087662917336191,0.03856900553472595
20,muon,0.05,1215,0.009087662917336191,0.029570612390644534
20,muon,0.05,1220,0.009087662917336191,0.027115693626138197
20,muon,0.05,1221,0.009087662917336191,0.03578825209783967
20,muon,0.05,1222,0.009087662917336191,0.04367077307623639
20,muon,0.05,1223,0.009087662917336191,0.04758078914479557
20,muon,0.05,1224,0.009087662917336191,0.04747366541688985
20,muon,0.05,1225,0.009087662917336191,0.043130690948044996
20,muon,0.05,1226,0.009087662917336191,0.03856900553472595
20,muon,0.05,1227,0.009087662917336191,0.029570612390644534
20,muon,0.05,1232,0.009087662917336191,0.027115693626138197
20,muon,0.05,1233,0.009087662917336191,0.03578825209783967
20,muon,0.05,1234,0.009087662917336191,0.04367077307623639
20,muon,0.05,1235,0.009087662917336191,0.04758078914479557
20,muon,0.05,1236,0.009087662917336191,0.04747366541688985
20,muon,0.05,1237,0.009087662917336191,0.043130690948044996
20,muon,0.05,1238,0.009087662917336191,0.03856900553472595
20,muon,0.05,1239,0.009087662917336191,0.029570612390644534
20,muon,0.05,1244,0.009087662917336191,0.027115693626138197
20,muon,0.05,1245,0.009087662917336191,0.03578825209783967
20,muon,0.05,1246,0.009087662917336191,0.04367077307623639
20,muon,0.05,1247,0.009087662917336191,0.04758078914479557
20,muon,0.05,1248,0.009087662917336191,0.04747366541688985
20,muon,0.05,1249,0.009087662917336191,0.043130690948044996
20,muon,0.05,1250,0.009087662917336191,0.03856900553472595
20,muon,0.05,1251,0.009087662917336191,0.029570612390644534
20,muon,0.05,1256,0.009087662917336191,0.027115693626138197
20,muon,0.05,1257,0.009087662917336191,0.03578825209783967
20,muon,0.05,1258,0.009087662917336191,0.04367077307623639
20,muon,0.05,1259,0.009087662917336191,0.04758078914479557
20,muon,0.05,1260,0.009087662917336191,0.04747366541688985
20,muon,0.05,1261,0.009087662917336191,0.043130690948044996
20,muon,0.05,1262,0.009087662917336191,0.03856900553472595
20,muon,0.05,1263,0.009087662917336191,0.029570612390644534
20,muon,0.05,1268,0.009087662917336191,0.027115693626138197
20,muon,0.05,1269,0.009087662917336191,0.03578825209783967
20,muon,0.05,1270,0.009087662917336191,0.04367077307623639
20,muon,0.05,1271,0.009087662917336191,0.04758078914479557
20,muon,0.05,1272,0.009087662917336191,0.04747366541688985
20,muon,0.05,1273,0.009087662917336191,0.043130690948044996
20,muon,0.05,1274,0.009087662917336191,0.03856900553472595
20,muon,0.05,1275,0.009087662917336191,0.029570612390644534
20,muon,0.05,1283,0.009087662917336191,0.027115693626138197
20,muon,0.05,1284,0.009087662917336191,0.03578825209783967
20,muon,0.05,1285,0.009087662917336191,0.04367077307623639
20,muon,0.05,1286,0.009087662917336191,0.04758078914479557
20,muon,0.05,1287,0.009087662917336191,0.04759864309944653
20,muon,0.05,1288,0.009087662917336191,0.04759864309944653
20,muon,0.05,1289,0.009087662917336191,0.04759864309944653
20,muon,0.05,1290,0.009087662917336191,0.04759864309944653
20,muon,0.05,1291,0.009087662917336191,0.04759864309944653
20,muon,0.05,1292,0.009087662917336191,0.04759864309944653
20,muon,0.05,1293,0.009087662917336191,0.04759864309944653
20,muon,0.05,1294,0.009087662917336191,0.04759864309944653
20,muon,0.05,1295,0.009087662917336191,0.04759864309944653
20,muon,0.05,1296,0.009087662917336191,0.04759864309944653
20,muon,0.05,1297,0.009087662917336191,0.04759864309944653
20,muon,0.05,1298,0.009087662917336191,0.04759864309944653
20,muon,0.05,1299,0.009087662917336191,0.04759864309944653
20,muon,0.05,1300,0.009087662917336191,0.04759864309944653
20,muon,0.05,1301,0.009087662917336191,0.04759864309944653
20,muon,0.05,1302,0.009087662917336191,0.04759864309944653
20,muon,0.05,1303,0.009087662917336191,0.04759864309944653
20,muon,0.05,1304,0.009087662917336191,0.04759864309944653
20,muon,0.05,1305,0.009087662917336191,0.04759864309944653
20,muon,0.05,1306,0.009087662917336191,0.04759864309944653
20,muon,0.05,1307,0.009087662917336191,0.04759864309944653
20,muon,0.05,1308,0.009087662917336191,0.04759864309944653
20,muon,0.05,1309,0.009087662917336191,0.04759864309944653
20,muon,0.05,1310,0.009087662917336191,0.04759864309944653
20,muon,0.05,1311,0.009087662917336191,0.04759864309944653
20,muon,0.05,1312,0.009087662917336191,0.04759864309944653
20,muon,0.05,1313,0.009087662917336191,0.04759864309944653
20,muon,0.05,1314,0.009087662917336191,0.04759864309944653
20,muon,0.05,1315,0.009087662917336191,0.04747366541688985
20,muon,0.05,1316,0.009087662917336191,0.043130690948044996
20,muon,0.05,1317,0.009087662917336191,0.03856900553472595
20,muon,0.05,1318,0.009087662917336191,0.029570612390644534
20,muon,0.05,1326,0.009087662917336191,0.027115693626138197
20,muon,0.05,1327,0.009087662917336191,0.03578825209783967
20,muon,0.05,1328,0.009087662917336191,0.04367077307623639
20,muon,0.05,1329,0.009087662917336191,0.04758078914479557
20,muon,0.05,1330,0.009087662917336191,0.04759864309944653
20,muon,0.05,1331,0.009087662917336191,0.04759864309944653
20,muon,0.05,1332,0.009087662917336191,0.04759864309944653
20,muon,0.05,1333,0.009087662917336191,0.04759864309944653
20,muon,0.05,1334,0.009087662917336191,0.04759864309944653
20,muon,0.05,1335,0.009087662917336191,0.04759864309944653
20,muon,0.05,1336,0.009087662917336191,0.04759864309944653
20,muon,0.05,1337,0.009087662917336191,0.04759864309944653
20,muon,0.05,1338,0.009087662917336191,0.04759864309944653
20,muon,0.05,1339,0.009087662917336191,0.04759864309944653
20,muon,0.05,1340,0.009087662917336191,0.04759864309944653
20,muon,0.05,1341,0.009087662917336191,0.04759864309944653
20,muon,0.05,1342,0.009087662917336191,0.04759864309944653
20,muon,0.05,1343,0.009087662917336191,0.04759864309944653
20,muon,0.05,1344,0.009087662917336191,0.04759864309944653
20,muon,0.05,1345,0.009087662917336191,0.04759864309944653
20,muon,0.05,1346,0.009087662917336191,0.04759864309944653
20,muon,0.05,1347,0.009087662917336191,0.04759864309944653
20,muon,0.05,1348,0.009087662917336191,0.04759864309944653
20,muon,0.05,1349,0.009087662917336191,0.04759864309944653
20,muon,0.05,1350,0.009087662917336191,0.04759864309944653
20,muon,0.05,1351,0.009087662917336191,0.04759864309944653
20,muon,0.05,1352,0.009087662917336191,0.04759864309944653
20,muon,0.05,1353,0.009087662917336191,0.04759864309944653
20,muon,0.05,1354,0.009087662917336191,0.04759864309944653
20,muon,0.05,1355,0.009087662917336191,0.04759864309944653
20,muon,0.05,1356,0.009087662917336191,0.04759864309944653
20,muon,0.05,1357,0.009087662917336191,0.04759864309944653
20,muon,0.05,1358,0.009087662917336191,0.04747366541688985
20,muon,0.05,1359,0.009087662917336191,0.043130690948044996
20,muon,0.05,1360,0.009087662917336191,0.03856900553472595
20,muon,0.05,1361,0.009087662917336191,0.029570612390644534
20,muon,0.05,1871,0.009087662917336191,0.009087662917336191
20,muon,0.05,2090,0.009087662917336191,0.027115693626138197
20,muon,0.05,2091,0.009087662917336191,0.03578825209783967
20,muon,0.05,2092,0.009087662917336191,0.04367077307623639
20,muon,0.05,2093,0.009087662917336191,0.04758078914479557
20,muon,0.05,2094,0.009087662917336191,0.04747366541688985
20,muon,0.05,2095,0.009087662917336191,0.043130690948044996
20,muon,0.05,2096,0.009087662917336191,0.03856900553472595
20,muon,0.05,2097,0.009087662917336191,0.029570612390644534
20,muon,0.05,2102,0.009087662917336191,0.027115693626138197
20,muon,0.05,2103,0.009087662917336191,0.03578825209783967
20,muon,0.05,2104,0.009087662917336191,0.04367077307623639
20,muon,0.05,2105,0.009087662917336191,0.04758078914479557
20,muon,0.05,2106,0.009087662917336191,0.04747366541688985
20,muon,0.05,2107,0.009087662917336191,0.043130690948044996
20,muon,0.05,2108,0.009087662917336191,0.03856900553472595
20,muon,0.05,2109,0.009087662917336191,0.029570612390644534
20,muon,0.05,2114,0.009087662917336191,0.027115693626138197
20,muon,0.05,2115,0.009087662917336191,0.03578825209783967
20,muon,0.05,2116,0.009087662917336191,0.04367077307623639
20,muon,0.05,2117,0.009087662917336191,0.04758078914479557
20,muon,0.05,2118,0.009087662917336191,0.04747366541688985
20,muon,0.05,2119,0.009087662917336191,0.043130690948044996
20,muon,0.05,2120,0.009087662917336191,0.03856900553472595
20,muon,0.05,2121,0.009087662917336191,0.029570612390644534
20,muon,0.05,2126,0.009087662917336191,0.027115693626138197
20,muon,0.05,2127,0.009087662917336191,0.03578825209783967
20,muon,0.05,2128,0.009087662917336191,0.04367077307623639
20,muon,0.05,2129,0.009087662917336191,0.04758078914479557
20,muon,0.05,2130,0.009087662917336191,0.04747366541688985
20,muon,0.05,2131,0.009087662917336191,0.043130690948044996
20,muon,0.05,2132,0.009087662917336191,0.03856900553472595
20,muon,0.05,2133,0.009087662917336191,0.029570612390644534
20,muon,0.05,2138,0.009087662917336191,0.027115693626138197
20,muon,0.05,2139,0.009087662917336191,0.03578825209783967
20,muon,0.05,2140,0.009087662917336191,0.04367077307623639
20,muon,0.05,2141,0.009087662917336191,0.04758078914479557
20,muon,0.05,2142,0.009087662917336191,0.04747366541688985
20,muon,0.05,2143,0.009087662917336191,0.043130690948044996
20,muon,0.05,2144,0.009087662917336191,0.03856900553472595
20,muon,0.05,2145,0.009087662917336191,0.029570612390644534
20,muon,0.05,2150,0.009087662917336191,0.027115693626138197
20,muon,0.05,2151,0.009087662917336191,0.03578825209783967
20,muon,0.05,2152,0.009087662917336191,0.04367077307623639
20,muon,0.05,2153,0.009087662917336191,0.04758078914479557
20,muon,0.05,2154,0.009087662917336191,0.04747366541688985
20,muon,0.05,2155,0.009087662917336191,0.043130690948044996
20,muon,0.05,2156,0.009087662917336191,0.03856900553472595
20,muon,0.05,2157,0.009087662917336191,0.029570612390644534
20,muon,0.05,2162,0.009087662917336191,0.027115693626138197
20,muon,0.05,2163,0.009087662917336191,0.03578825209783967
20,muon,0.05,2164,0.009087662917336191,0.04367077307623639
20,muon,0.05,2165,0.009087662917336191,0.04758078914479557
20,muon,0.05,2166,0.009087662917336191,0.04747366541688985
20,muon,0.05,2167,0.009087662917336191,0.043130690948044996
20,muon,0.05,2168,0.009087662917336191,0.03856900553472595
20,muon,0.05,2169,0.009087662917336191,0.029570612390644534
20,muon,0.05,2177,0.009087662917336191,0.027115693626138197
20,muon,0.05,2178,0.009087662917336191,0.03578825209783967
20,muon,0.05,2179,0.009087662917336191,0.04367077307623639
20,muon,0.05,2180,0.009087662917336191,0.04758078914479557
20,muon,0.05,2181,0.009087662917336191,0.04759864309944653
20,muon,0.05,2182,0.009087662917336191,0.04759864309944653
20,muon,0.05,2183,0.009087662917336191,0.04759864309944653
20,muon,0.05,2184,0.009087662917336191,0.04759864309944653
20,muon,0.05,2185,0.009087662917336191,0.04759864309944653
20,muon,0.05,2186,0.009087662917336191,0.04759864309944653
20,muon,0.05,2187,0.009087662917336191,0.04759864309944653
20,muon,0.05,2188,0.009087662917336191,0.04759864309944653
20,muon,0.05,2189,0.009087662917336191,0.04759864309944653
20,muon,0.05,2190,0.009087662917336191,0.04759864309944653
20,muon,0.05,2191,0.009087662917336191,0.04759864309944653
20,muon,0.05,2192,0.009087662917336191,0.04759864309944653
20,muon,0.05,2193,0.009087662917336191,0.04759864309944653
20,muon,0.05,2194,0.009087662917336191,0.04759864309944653
20,muon,0.05,2195,0.009087662917336191,0.04759864309944653
20,muon,0.05,2196,0.009087662917336191,0.04759864309944653
20,muon,0.05,2197,0.009087662917336191,0.04759864309944653
20,muon,0.05,2198,0.009087662917336191,0.04759864309944653
20,muon,0.05,2199,0.009087662917336191,0.04759864309944653
20,muon,0.05,2200,0.009087662917336191,0.04759864309944653
20,muon,0.05,2201,0.009087662917336191,0.04759864309944653
20,muon,0.05,2202,0.009087662917336191,0.04759864309944653
20,muon,0.05,2203,0.009087662917336191,0.04759864309944653
20,muon,0.05,2204,0.009087662917336191,0.04759864309944653
20,muon,0.05,2205,0.009087662917336191,0.04759864309944653
20,muon,0.05,2206,0.009087662917336191,0.04759864309944653
20,muon,0.05,2207,0.009087662917336191,0.04759864309944653
20,muon,0.05,2208,0.009087662917336191,0.04759864309944653
20,muon,0.05,2209,0.009087662917336191,0.04747366541688985
20,muon,0.05,2210,0.009087662917336191,0.043130690948044996
20,muon,0.05,2211,0.009087662917336191,0.03856900553472595
20,muon,0.05,2212,0.009087662917336191,0.029570612390644534
20,muon,0.05,2220,0.009087662917336191,0.027115693626138197
20,muon,0.05,2221,0.009087662917336191,0.03578825209783967
20,muon,0.05,2222,0.009087662917336191,0.04367077307623639
20,muon,0.05,2223,0.009087662917336191,0.04758078914479557
20,muon,0.05,2224,0.009087662917336191,0.04759864309944653
20,muon,0.05,2225,0.009087662917336191,0.04759864309944653
20,muon,0.05,2226,0.009087662917336191,0.04759864309944653
20,muon,0.05,2227,0.009087662917336191,0.04759864309944653
20,muon,0.05,2228,0.009087662917336191,0.04759864309944653
20,muon,0.05,2229,0.009087662917336191,0.04759864309944653
20,muon,0.05,2230,0.009087662917336191,0.04759864309944653
20,muon,0.05,2231,0.009087662917336191,0.04759864309944653
20,muon,0.05,2232,0.009087662917336191,0.04759864309944653
20,muon,0.05,2233,0.009087662917336191,0.04759864309944653
20,muon,0.05,2234,0.009087662917336191,0.04759864309944653
20,muon,0.05,2235,0.009087662917336191,0.04759864309944653
20,muon,0.05,2236,0.009087662917336191,0.04759864309944653
20,muon,0.05,2237,0.009087662917336191,0.04759864309944653
20,muon,0.05,2238,0.009087662917336191,0.04759864309944653
20,muon,0.05,2239,0.009087662917336191,0.04759864309944653
20,muon,0.05,2240,0.009087662917336191,0.04759864309944653
20,muon,0.05,2241,0.009087662917336191,0.04759864309944653
20,muon,0.05,2242,0.009087662917336191,0.04759864309944653
20,muon,0.05,2243,0.009087662917336191,0.04759864309944653
20,muon,0.05,2244,0.009087662917336191,0.04759864309944653
20,muon,0.05,2245,0.009087662917336191,0.04759864309944653
20,muon,0.05,2246,0.009087662917336191,0.04759864309944653
20,muon,0.05,2247,0.009087662917336191,0.04759864309944653
20,muon,0.05,2248,0.009087662917336191,0.04759864309944653
20,muon,0.05,2249,0.009087662917336191,0.04759864309944653
20,muon,0.05,2250,0.009087662917336191,0.04759864309944653
20,muon,0.05,2251,0.009087662917336191,0.04759864309944653
20,muon,0.05,2252,0.009087662917336191,0.04747366541688985
20,muon,0.05,2253,0.009087662917336191,0.043130690948044996
20,muon,0.05,2254,0.009087662917336191,0.03856900553472595
20,muon,0.05,2255,0.009087662917336191,0.029570612390644534
20,dimuon,0.001,1,0,0
20,dimuon,0.001,2,0,0
20,dimuon,0.001,3,0,0
20,dimuon,0.001,4,0,0
20,dimuon,0.001,5,0,0
20,dimuon,0.001,6,0,0
20,dimuon,0.001,7,0,0
20,dimuon,0.001,8,0,0
20,dimuon,0.001,9,0,0
20,dimuon,0.001,10,0,0
20,dimuon,0.001,11,0,0
20,dimuon,0.001,12,0,0
20,dimuon,0.001,86,3.7850383860024996e-05,3.7850383860024996e-05
20,dimuon,0.001,302,3.7850383860024996e-05,9.05195500803428e-05
20,dimuon,0.001,303,3.7850383860024996e-05,0.00012104981253347617
20,dimuon,0.001,304,3.7850383860024996e-05,0.00014211747902160326
20,dimuon,0.001,305,3.7850383860024996e-05,0.00014711658632387073
20,dimuon,0.001,306,3.7850383860024996e-05,0.00014711658632387073
20,dimuon,0.001,307,3.7850383860024996e-05,0.0001390823067309409
20,dimuon,0.001,308,3.7850383860024996e-05,0.00012926263167291555
20,dimuon,0.001,309,3.7850383860024996e-05,9.444742010355294e-05
20,dimuon,0.001,314,3.7850383860024996e-05,9.05195500803428e-05
20,dimuon,0.001,315,3.7850383860024996e-05,0.00012104981253347617
20,dimuon,0.001,316,3.7850383860024996e-05,0.00014211747902160326
20,dimuon,0.001,317,3.7850383860024996e-05,0.00014711658632387073
20,dimuon,0.001,318,3.7850383860024996e-05,0.00014711658632387073
20,dimuon,0.001,319,3.7850383860024996e-05,0.0001390823067309409
20,dimuon,0.001,320,3.7850383860024996e-05,0.00012926263167291555
20,dimuon,0.001,321,3.7850383860024996e-05,9.444742010355294e-05
20,dimuon,0.001,326,3.7850383860024996e-05,9.05195500803428e-05
20,dimuon,0.001,327,3.7850383860024996e-05,0.00012104981253347617
20,dimuon,0.001,328,3.7850383860024996e-05,0.00014211747902160326
20,dimuon,0.001,329,3.7850383860024996e-05,0.00014711658632387073
20,dimuon,0.001,330,3.7850383860024996e-05,0.00014711658632387073
20,dimuon,0.001,331,3.7850383860024996e-05,0.0001390823067309409
20,dimuon,0.001,332,3.7850383860024996e-05,0.00012926263167291555
20,dimuon,0.001,333,3.7850383860024996e-05,9.444742010355294e-05
20,dimuon,0.001,338,3.7850383860024996e-05,9.05195500803428e-05
20,dimuon,0.001,339,3.7850383860024996e-05,0.00012104981253347617
20,dimuon,0.001,340,3.7850383860024996e-05,0.00014211747902160326
20,dimuon,0.001,341,3.7850383860024996e-05,0.00014711658632387073
20,dimuon,0.001,342,3.7850383860024996e-05,0.00014711658632387073
20,dimuon,0.001,343,3.7850383860024996e-05,0.0001390823067309409
20,dimuon,0.001,344,3.7850383860024996e-05,0.00012926263167291555
20,dimuon,0.001,345,3.7850383860024996e-05,9.444742010355294e-05
20,dimuon,0.001,350,3.7850383860024996e-05,9.05195500803428e-05
20,dimuon,0.001,351,3.7850383860024996e-05,0.00012104981253347617
20,dimuon,0.001,352,3.7850383860024996e-05,0.00014211747902160326
20,dimuon,0.001,353,3.7850383860024996e-05,0.00014711658632387073
20,dimuon,0.001,354,3.7850383860024996e-05,0.00014711658632387073
20,dimuon,0.001,355,3.7850383860024996e-05,0.0001390823067309409
20,dimuon,0.001,356,3.7850383860024996e-05,0.00012926263167291555
20,dimuon,0.001,357,3.7850383860024996e-05,9.444742010355294e-05
20,dimuon,0.001,362,3.7850383860024996e-05,9.05195500803428e-05
20,dimuon,0.001,363,3.7850383860024996e-05,0.00012104981253347617
20,dimuon,0.001,364,3.7850383860024996e-05,0.00014211747902160326
20,dimuon,0.001,365,3.7850383860024996e-05,0.00014711658632387073
20,dimuon,0.001,366,3.7850383860024996e-05,0.00014711658632387073
20,dimuon,0.001,367,3.7850383860024996e-05,0.0001390823067309409
20,dimuon,0.001,368,3.7850383860024996e-05,0.00012926263167291555
20,dimuon,0.001,369,3.7850383860024996e-05,9.444742010355294e-05
20,dimuon,0.001,374,3.7850383860024996e-05,9.05195500803428e-05
20,dimuon,0.001,375,3.7850383860024996e-05,0.00012104981253347617
20,dimuon,0.001,376,3.7850383860024996e-05,0.00014211747902160326
20,dimuon,0.001,377,3.7850383860024996e-05,0.00014711658632387073
20,dimuon,0.001,378,3.7850383860024996e-05,0.00014711658632387073
20,dimuon,0.001,379,3.7850383860024996e-05,0.0001390823067309409
20,dimuon,0.001,380,3.7850383860024996e-05,0.00012926263167291555
20,dimuon,0.001,381,3.7850383860024996e-05,9.444742010355294e-05
20,dimuon,0.001,389,3.7850383860024996e-05,9.05195500803428e-05
20,dimuon,0.001,390,3.7850383860024996e-05,0.00012104981253347617
20,dimuon,0.001,391,3.7850383860024996e-05,0.00014211747902160326
20,dimuon,0.001,392,3.7850383860024996e-05,0.00014711658632387073
20,dimuon,0.001,393,3.7850383860024996e-05,0.00014711658632387073
20,dimuon,0.001,394,3.7850383860024996e-05,0.00014711658632387073
20,dimuon,0.001,395,3.7850383860024996e-05,0.00014711658632387073
20,dimuon,0.001,396,3.7850383860024996e-05,0.00014711658632387073
20,dimuon,0.001,397,3.7850383860024996e-05,0.00014711658632387073
20,dimuon,0.001,398,3.7850383860024996e-05,0.00014711658632387073
20,dimuon,0.001,399,3.7850383860024996e-05,0.00014711658632387073
20,dimuon,0.001,400,3.7850383860024996e-05,0.00014711658632387073
20,dimuon,0.001,401,3.7850383860024996e-05,0.00014711658632387073
20,dimuon,0.001,402,3.7850383860024996e-05,0.00014711658632387073
20,dimuon,0.001,403,3.7850383860024996e-05,0.00014711658632387073
20,dimuon,0.001,404,3.7850383860024996e-05,0.00014711658632387073
20,dimuon,0.001,405,3.7850383860024996e-05,0.00014711658632387073
20,dimuon,0.001,406,3.7850383860024996e-05,0.00014711658632387073
20,dimuon,0.001,407,3.7850383860024996e-05,0.00014711658632387073
20,dimuon,0.001,408,3.7850383860024996e-05,0.00014711658632387073
20,dimuon,0.001,409,3.7850383860024996e-05,0.00014711658632387073
20,dimuon,0.001,410,3.7850383860024996e-05,0.00014711658632387073
20,dimuon,0.001,411,3.7850383860024996e-05,0.00014711658632387073
20,dimuon,0.001,412,3.7850383860024996e-05,0.00014711658632387073
20,dimuon,0.001,413,3.7850383860024996e-05,0.00014711658632387073
20,dimuon,0.001,414,3.7850383860024996e-05,0.00014711658632387073
20,dimuon,0.001,415,3.7850383860024996e-05,0.00014711658632387073
20,dimuon,0.001,416,3.7850383860024996e-05,0.00014711658632387073
20,dimuon,0.001,417,3.7850383860024996e-05,0.00014711658632387073
20,dimuon,0.001,418,3.7850383860024996e-05,0.00014711658632387073
20,dimuon,0.001,419,3.7850383860024996e-05,0.00014711658632387073
20,dimuon,0.001,420,3.7850383860024996e-05,0.00014711658632387073
20,dimuon,0.001,421,3.7850383860024996e-05,0.00014711658632387073
20,dimuon,0.001,422,3.7850383860024996e-05,0.0001390823067309409
20,dimuon,0.001,423,3.7850383860024996e-05,0.00012926263167291555
20,dimuon,0.001,424,3.7850383860024996e-05,9.444742010355294e-05
20,dimuon,0.001,432,3.7850383860024996e-05,9.05195500803428e-05
20,dimuon,0.001,433,3.7850383860024996e-05,0.00012104981253347617
20,dimuon,0.001,434,3.7850383860024996e-05,0.00014211747902160326
20,dimuon,0.001,435,3.7850383860024996e-05,0.00014711658632387073
20,dimuon,0.001,436,3.7850383860024996e-05,0.00014711658632387073
20,dimuon,0.001,437,3.7850383860024996e-05,0.00014711658632387073
20,dimuon,0.001,438,3.7850383860024996e-05,0.00014711658632387073
20,dimuon,0.001,439,3.7850383860024996e-05,0.00014711658632387073
20,dimuon,0.001,440,3.7850383860024996e-05,0.00014711658632387073
20,dimuon,0.001,441,3.7850383860024996e-05,0.00014711658632387073
20,dimuon,0.001,442,3.7850383860024996e-05,0.00014711658632387073
20,dimuon,0.001,443,3.7850383860024996e-05,0.00014711658632387073
20,dimuon,0.001,444,3.7850383860024996e-05,0.00014711658632387073
20,dimuon,0.001,445,3.7850383860024996e-05,0.00014711658632387073
20,dimuon,0.001,446,3.7850383860024996e-05,0.00014711658632387073
20,dimuon,0.001,447,3.7850383860024996e-05,0.00014711658632387073
20,dimuon,0.001,448,3.7850383860024996e-05,0.00014711658632387073
20,dimuon,0.001,449,3.7850383860024996e-05,0.00014711658632387073
20,dimuon,0.001,450,3.7850383860024996e-05,0.00014711658632387073
20,dimuon,0.001,451,3.7850383860024996e-05,0.00014711658632387073
20,dimuon,0.001,452,3.7850383860024996e-05,0.00014711658632387073
20,dimuon,0.001,453,3.7850383860024996e-05,0.00014711658632387073
20,dimuon,0.001,454,3.7850383860024996e-05,0.00014711658632387073
20,dimuon,0.001,455,3.7850383860024996e-05,0.00014711658632387073
20,dimuon,0.001,456,3.7850383860024996e-05,0.00014711658632387073
20,dimuon,0.001,457,3.7850383860024996e-05,0.00014711658632387073
20,dimuon,0.001,458,3.7850383860024996e-05,0.00014711658632387073
20,dimuon,0.001,459,3.7850383860024996e-05,0.00014711658632387073
20,dimuon,0.001,460,3.7850383860024996e-05,0.00014711658632387073
20,dimuon,0.001,461,3.7850383860024996e-05,0.00014711658632387073
20,dimuon,0.001,462,3.7850383860024996e-05,0.00014711658632387073
20,dimuon,0.001,463,3.7850383860024996e-05,0.00014711658632387073
20,dimuon,0.001,464,3.7850383860024996e-05,0.00014711658632387073
20,dimuon,0.001,465,3.7850383860024996e-05,0.0001390823067309409
20,dimuon,0.001,466,3.7850383860024996e-05,0.00012926263167291555
20,dimuon,0.001,467,3.7850383860024996e-05,9.444742010355294e-05
20,dimuon,0.001,977,0,0
20,dimuon,0.001,1196,3.7850383860024996e-05,9.05195500803428e-05
20,dimuon,0.001,1197,3.7850383860024996e-05,0.00012104981253347617
20,dimuon,0.001,1198,3.7850383860024996e-05,0.00014211747902160326
20,dimuon,0.001,1199,3.7850383860024996e-05,0.00014711658632387073
20,dimuon,0.001,1200,3.7850383860024996e-05,0.00014711658632387073
20,dimuon,0.001,1201,3.7850383860024996e-05,0.0001390823067309409
20,dimuon,0.001,1202,3.7850383860024996e-05,0.00012926263167291555
20,dimuon,0.001,1203,3.7850383860024996e-05,9.444742010355294e-05
20,dimuon,0.001,1208,3.7850383860024996e-05,9.05195500803428e-05
20,dimuon,0.001,1209,3.7850383860024996e-05,0.00012104981253347617
20,dimuon,0.001,1210,3.7850383860024996e-05,0.00014211747902160326
20,dimuon,0.001,1211,3.7850383860024996e-05,0.00014711658632387073
20,dimuon,0.001,1212,3.7850383860024996e-05,0.00014711658632387073
20,dimuon,0.001,1213,3.7850383860024996e-05,0.0001390823067309409
20,dimuon,0.001,1214,3.7850383860024996e-05,0.00012926263167291555
20,dimuon,0.001,1215,3.7850383860024996e-05,9.444742010355294e-05
20,dimuon,0.001,1220,3.7850383860024996e-05,9.05195500803428e-05
20,dimuon,0.001,1221,3.7850383860024996e-05,0.00012104981253347617
20,dimuon,0.001,1222,3.7850383860024996e-05,0.00014211747902160326
20,dimuon,0.001,1223,3.7850383860024996e-05,0.00014711658632387073
20,dimuon,0.001,1224,3.7850383860024996e-05,0.00014711658632387073
20,dimuon,0.001,1225,3.7850383860024996e-05,0.0001390823067309409
20,dimuon,0.001,1226,3.7850383860024996e-05,0.00012926263167291555
20,dimuon,0.001,1227,3.7850383860024996e-05,9.444742010355294e-05
20,dimuon,0.001,1232,3.7850383860024996e-05,9.05195500803428e-05
20,dimuon,0.001,1233,3.7850383860024996e-05,0.00012104981253347617
20,dimuon,0.001,1234,3.7850383860024996e-05,0.00014211747902160326
20,dimuon,0.001,1235,3.7850383860024996e-05,0.00014711658632387073
20,dimuon,0.001,1236,3.7850383860024996e-05,0.00014711658632387073
20,dimuon,0.001,1237,3.7850383860024996e-05,0.0001390823067309409
20,dimuon,0.001,1238,3.7850383860024996e-05,0.00012926263167291555
20,dimuon,0.001,1239,3.7850383860024996e-05,9.444742010355294e-05
20,dimuon,0.001,1244,3.7850383860024996e-05,9.05195500803428e-05
20,dimuon,0.001,1245,3.7850383860024996e-05,0.00012104981253347617
20,dimuon,0.001,1246,3.7850383860024996e-05,0.00014211747902160326
20,dimuon,0.001,1247,3.7850383860024996e-05,0.00014711658632387073
20,dimuon,0.001,1248,3.7850383860024996e-05,0.00014711658632387073
20,dimuon,0.001,1249,3.7850383860024996e-05,0.0001390823067309409
20,dimuon,0.001,1250,3.7850383860024996e-05,0.00012926263167291555
20,dimuon,0.001,1251,3.7850383860024996e-05,9.444742010355294e-05
20,dimuon,0.001,1256,3.7850383860024996e-05,9.05195500803428e-05
20,dimuon,0.001,1257,3.7850383860024996e-05,0.00012104981253347617
20,dimuon,0.001,1258,3.7850383860024996e-05,0.00014211747902160326
20,dimuon,0.001,1259,3.7850383860024996e-05,0.00014711658632387073
20,dimuon,0.001,1260,3.7850383860024996e-05,0.00014711658632387073
20,dimuon,0.001,1261,3.7850383860024996e-05,0.0001390823067309409
20,dimuon,0.001,1262,3.7850383860024996e-05,0.00012926263167291555
20,dimuon,0.001,1263,3.7850383860024996e-05,9.444742010355294e-05
20,dimuon,0.001,1268,3.7850383860024996e-05,9.05195500803428e-05
20,dimuon,0.001,1269,3.7850383860024996e-05,0.00012104981253347617
20,dimuon,0.001,1270,3.7850383860024996e-05,0.00014211747902160326
20,dimuon,0.001,1271,3.7850383860024996e-05,0.00014711658632387073
20,dimuon,0.001,1272,3.7850383860024996e-05,0.00014711658632387073
20,dimuon,0.001,1273,3.7850383860024996e-05,0.0001390823067309409
20,dimuon,0.001,1274,3.7850383860024996e-05,0.00012926263167291555
20,dimuon,0.001,1275,3.7850383860024996e-05,9.444742010355294e-05
20,dimuon,0.001,1283,3.7850383860024996e-05,9.05195500803428e-05
20,dimuon,0.001,1284,3.7850383860024996e-05,0.00012104981253347617
20,dimuon,0.001,1285,3.7850383860024996e-05,0.00014211747902160326
20,dimuon,0.001,1286,3.7850383860024996e-05,0.00014711658632387073
20,dimuon,0.001,1287,3.7850383860024996e-05,0.00014711658632387073
20,dimuon,0.001,1288,3.7850383860024996e-05,0.00014711658632387073
20,dimuon,0.001,1289,3.7850383860024996e-05,0.00014711658632387073
20,dimuon,0.001,1290,3.7850383860024996e-05,0.00014711658632387073
20,dimuon,0.001,1291,3.7850383860024996e-05,0.00014711658632387073
20,dimuon,0.001,1292,3.7850383860024996e-05,0.00014711658632387073
20,dimuon,0.001,1293,3.7850383860024996e-05,0.00014711658632387073
20,dimuon,0.001,1294,3.7850383860024996e-05,0.00014711658632387073
20,dimuon,0.001,1295,3.7850383860024996e-05,0.00014711658632387073
20,dimuon,0.001,1296,3.7850383860024996e-05,0.00014711658632387073
20,dimuon,0.001,1297,3.7850383860024996e-05,0.00014711658632387073
20,dimuon,0.001,1298,3.7850383860024996e-05,0.00014711658632387073
20,dimuon,0.001,1299,3.7850383860024996e-05,0.00014711658632387073
20,dimuon,0.001,1300,3.7850383860024996e-05,0.00014711658632387073
20,dimuon,0.001,1301,3.7850383860024996e-05,0.00014711658632387073
20,dimuon,0.001,1302,3.7850383860024996e-05,0.00014711658632387073
20,dimuon,0.001,1303,3.7850383860024996e-05,0.00014711658632387073
20,dimuon,0.001,1304,3.7850383860024996e-05,0.00014711658632387073
20,dimuon,0.001,1305,3.7850383860024996e-05,0.00014711658632387073
20,dimuon,0.001,1306,3.7850383860024996e-05,0.00014711658632387073
20,dimuon,0.001,1307,3.7850383860024996e-05,0.00014711658632387073
20,dimuon,0.001,1308,3.7850383860024996e-05,0.00014711658632387073
20,dimuon,0.001,1309,3.7850383860024996e-05,0.00014711658632387073
20,dimuon,0.001,1310,3.7850383860024996e-05,0.00014711658632387073
20,dimuon,0.001,1311,3.7850383860024996e-05,0.00014711658632387073
20,dimuon,0.001,1312,3.7850383860024996e-05,0.00014711658632387073
20,dimuon,0.001,1313,3.7850383860024996e-05,0.00014711658632387073
20,dimuon,0.001,1314,3.7850383860024996e-05,0.00014711658632387073
20,dimuon,0.001,1315,3.7850383860024996e-05,0.00014711658632387073
20,dimuon,0.001,1316,3.7850383860024996e-05,0.0001390823067309409
20,dimuon,0.001,1317,3.7850383860024996e-05,0.00012926263167291555
20,dimuon,0.001,1318,3.7850383860024996e-05,9.444742010355294e-05
20,dimuon,0.001,1326,3.7850383860024996e-05,9.05195500803428e-05
20,dimuon,0.001,1327,3.7850383860024996e-05,0.00012104981253347617
20,dimuon,0.001,1328,3.7850383860024996e-05,0.00014211747902160326
20,dimuon,0.001,1329,3.7850383860024996e-05,0.00014711658632387073
20,dimuon,0.001,1330,3.7850383860024996e-05,0.00014711658632387073
20,dimuon,0.001,1331,3.7850383860024996e-05,0.00014711658632387073
20,dimuon,0.001,1332,3.7850383860024996e-05,0.00014711658632387073
20,dimuon,0.001,1333,3.7850383860024996e-05,0.00014711658632387073
20,dimuon,0.001,1334,3.7850383860024996e-05,0.00014711658632387073
20,dimuon,0.001,1335,3.7850383860024996e-05,0.00014711658632387073
20,dimuon,0.001,1336,3.7850383860024996e-05,0.00014711658632387073
20,dimuon,0.001,1337,3.7850383860024996e-05,0.00014711658632387073
20,dimuon,0.001,1338,3.7850383860024996e-05,0.00014711658632387073
20,dimuon,0.001,1339,3.7850383860024996e-05,0.00014711658632387073
20,dimuon,0.001,1340,3.7850383860024996e-05,0.00014711658632387073
20,dimuon,0.001,1341,3.7850383860024996e-05,0.00014711658632387073
20,dimuon,0.001,1342,3.7850383860024996e-05,0.00014711658632387073
20,dimuon,0.001,1343,3.7850383860024996e-05,0.00014711658632387073
20,dimuon,0.001,1344,3.7850383860024996e-05,0.00014711658632387073
20,dimuon,0.001,1345,3.7850383860024996e-05,0.00014711658632387073
20,dimuon,0.001,1346,3.7850383860024996e-05,0.00014711658632387073
20,dimuon,0.001,1347,3.7850383860024996e-05,0.00014711658632387073
20,dimuon,0.001,1348,3.7850383860024996e-05,0.00014711658632387073
20,dimuon,0.001,1349,3.7850383860024996e-05,0.00014711658632387073
20,dimuon,0.001,1350,3.7850383860024996e-05,0.00014711658632387073
20,dimuon,0.001,1351,3.7850383860024996e-05,0.00014711658632387073
20,dimuon,0.001,1352,3.7850383860024996e-05,0.00014711658632387073
20,dimuon,0.001,1353,3.7850383860024996e-05,0.00014711658632387073
20,dimuon,0.001,1354,3.7850383860024996e-05,0.00014711658632387073
20,dimuon,0.001,1355,3.7850383860024996e-05,0.00014711658632387073
20,dimuon,0.001,1356,3.7850383860024996e-05,0.00014711658632387073
20,dimuon,0.001,1357,3.7850383860024996e-05,0.00014711658632387073
20,dimuon,0.001,1358,3.7850383860024996e-05,0.00014711658632387073
20,dimuon,0.001,1359,3.7850383860024996e-05,0.0001390823067309409
20,dimuon,0.001,1360,3.7850383860024996e-05,0.00012926263167291555
20,dimuon,0.001,1361,3.7850383860024996e-05,9.444742010355294e-05
20,dimuon,0.001,1871,3.7850383860024996e-05,3.7850383860024996e-05
20,dimuon,0.001,2090,3.7850383860024996e-05,9.05195500803428e-05
20,dimuon,0.001,2091,3.7850383860024996e-05,0.00012104981253347617
20,dimuon,0.001,2092,3.7850383860024996e-05,0.00014211747902160326
20,dimuon,0.001,2093,3.7850383860024996e-05,0.00014711658632387073
20,dimuon,0.001,2094,3.7850383860024996e-05,0.00014711658632387073
20,dimuon,0.001,2095,3.7850383860024996e-05,0.0001390823067309409
20,dimuon,0.001,2096,3.7850383860024996e-05,0.00012926263167291555
20,dimuon,0.001,2097,3.7850383860024996e-05,9.444742010355294e-05
20,dimuon,0.001,2102,3.7850383860024996e-05,9.05195500803428e-05
20,dimuon,0.001,2103,3.7850383860024996e-05,0.00012104981253347617
20,dimuon,0.001,2104,3.7850383860024996e-05,0.00014211747902160326
20,dimuon,0.001,2105,3.7850383860024996e-05,0.00014711658632387073
20,dimuon,0.001,2106,3.7850383860024996e-05,0.00014711658632387073
20,dimuon,0.001,2107,3.7850383860024996e-05,0.0001390823067309409
20,dimuon,0.001,2108,3.7850383860024996e-05,0.00012926263167291555
20,dimuon,0.001,2109,3.7850383860024996e-05,9.444742010355294e-05
20,dimuon,0.001,2114,3.7850383860024996e-05,9.05195500803428e-05
20,dimuon,0.001,2115,3.7850383860024996e-05,0.00012104981253347617
20,dimuon,0.001,2116,3.7850383860024996e-05,0.00014211747902160326
20,dimuon,0.001,2117,3.7850383860024996e-05,0.00014711658632387073
20,dimuon,0.001,2118,3.7850383860024996e-05,0.00014711658632387073
20,dimuon,0.001,2119,3.7850383860024996e-05,0.0001390823067309409
20,dimuon,0.001,2120,3.7850383860024996e-05,0.00012926263167291555
20,dimuon,0.001,2121,3.7850383860024996e-05,9.444742010355294e-05
20,dimuon,0.001,2126,3.7850383860024996e-05,9.05195500803428e-05
20,dimuon,0.001,2127,3.7850383860024996e-05,0.00012104981253347617
20,dimuon,0.001,2128,3.7850383860024996e-05,0.00014211747902160326
20,dimuon,0.001,2129,3.7850383860024996e-05,0.00014711658632387073
20,dimuon,0.001,2130,3.7850383860024996e-05,0.00014711658632387073
20,dimuon,0.001,2131,3.7850383860024996e-05,0.0001390823067309409
20,dimuon,0.001,2132,3.7850383860024996e-05,0.00012926263167291555
20,dimuon,0.001,2133,3.7850383860024996e-05,9.444742010355294e-05
20,dimuon,0.001,2138,3.7850383860024996e-05,9.05195500803428e-05
20,dimuon,0.001,2139,3.7850383860024996e-05,0.00012104981253347617
20,dimuon,0.001,2140,3.7850383860024996e-05,0.00014211747902160326
20,dimuon,0.001,2141,3.7850383860024996e-05,0.00014711658632387073
20,dimuon,0.001,2142,3.7850383860024996e-05,0.00014711658632387073
20,dimuon,0.001,2143,3.7850383860024996e-05,0.0001390823067309409
20,dimuon,0.001,2144,3.7850383860024996e-05,0.00012926263167291555
20,dimuon,0.001,2145,3.7850383860024996e-05,9.444742010355294e-05
20,dimuon,0.001,2150,3.7850383860024996e-05,9.05195500803428e-05
20,dimuon,0.001,2151,3.7850383860024996e-05,0.00012104981253347617
20,dimuon,0.001,2152,3.7850383860024996e-05,0.00014211747902160326
20,dimuon,0.001,2153,3.7850383860024996e-05,0.00014711658632387073
20,dimuon,0.001,2154,3.7850383860024996e-05,0.00014711658632387073
20,dimuon,0.001,2155,3.7850383860024996e-05,0.0001390823067309409
20,dimuon,0.001,2156,3.7850383860024996e-05,0.00012926263167291555
20,dimuon,0.001,2157,3.7850383860024996e-05,9.444742010355294e-05
20,dimuon,0.001,2162,3.7850383860024996e-05,9.05195500803428e-05
20,dimuon,0.001,2163,3.7850383860024996e-05,0.00012104981253347617
20,dimuon,0.001,2164,3.7850383860024996e-05,0.00014211747902160326
20,dimuon,0.001,2165,3.7850383860024996e-05,0.00014711658632387073
20,dimuon,0.001,2166,3.7850383860024996e-05,0.00014711658632387073
20,dimuon,0.001,2167,3.7850383860024996e-05,0.0001390823067309409
20,dimuon,0.001,2168,3.7850383860024996e-05,0.00012926263167291555
20,dimuon,0.001,2169,3.7850383860024996e-05,9.444742010355294e-05
20,dimuon,0.001,2177,3.7850383860024996e-05,9.05195500803428e-05
20,dimuon,0.001,2178,3.7850383860024996e-05,0.00012104981253347617
20,dimuon,0.001,2179,3.7850383860024996e-05,0.00014211747902160326
20,dimuon,0.001,2180,3.7850383860024996e-05,0.00014711658632387073
20,dimuon,0.001,2181,3.7850383860024996e-05,0.00014711658632387073
20,dimuon,0.001,2182,3.7850383860024996e-05,0.00014711658632387073
20,dimuon,0.001,2183,3.7850383860024996e-05,0.00014711658632387073
20,dimuon,0.001,2184,3.7850383860024996e-05,0.00014711658632387073
20,dimuon,0.001,2185,3.7850383860024996e-05,0.00014711658632387073
20,dimuon,0.001,2186,3.7850383860024996e-05,0.00014711658632387073
20,dimuon,0.001,2187,3.7850383860024996e-05,0.00014711658632387073
20,dimuon,0.001,2188,3.7850383860024996e-05,0.00014711658632387073
20,dimuon,0.001,2189,3.7850383860024996e-05,0.00014711658632387073
20,dimuon,0.001,2190,3.7850383860024996e-05,0.00014711658632387073
20,dimuon,0.001,2191,3.7850383860024996e-05,0.00014711658632387073
20,dimuon,0.001,2192,3.7850383860024996e-05,0.00014711658632387073
20,dimuon,0.001,2193,3.7850383860024996e-05,0.00014711658632387073
20,dimuon,0.001,2194,3.7850383860024996e-05,0.00014711658632387073
20,dimuon,0.001,2195,3.7850383860024996e-05,0.00014711658632387073
20,dimuon,0.001,2196,3.7850383860024996e-05,0.00014711658632387073
20,dimuon,0.001,2197,3.7850383860024996e-05,0.00014711658632387073
20,dimuon,0.001,2198,3.7850383860024996e-05,0.00014711658632387073
20,dimuon,0.001,2199,3.7850383860024996e-05,0.00014711658632387073
20,dimuon,0.001,2200,3.7850383860024996e-05,0.00014711658632387073
20,dimuon,0.001,2201,3.7850383860024996e-05,0.00014711658632387073
20,dimuon,0.001,2202,3.7850383860024996e-05,0.00014711658632387073
20,dimuon,0.001,2203,3.7850383860024996e-05,0.00014711658632387073
20,dimuon,0.001,2204,3.7850383860024996e-05,0.00014711658632387073
20,dimuon,0.001,2205,3.7850383860024996e-05,0.00014711658632387073
20,dimuon,0.001,2206,3.7850383860024996e-05,0.00014711658632387073
20,dimuon,0.001,2207,3.7850383860024996e-05,0.00014711658632387073
20,dimuon,0.001,2208,3.7850383860024996e-05,0.00014711658632387073
20,dimuon,0.001,2209,3.7850383860024996e-05,0.00014711658632387073
20,dimuon,0.001,2210,3.7850383860024996e-05,0.0001390823067309409
20,dimuon,0.001,2211,3.7850383860024996e-05,0.00012926263167291555
20,dimuon,0.001,2212,3.7850383860024996e-05,9.444742010355294e-05
20,dimuon,0.001,2220,3.7850383860024996e-05,9.05195500803428e-05
20,dimuon,0.001,2221,3.7850383860024996e-05,0.00012104981253347617
20,dimuon,0.001,2222,3.7850383860024996e-05,0.00014211747902160326
20,dimuon,0.001,2223,3.7850383860024996e-05,0.00014711658632387073
20,dimuon,0.001,2224,3.7850383860024996e-05,0.00014711658632387073
20,dimuon,0.001,2225,3.7850383860024996e-05,0.00014711658632387073
20,dimuon,0.001,2226,3.7850383860024996e-05,0.00014711658632387073
20,dimuon,0.001,2227,3.7850383860024996e-05,0.00014711658632387073
20,dimuon,0.001,2228,3.7850383860024996e-05,0.00014711658632387073
20,dimuon,0.001,2229,3.7850383860024996e-05,0.00014711658632387073
20,dimuon,0.001,2230,3.7850383860024996e-05,0.00014711658632387073
20,dimuon,0.001,2231,3.7850383860024996e-05,0.00014711658632387073
20,dimuon,0.001,2232,3.7850383860024996e-05,0.00014711658632387073
20,dimuon,0.001,2233,3.7850383860024996e-05,0.00014711658632387073
20,dimuon,0.001,2234,3.7850383860024996e-05,0.00014711658632387073
20,dimuon,0.001,2235,3.7850383860024996e-05,0.00014711658632387073
20,dimuon,0.001,2236,3.7850383860024996e-05,0.00014711658632387073
20,dimuon,0.001,2237,3.7850383860024996e-05,0.00014711658632387073
20,dimuon,0.001,2238,3.7850383860024996e-05,0.00014711658632387073
20,dimuon,0.001,2239,3.7850383860024996e-05,0.00014711658632387073
20,dimuon,0.001,2240,3.7850383860024996e-05,0.00014711658632387073
20,dimuon,0.001,2241,3.7850383860024996e-05,0.00014711658632387073
20,dimuon,0.001,2242,3.7850383860024996e-05,0.00014711658632387073
20,dimuon,0.001,2243,3.7850383860024996e-05,0.00014711658632387073
20,dimuon,0.001,2244,3.7850383860024996e-05,0.00014711658632387073
20,dimuon,0.001,2245,3.7850383860024996e-05,0.00014711658632387073
20,dimuon,0.001,2246,3.7850383860024996e-05,0.00014711658632387073
20,dimuon,0.001,2247,3.7850383860024996e-05,0.00014711658632387073
20,dimuon,0.001,2248,3.7850383860024996e-05,0.00014711658632387073
20,dimuon,0.001,2249,3.7850383860024996e-05,0.00014711658632387073
20,dimuon,0.001,2250,3.7850383860024996e-05,0.00014711658632387073
20,dimuon,0.001,2251,3.7850383860024996e-05,0.00014711658632387073
20,dimuon,0.001,2252,3.7850383860024996e-05,0.00014711658632387073
20,dimuon,0.001,2253,3.7850383860024996e-05,0.0001390823067309409
20,dimuon,0.001,2254,3.7850383860024996e-05,0.00012926263167291555
20,dimuon,0.001,2255,3.7850383860024996e-05,9.444742010355294e-05
20,dimuon,0.01,1,0,0
20,dimuon,0.01,2,0,0
20,dimuon,0.01,3,0,0
20,dimuon,0.01,4,0,0
20,dimuon,0.01,5,0,0
20,dimuon,0.01,6,0,0
20,dimuon,0.01,7,0,0
20,dimuon,0.01,8,0,0
20,dimuon,0.01,9,0,0
20,dimuon,0.01,10,0,0
20,dimuon,0.01,11,0,0
20,dimuon,0.01,12,0,0
20,dimuon,0.01,86,0.00037850383860025,0.00037850383860025
20,dimuon,0.01,302,0.00037850383860025,0.0009051955008034279
20,dimuon,0.01,303,0.00037850383860025,0.0012104981253347618
20,dimuon,0.01,304,0.00037850383860025,0.0014211747902160329
20,dimuon,0.01,305,0.00037850383860025,0.0014711658632387073
20,dimuon,0.01,306,0.00037850383860025,0.0014711658632387073
20,dimuon,0.01,307,0.00037850383860025,0.001390823067309409
20,dimuon,0.01,308,0.00037850383860025,0.0012926263167291553
20,dimuon,0.01,309,0.00037850383860025,0.0009444742010355293
20,dimuon,0.01,314,0.00037850383860025,0.0009051955008034279
20,dimuon,0.01,315,0.00037850383860025,0.0012104981253347618
20,dimuon,0.01,316,0.00037850383860025,0.0014211747902160329
20,dimuon,0.01,317,0.00037850383860025,0.0014711658632387073
20,dimuon,0.01,318,0.00037850383860025,0.0014711658632387073
20,dimuon,0.01,319,0.00037850383860025,0.001390823067309409
20,dimuon,0.01,320,0.00037850383860025,0.0012926263167291553
20,dimuon,0.01,321,0.00037850383860025,0.0009444742010355293
20,dimuon,0.01,326,0.00037850383860025,0.0009051955008034279
20,dimuon,0.01,327,0.00037850383860025,0.0012104981253347618
20,dimuon,0.01,328,0.00037850383860025,0.0014211747902160329
20,dimuon,0.01,329,0.00037850383860025,0.0014711658632387073
20,dimuon,0.01,330,0.00037850383860025,0.0014711658632387073
20,dimuon,0.01,331,0.00037850383860025,0.001390823067309409
20,dimuon,0.01,332,0.00037850383860025,0.0012926263167291553
20,dimuon,0.01,333,0.00037850383860025,0.0009444742010355293
20,dimuon,0.01,338,0.00037850383860025,0.0009051955008034279
20,dimuon,0.01,339,0.00037850383860025,0.0012104981253347618
20,dimuon,0.01,340,0.00037850383860025,0.0014211747902160329
20,dimuon,0.01,341,0.00037850383860025,0.0014711658632387073
20,dimuon,0.01,342,0.00037850383860025,0.0014711658632387073
20,dimuon,0.01,343,0.00037850383860025,0.001390823067309409
20,dimuon,0.01,344,0.00037850383860025,0.0012926263167291553
20,dimuon,0.01,345,0.00037850383860025,0.0009444742010355293
20,dimuon,0.01,350,0.00037850383860025,0.0009051955008034279
20,dimuon,0.01,351,0.00037850383860025,0.0012104981253347618
20,dimuon,0.01,352,0.00037850383860025,0.0014211747902160329
20,dimuon,0.01,353,0.00037850383860025,0.0014711658632387073
20,dimuon,0.01,354,0.00037850383860025,0.0014711658632387073
20,dimuon,0.01,355,0.00037850383860025,0.001390823067309409
20,dimuon,0.01,356,0.00037850383860025,0.0012926263167291553
20,dimuon,0.01,357,0.00037850383860025,0.0009444742010355293
20,dimuon,0.01,362,0.00037850383860025,0.0009051955008034279
20,dimuon,0.01,363,0.00037850383860025,0.0012104981253347618
20,dimuon,0.01,364,0.00037850383860025,0.0014211747902160329
20,dimuon,0.01,365,0.00037850383860025,0.0014711658632387073
20,dimuon,0.01,366,0.00037850383860025,0.0014711658632387073
20,dimuon,0.01,367,0.00037850383860025,0.001390823067309409
20,dimuon,0.01,368,0.00037850383860025,0.0012926263167291553
20,dimuon,0.01,369,0.00037850383860025,0.0009444742010355293
20,dimuon,0.01,374,0.00037850383860025,0.0009051955008034279
20,dimuon,0.01,375,0.00037850383860025,0.0012104981253347618
20,dimuon,0.01,376,0.00037850383860025,0.0014211747902160329
20,dimuon,0.01,377,0.00037850383860025,0.0014711658632387073
20,dimuon,0.01,378,0.00037850383860025,0.0014711658632387073
20,dimuon,0.01,379,0.00037850383860025,0.001390823067309409
20,dimuon,0.01,380,0.00037850383860025,0.0012926263167291553
20,dimuon,0.01,381,0.00037850383860025,0.0009444742010355293
20,dimuon,0.01,389,0.00037850383860025,0.0009051955008034279
20,dimuon,0.01,390,0.00037850383860025,0.0012104981253347618
20,dimuon,0.01,391,0.00037850383860025,0.0014211747902160329
20,dimuon,0.01,392,0.00037850383860025,0.0014711658632387073
20,dimuon,0.01,393,0.00037850383860025,0.0014711658632387073
20,dimuon,0.01,394,0.00037850383860025,0.0014711658632387073
20,dimuon,0.01,395,0.00037850383860025,0.0014711658632387073
20,dimuon,0.01,396,0.00037850383860025,0.0014711658632387073
20,dimuon,0.01,397,0.00037850383860025,0.0014711658632387073
20,dimuon,0.01,398,0.00037850383860025,0.0014711658632387073
20,dimuon,0.01,399,0.00037850383860025,0.0014711658632387073
20,dimuon,0.01,400,0.00037850383860025,0.0014711658632387073
20,dimuon,0.01,401,0.00037850383860025,0.0014711658632387073
20,dimuon,0.01,402,0.00037850383860025,0.0014711658632387073
20,dimuon,0.01,403,0.00037850383860025,0.0014711658632387073
20,dimuon,0.01,404,0.00037850383860025,0.0014711658632387073
20,dimuon,0.01,405,0.00037850383860025,0.0014711658632387073
20,dimuon,0.01,406,0.00037850383860025,0.0014711658632387073
20,dimuon,0.01,407,0.00037850383860025,0.0014711658632387073
20,dimuon,0.01,408,0.00037850383860025,0.0014711658632387073
20,dimuon,0.01,409,0.00037850383860025,0.0014711658632387073
20,dimuon,0.01,410,0.00037850383860025,0.0014711658632387073
20,dimuon,0.01,411,0.00037850383860025,0.0014711658632387073
20,dimuon,0.01,412,0.00037850383860025,0.0014711658632387073
20,dimuon,0.01,413,0.00037850383860025,0.0014711658632387073
20,dimuon,0.01,414,0.00037850383860025,0.0014711658632387073
20,dimuon,0.01,415,0.00037850383860025,0.0014711658632387073
20,dimuon,0.01,416,0.00037850383860025,0.0014711658632387073
20,dimuon,0.01,417,0.00037850383860025,0.0014711658632387073
20,dimuon,0.01,418,0.00037850383860025,0.0014711658632387073
20,dimuon,0.01,419,0.00037850383860025,0.0014711658632387073
20,dimuon,0.01,420,0.00037850383860025,0.0014711658632387073
20,dimuon,0.01,421,0.00037850383860025,0.0014711658632387073
20,dimuon,0.01,422,0.00037850383860025,0.001390823067309409
20,dimuon,0.01,423,0.00037850383860025,0.0012926263167291553
20,dimuon,0.01,424,0.00037850383860025,0.0009444742010355293
20,dimuon,0.01,432,0.00037850383860025,0.0009051955008034279
20,dimuon,0.01,433,0.00037850383860025,0.0012104981253347618
20,dimuon,0.01,434,0.00037850383860025,0.0014211747902160329
20,dimuon,0.01,435,0.00037850383860025,0.0014711658632387073
20,dimuon,0.01,436,0.00037850383860025,0.0014711658632387073
20,dimuon,0.01,437,0.00037850383860025,0.0014711658632387073
20,dimuon,0.01,438,0.00037850383860025,0.0014711658632387073
20,dimuon,0.01,439,0.00037850383860025,0.0014711658632387073
20,dimuon,0.01,440,0.00037850383860025,0.0014711658632387073
20,dimuon,0.01,441,0.00037850383860025,0.0014711658632387073
20,dimuon,0.01,442,0.00037850383860025,0.0014711658632387073
20,dimuon,0.01,443,0.00037850383860025,0.0014711658632387073
20,dimuon,0.01,444,0.00037850383860025,0.0014711658632387073
20,dimuon,0.01,445,0.00037850383860025,0.0014711658632387073
20,dimuon,0.01,446,0.00037850383860025,0.0014711658632387073
20,dimuon,0.01,447,0.00037850383860025,0.0014711658632387073
20,dimuon,0.01,448,0.00037850383860025,0.0014711658632387073
20,dimuon,0.01,449,0.00037850383860025,0.0014711658632387073
20,dimuon,0.01,450,0.00037850383860025,0.0014711658632387073
20,dimuon,0.01,451,0.00037850383860025,0.0014711658632387073
20,dimuon,0.01,452,0.00037850383860025,0.0014711658632387073
20,dimuon,0.01,453,0.00037850383860025,0.0014711658632387073
20,dimuon,0.01,454,0.00037850383860025,0.0014711658632387073
20,dimuon,0.01,455,0.00037850383860025,0.0014711658632387073
20,dimuon,0.01,456,0.00037850383860025,0.0014711658632387073
20,dimuon,0.01,457,0.00037850383860025,0.0014711658632387073
20,dimuon,0.01,458,0.00037850383860025,0.0014711658632387073
20,dimuon,0.01,459,0.00037850383860025,0.0014711658632387073
20,dimuon,0.01,460,0.00037850383860025,0.0014711658632387073
20,dimuon,0.01,461,0.00037850383860025,0.0014711658632387073
20,dimuon,0.01,462,0.00037850383860025,0.0014711658632387073
20,dimuon,0.01,463,0.00037850383860025,0.0014711658632387073
20,dimuon,0.01,464,0.00037850383860025,0.0014711658632387073
20,dimuon,0.01,465,0.00037850383860025,0.001390823067309409
20,dimuon,0.01,466,0.00037850383860025,0.0012926263167291553
20,dimuon,0.01,467,0.00037850383860025,0.0009444742010355293
20,dimuon,0.01,977,0,0
20,dimuon,0.01,1196,0.00037850383860025,0.0009051955008034279
20,dimuon,0.01,1197,0.00037850383860025,0.0012104981253347618
20,dimuon,0.01,1198,0.00037850383860025,0.0014211747902160329
20,dimuon,0.01,1199,0.00037850383860025,0.0014711658632387073
20,dimuon,0.01,1200,0.00037850383860025,0.0014711658632387073
20,dimuon,0.01,1201,0.00037850383860025,0.001390823067309409
20,dimuon,0.01,1202,0.00037850383860025,0.0012926263167291553
20,dimuon,0.01,1203,0.00037850383860025,0.0009444742010355293
20,dimuon,0.01,1208,0.00037850383860025,0.0009051955008034279
20,dimuon,0.01,1209,0.00037850383860025,0.0012104981253347618
20,dimuon,0.01,1210,0.00037850383860025,0.0014211747902160329
20,dimuon,0.01,1211,0.00037850383860025,0.0014711658632387073
20,dimuon,0.01,1212,0.00037850383860025,0.0014711658632387073
20,dimuon,0.01,1213,0.00037850383860025,0.001390823067309409
20,dimuon,0.01,1214,0.00037850383860025,0.0012926263167291553
20,dimuon,0.01,1215,0.00037850383860025,0.0009444742010355293
20,dimuon,0.01,1220,0.00037850383860025,0.0009051955008034279
20,dimuon,0.01,1221,0.00037850383860025,0.0012104981253347618
20,dimuon,0.01,1222,0.00037850383860025,0.0014211747902160329
20,dimuon,0.01,1223,0.00037850383860025,0.0014711658632387073
20,dimuon,0.01,1224,0.00037850383860025,0.0014711658632387073
20,dimuon,0.01,1225,0.00037850383860025,0.001390823067309409
20,dimuon,0.01,1226,0.00037850383860025,0.0012926263167291553
20,dimuon,0.01,1227,0.00037850383860025,0.0009444742010355293
20,dimuon,0.01,1232,0.00037850383860025,0.0009051955008034279
20,dimuon,0.01,1233,0.00037850383860025,0.0012104981253347618
20,dimuon,0.01,1234,0.00037850383860025,0.0014211747902160329
20,dimuon,0.01,1235,0.00037850383860025,0.0014711658632387073
20,dimuon,0.01,1236,0.00037850383860025,0.0014711658632387073
20,dimuon,0.01,1237,0.00037850383860025,0.001390823067309409
20,dimuon,0.01,1238,0.00037850383860025,0.0012926263167291553
20,dimuon,0.01,1239,0.00037850383860025,0.0009444742010355293
20,dimuon,0.01,1244,0.00037850383860025,0.0009051955008034279
20,dimuon,0.01,1245,0.00037850383860025,0.0012104981253347618
20,dimuon,0.01,1246,0.00037850383860025,0.0014211747902160329
20,dimuon,0.01,1247,0.00037850383860025,0.0014711658632387073
20,dimuon,0.01,1248,0.00037850383860025,0.0014711658632387073
20,dimuon,0.01,1249,0.00037850383860025,0.001390823067309409
20,dimuon,0.01,1250,0.00037850383860025,0.0012926263167291553
20,dimuon,0.01,1251,0.00037850383860025,0.0009444742010355293
20,dimuon,0.01,1256,0.00037850383860025,0.0009051955008034279
20,dimuon,0.01,1257,0.00037850383860025,0.0012104981253347618
20,dimuon,0.01,1258,0.00037850383860025,0.0014211747902160329
20,dimuon,0.01,1259,0.00037850383860025,0.0014711658632387073
20,dimuon,0.01,1260,0.00037850383860025,0.0014711658632387073
20,dimuon,0.01,1261,0.00037850383860025,0.001390823067309409
20,dimuon,0.01,1262,0.00037850383860025,0.0012926263167291553
20,dimuon,0.01,1263,0.00037850383860025,0.0009444742010355293
20,dimuon,0.01,1268,0.00037850383860025,0.0009051955008034279
20,dimuon,0.01,1269,0.00037850383860025,0.0012104981253347618
20,dimuon,0.01,1270,0.00037850383860025,0.0014211747902160329
20,dimuon,0.01,1271,0.00037850383860025,0.0014711658632387073
20,dimuon,0.01,1272,0.00037850383860025,0.0014711658632387073
20,dimuon,0.01,1273,0.00037850383860025,0.001390823067309409
20,dimuon,0.01,1274,0.00037850383860025,0.0012926263167291553
20,dimuon,0.01,1275,0.00037850383860025,0.0009444742010355293
20,dimuon,0.01,1283,0.00037850383860025,0.0009051955008034279
20,dimuon,0.01,1284,0.00037850383860025,0.0012104981253347618
20,dimuon,0.01,1285,0.00037850383860025,0.0014211747902160329
20,dimuon,0.01,1286,0.00037850383860025,0.0014711658632387073
20,dimuon,0.01,1287,0.00037850383860025,0.0014711658632387073
20,dimuon,0.01,1288,0.00037850383860025,0.0014711658632387073
20,dimuon,0.01,1289,0.00037850383860025,0.0014711658632387073
20,dimuon,0.01,1290,0.00037850383860025,0.0014711658632387073
20,dimuon,0.01,1291,0.00037850383860025,0.0014711658632387073
20,dimuon,0.01,1292,0.00037850383860025,0.0014711658632387073
20,dimuon,0.01,1293,0.00037850383860025,0.0014711658632387073
20,dimuon,0.01,1294,0.00037850383860025,0.0014711658632387073
20,dimuon,0.01,1295,0.00037850383860025,0.0014711658632387073
20,dimuon,0.01,1296,0.00037850383860025,0.0014711658632387073
20,dimuon,0.01,1297,0.00037850383860025,0.0014711658632387073
20,dimuon,0.01,1298,0.00037850383860025,0.0014711658632387073
20,dimuon,0.01,1299,0.00037850383860025,0.0014711658632387073
20,dimuon,0.01,1300,0.00037850383860025,0.0014711658632387073
20,dimuon,0.01,1301,0.00037850383860025,0.0014711658632387073
20,dimuon,0.01,1302,0.00037850383860025,0.0014711658632387073
20,dimuon,0.01,1303,0.00037850383860025,0.0014711658632387073
20,dimuon,0.01,1304,0.00037850383860025,0.0014711658632387073
20,dimuon,0.01,1305,0.00037850383860025,0.0014711658632387073
20,dimuon,0.01,1306,0.00037850383860025,0.0014711658632387073
20,dimuon,0.01,1307,0.00037850383860025,0.0014711658632387073
20,dimuon,0.01,1308,0.00037850383860025,0.0014711658632387073
20,dimuon,0.01,1309,0.00037850383860025,0.0014711658632387073
20,dimuon,0.01,1310,0.00037850383860025,0.0014711658632387073
20,dimuon,0.01,1311,0.00037850383860025,0.0014711658632387073
20,dimuon,0.01,1312,0.00037850383860025,0.0014711658632387073
20,dimuon,0.01,1313,0.00037850383860025,0.0014711658632387073
20,dimuon,0.01,1314,0.00037850383860025,0.0014711658632387073
20,dimuon,0.01,1315,0.00037850383860025,0.0014711658632387073
20,dimuon,0.01,1316,0.00037850383860025,0.001390823067309409
20,dimuon,0.01,1317,0.00037850383860025,0.0012926263167291553
20,dimuon,0.01,1318,0.00037850383860025,0.0009444742010355293
20,dimuon,0.01,1326,0.00037850383860025,0.0009051955008034279
20,dimuon,0.01,1327,0.00037850383860025,0.0012104981253347618
20,dimuon,0.01,1328,0.00037850383860025,0.0014211747902160329
20,dimuon,0.01,1329,0.00037850383860025,0.0014711658632387073
20,dimuon,0.01,1330,0.00037850383860025,0.0014711658632387073
20,dimuon,0.01,1331,0.00037850383860025,0.0014711658632387073
20,dimuon,0.01,1332,0.00037850383860025,0.0014711658632387073
20,dimuon,0.01,1333,0.00037850383860025,0.0014711658632387073
20,dimuon,0.01,1334,0.00037850383860025,0.0014711658632387073
20,dimuon,0.01,1335,0.00037850383860025,0.0014711658632387073
20,dimuon,0.01,1336,0.00037850383860025,0.0014711658632387073
20,dimuon,0.01,1337,0.00037850383860025,0.0014711658632387073
20,dimuon,0.01,1338,0.00037850383860025,0.0014711658632387073
20,dimuon,0.01,1339,0.00037850383860025,0.0014711658632387073
20,dimuon,0.01,1340,0.00037850383860025,0.0014711658632387073
20,dimuon,0.01,1341,0.00037850383860025,0.0014711658632387073
20,dimuon,0.01,1342,0.00037850383860025,0.0014711658632387073
20,dimuon,0.01,1343,0.00037850383860025,0.0014711658632387073
20,dimuon,0.01,1344,0.00037850383860025,0.0014711658632387073
20,dimuon,0.01,1345,0.00037850383860025,0.0014711658632387073
20,dimuon,0.01,1346,0.00037850383860025,0.0014711658632387073
20,dimuon,0.01,1347,0.00037850383860025,0.0014711658632387073
20,dimuon,0.01,1348,0.00037850383860025,0.0014711658632387073
20,dimuon,0.01,1349,0.00037850383860025,0.0014711658632387073
20,dimuon,0.01,1350,0.00037850383860025,0.0014711658632387073
20,dimuon,0.01,1351,0.00037850383860025,0.0014711658632387073
20,dimuon,0.01,1352,0.00037850383860025,0.0014711658632387073
20,dimuon,0.01,1353,0.00037850383860025,0.0014711658632387073
20,dimuon,0.01,1354,0.00037850383860025,0.0014711658632387073
20,dimuon,0.01,1355,0.00037850383860025,0.0014711658632387073
20,dimuon,0.01,1356,0.00037850383860025,0.0014711658632387073
20,dimuon,0.01,1357,0.00037850383860025,0.0014711658632387073
20,dimuon,0.01,1358,0.00037850383860025,0.0014711658632387073
20,dimuon,0.01,1359,0.00037850383860025,0.001390823067309409
20,dimuon,0.01,1360,0.00037850383860025,0.0012926263167291553
20,dimuon,0.01,1361,0.00037850383860025,0.0009444742010355293
20,dimuon,0.01,1871,0.00037850383860025,0.00037850383860025
20,dimuon,0.01,2090,0.00037850383860025,0.0009051955008034279
20,dimuon,0.01,2091,0.00037850383860025,0.0012104981253347618
20,dimuon,0.01,2092,0.00037850383860025,0.0014211747902160329
20,dimuon,0.01,2093,0.00037850383860025,0.0014711658632387073
20,dimuon,0.01,2094,0.00037850383860025,0.0014711658632387073
20,dimuon,0.01,2095,0.00037850383860025,0.001390823067309409
20,dimuon,0.01,2096,0.00037850383860025,0.0012926263167291553
20,dimuon,0.01,2097,0.00037850383860025,0.0009444742010355293
20,dimuon,0.01,2102,0.00037850383860025,0.0009051955008034279
20,dimuon,0.01,2103,0.00037850383860025,0.0012104981253347618
20,dimuon,0.01,2104,0.00037850383860025,0.0014211747902160329
20,dimuon,0.01,2105,0.00037850383860025,0.0014711658632387073
20,dimuon,0.01,2106,0.00037850383860025,0.0014711658632387073
20,dimuon,0.01,2107,0.00037850383860025,0.001390823067309409
20,dimuon,0.01,2108,0.00037850383860025,0.0012926263167291553
20,dimuon,0.01,2109,0.00037850383860025,0.0009444742010355293
20,dimuon,0.01,2114,0.00037850383860025,0.0009051955008034279
20,dimuon,0.01,2115,0.00037850383860025,0.0012104981253347618
20,dimuon,0.01,2116,0.00037850383860025,0.0014211747902160329
20,dimuon,0.01,2117,0.00037850383860025,0.0014711658632387073
20,dimuon,0.01,2118,0.00037850383860025,0.0014711658632387073
20,dimuon,0.01,2119,0.00037850383860025,0.001390823067309409
20,dimuon,0.01,2120,0.00037850383860025,0.0012926263167291553
20,dimuon,0.01,2121,0.00037850383860025,0.0009444742010355293
20,dimuon,0.01,2126,0.00037850383860025,0.0009051955008034279
20,dimuon,0.01,2127,0.00037850383860025,0.0012104981253347618
20,dimuon,0.01,2128,0.00037850383860025,0.0014211747902160329
20,dimuon,0.01,2129,0.00037850383860025,0.0014711658632387073
20,dimuon,0.01,2130,0.00037850383860025,0.0014711658632387073
20,dimuon,0.01,2131,0.00037850383860025,0.001390823067309409
20,dimuon,0.01,2132,0.00037850383860025,0.0012926263167291553
20,dimuon,0.01,2133,0.00037850383860025,0.0009444742010355293
20,dimuon,0.01,2138,0.00037850383860025,0.0009051955008034279
20,dimuon,0.01,2139,0.00037850383860025,0.0012104981253347618
20,dimuon,0.01,2140,0.00037850383860025,0.0014211747902160329
20,dimuon,0.01,2141,0.00037850383860025,0.0014711658632387073
20,dimuon,0.01,2142,0.00037850383860025,0.0014711658632387073
20,dimuon,0.01,2143,0.00037850383860025,0.001390823067309409
20,dimuon,0.01,2144,0.00037850383860025,0.0012926263167291553
20,dimuon,0.01,2145,0.00037850383860025,0.0009444742010355293
20,dimuon,0.01,2150,0.00037850383860025,0.0009051955008034279
20,dimuon,0.01,2151,0.00037850383860025,0.0012104981253347618
20,dimuon,0.01,2152,0.00037850383860025,0.0014211747902160329
20,dimuon,0.01,2153,0.00037850383860025,0.0014711658632387073
20,dimuon,0.01,2154,0.00037850383860025,0.0014711658632387073
20,dimuon,0.01,2155,0.00037850383860025,0.001390823067309409
20,dimuon,0.01,2156,0.00037850383860025,0.0012926263167291553
20,dimuon,0.01,2157,0.00037850383860025,0.0009444742010355293
20,dimuon,0.01,2162,0.00037850383860025,0.0009051955008034279
20,dimuon,0.01,2163,0.00037850383860025,0.0012104981253347618
20,dimuon,0.01,2164,0.00037850383860025,0.0014211747902160329
20,dimuon,0.01,2165,0.00037850383860025,0.0014711658632387073
20,dimuon,0.01,2166,0.00037850383860025,0.0014711658632387073
20,dimuon,0.01,2167,0.00037850383860025,0.001390823067309409
20,dimuon,0.01,2168,0.00037850383860025,0.0012926263167291553
20,dimuon,0.01,2169,0.00037850383860025,0.0009444742010355293
20,dimuon,0.01,2177,0.00037850383860025,0.0009051955008034279
20,dimuon,0.01,2178,0.00037850383860025,0.0012104981253347618
20,dimuon,0.01,2179,0.00037850383860025,0.0014211747902160329
20,dimuon,0.01,2180,0.00037850383860025,0.0014711658632387073
20,dimuon,0.01,2181,0.00037850383860025,0.0014711658632387073
20,dimuon,0.01,2182,0.00037850383860025,0.0014711658632387073
20,dimuon,0.01,2183,0.00037850383860025,0.0014711658632387073
20,dimuon,0.01,2184,0.00037850383860025,0.0014711658632387073
20,dimuon,0.01,2185,0.00037850383860025,0.0014711658632387073
20,dimuon,0.01,2186,0.00037850383860025,0.0014711658632387073
20,dimuon,0.01,2187,0.00037850383860025,0.0014711658632387073
20,dimuon,0.01,2188,0.00037850383860025,0.0014711658632387073
20,dimuon,0.01,2189,0.00037850383860025,0.0014711658632387073
20,dimuon,0.01,2190,0.00037850383860025,0.0014711658632387073
20,dimuon,0.01,2191,0.00037850383860025,0.0014711658632387073
20,dimuon,0.01,2192,0.00037850383860025,0.0014711658632387073
20,dimuon,0.01,2193,0.00037850383860025,0.0014711658632387073
20,dimuon,0.01,2194,0.00037850383860025,0.0014711658632387073
20,dimuon,0.01,2195,0.00037850383860025,0.0014711658632387073
20,dimuon,0.01,2196,0.00037850383860025,0.0014711658632387073
20,dimuon,0.01,2197,0.00037850383860025,0.0014711658632387073
20,dimuon,0.01,2198,0.00037850383860025,0.0014711658632387073
20,dimuon,0.01,2199,0.00037850383860025,0.0014711658632387073
20,dimuon,0.01,2200,0.00037850383860025,0.0014711658632387073
20,dimuon,0.01,2201,0.00037850383860025,0.0014711658632387073
20,dimuon,0.01,2202,0.00037850383860025,0.0014711658632387073
20,dimuon,0.01,2203,0.00037850383860025,0.0014711658632387073
20,dimuon,0.01,2204,0.00037850383860025,0.0014711658632387073
20,dimuon,0.01,2205,0.00037850383860025,0.0014711658632387073
20,dimuon,0.01,2206,0.00037850383860025,0.0014711658632387073
20,dimuon,0.01,2207,0.00037850383860025,0.0014711658632387073
20,dimuon,0.01,2208,0.00037850383860025,0.0014711658632387073
20,dimuon,0.01,2209,0.00037850383860025,0.0014711658632387073
20,dimuon,0.01,2210,0.00037850383860025,0.001390823067309409
20,dimuon,0.01,2211,0.00037850383860025,0.0012926263167291553
20,dimuon,0.01,2212,0.00037850383860025,0.0009444742010355293
20,dimuon,0.01,2220,0.00037850383860025,0.0009051955008034279
20,dimuon,0.01,2221,0.00037850383860025,0.0012104981253347618
20,dimuon,0.01,2222,0.00037850383860025,0.0014211747902160329
20,dimuon,0.01,2223,0.00037850383860025,0.0014711658632387073
20,dimuon,0.01,2224,0.00037850383860025,0.0014711658632387073
20,dimuon,0.01,2225,0.00037850383860025,0.0014711658632387073
20,dimuon,0.01,2226,0.00037850383860025,0.0014711658632387073
20,dimuon,0.01,2227,0.00037850383860025,0.0014711658632387073
20,dimuon,0.01,2228,0.00037850383860025,0.0014711658632387073
20,dimuon,0.01,2229,0.00037850383860025,0.0014711658632387073
20,dimuon,0.01,2230,0.00037850383860025,0.0014711658632387073
20,dimuon,0.01,2231,0.00037850383860025,0.0014711658632387073
20,dimuon,0.01,2232,0.00037850383860025,0.0014711658632387073
20,dimuon,0.01,2233,0.00037850383860025,0.0014711658632387073
20,dimuon,0.01,2234,0.00037850383860025,0.0014711658632387073
20,dimuon,0.01,2235,0.00037850383860025,0.0014711658632387073
20,dimuon,0.01,2236,0.00037850383860025,0.0014711658632387073
20,dimuon,0.01,2237,0.00037850383860025,0.0014711658632387073
20,dimuon,0.01,2238,0.00037850383860025,0.0014711658632387073
20,dimuon,0.01,2239,0.00037850383860025,0.0014711658632387073
20,dimuon,0.01,2240,0.00037850383860025,0.0014711658632387073
20,dimuon,0.01,2241,0.00037850383860025,0.0014711658632387073
20,dimuon,0.01,2242,0.00037850383860025,0.0014711658632387073
20,dimuon,0.01,2243,0.00037850383860025,0.0014711658632387073
20,dimuon,0.01,2244,0.00037850383860025,0.0014711658632387073
20,dimuon,0.01,2245,0.00037850383860025,0.0014711658632387073
20,dimuon,0.01,2246,0.00037850383860025,0.0014711658632387073
20,dimuon,0.01,2247,0.00037850383860025,0.0014711658632387073
20,dimuon,0.01,2248,0.00037850383860025,0.0014711658632387073
20,dimuon,0.01,2249,0.00037850383860025,0.0014711658632387073
20,dimuon,0.01,2250,0.00037850383860025,0.0014711658632387073
20,dimuon,0.01,2251,0.00037850383860025,0.0014711658632387073
20,dimuon,0.01,2252,0.00037850383860025,0.0014711658632387073
20,dimuon,0.01,2253,0.00037850383860025,0.001390823067309409
20,dimuon,0.01,2254,0.00037850383860025,0.0012926263167291553
20,dimuon,0.01,2255,0.00037850383860025,0.0009444742010355293
20,dimuon,0.05,1,0,0
20,dimuon,0.05,2,0,0
20,dimuon,0.05,3,0,0
20,dimuon,0.05,4,0,0
20,dimuon,0.05,5,0,0
20,dimuon,0.05,6,0,0
20,dimuon,0.05,7,0,0
20,dimuon,0.05,8,0,0
20,dimuon,0.05,9,0,0
20,dimuon,0.05,10,0,0
20,dimuon,0.05,11,0,0
20,dimuon,0.05,12,0,0
20,dimuon,0.05,86,0.00189251919300125,0.00189251919300125
20,dimuon,0.05,302,0.00189251919300125,0.004525977504017139
20,dimuon,0.05,303,0.00189251919300125,0.006052490626673809
20,dimuon,0.05,304,0.00189251919300125,0.007105873951080165
20,dimuon,0.05,305,0.00189251919300125,0.007355829316193538
20,dimuon,0.05,306,0.00189251919300125,0.007355829316193538
20,dimuon,0.05,307,0.00189251919300125,0.006954115336547046
20,dimuon,0.05,308,0.00189251919300125,0.006463131583645778
20,dimuon,0.05,309,0.00189251919300125,0.004722371005177648
20,dimuon,0.05,314,0.00189251919300125,0.004525977504017139
20,dimuon,0.05,315,0.00189251919300125,0.006052490626673809
20,dimuon,0.05,316,0.00189251919300125,0.007105873951080165
20,dimuon,0.05,317,0.00189251919300125,0.007355829316193538
20,dimuon,0.05,318,0.00189251919300125,0.007355829316193538
20,dimuon,0.05,319,0.00189251919300125,0.006954115336547046
20,dimuon,0.05,320,0.00189251919300125,0.006463131583645778
20,dimuon,0.05,321,0.00189251919300125,0.004722371005177648
20,dimuon,0.05,326,0.00189251919300125,0.004525977504017139
20,dimuon,0.05,327,0.00189251919300125,0.006052490626673809
20,dimuon,0.05,328,0.00189251919300125,0.007105873951080165
20,dimuon,0.05,329,0.00189251919300125,0.007355829316193538
20,dimuon,0.05,330,0.00189251919300125,0.007355829316193538
20,dimuon,0.05,331,0.00189251919300125,0.006954115336547046
20,dimuon,0.05,332,0.00189251919300125,0.006463131583645778
20,dimuon,0.05,333,0.00189251919300125,0.004722371005177648
20,dimuon,0.05,338,0.00189251919300125,0.004525977504017139
20,dimuon,0.05,339,0.00189251919300125,0.006052490626673809
20,dimuon,0.05,340,0.00189251919300125,0.007105873951080165
20,dimuon,0.05,341,0.00189251919300125,0.007355829316193538
20,dimuon,0.05,342,0.00189251919300125,0.007355829316193538
20,dimuon,0.05,343,0.00189251919300125,0.006954115336547046
20,dimuon,0.05,344,0.00189251919300125,0.006463131583645778
20,dimuon,0.05,345,0.00189251919300125,0.004722371005177648
20,dimuon,0.05,350,0.00189251919300125,0.004525977504017139
20,dimuon,0.05,351,0.00189251919300125,0.006052490626673809
20,dimuon,0.05,352,0.00189251919300125,0.007105873951080165
20,dimuon,0.05,353,0.00189251919300125,0.007355829316193538
20,dimuon,0.05,354,0.00189251919300125,0.007355829316193538
20,dimuon,0.05,355,0.00189251919300125,0.006954115336547046
20,dimuon,0.05,356,0.00189251919300125,0.006463131583645778
20,dimuon,0.05,357,0.00189251919300125,0.004722371005177648
20,dimuon,0.05,362,0.00189251919300125,0.004525977504017139
20,dimuon,0.05,363,0.00189251919300125,0.006052490626673809
20,dimuon,0.05,364,0.00189251919300125,0.007105873951080165
20,dimuon,0.05,365,0.00189251919300125,0.007355829316193538
20,dimuon,0.05,366,0.00189251919300125,0.007355829316193538
20,dimuon,0.05,367,0.00189251919300125,0.006954115336547046
20,dimuon,0.05,368,0.00189251919300125,0.006463131583645778
20,dimuon,0.05,369,0.00189251919300125,0.004722371005177648
20,dimuon,0.05,374,0.00189251919300125,0.004525977504017139
20,dimuon,0.05,375,0.00189251919300125,0.006052490626673809
20,dimuon,0.05,376,0.00189251919300125,0.007105873951080165
20,dimuon,0.05,377,0.00189251919300125,0.007355829316193538
20,dimuon,0.05,378,0.00189251919300125,0.007355829316193538
20,dimuon,0.05,379,0.00189251919300125,0.006954115336547046
20,dimuon,0.05,380,0.00189251919300125,0.006463131583645778
20,dimuon,0.05,381,0.00189251919300125,0.004722371005177648
20,dimuon,0.05,389,0.00189251919300125,0.004525977504017139
20,dimuon,0.05,390,0.00189251919300125,0.006052490626673809
20,dimuon,0.05,391,0.00189251919300125,0.007105873951080165
20,dimuon,0.05,392,0.00189251919300125,0.007355829316193538
20,dimuon,0.05,393,0.00189251919300125,0.007355829316193538
20,dimuon,0.05,394,0.00189251919300125,0.007355829316193538
20,dimuon,0.05,395,0.00189251919300125,0.007355829316193538
20,dimuon,0.05,396,0.00189251919300125,0.007355829316193538
20,dimuon,0.05,397,0.00189251919300125,0.007355829316193538
20,dimuon,0.05,398,0.00189251919300125,0.007355829316193538
20,dimuon,0.05,399,0.00189251919300125,0.007355829316193538
20,dimuon,0.05,400,0.00189251919300125,0.007355829316193538
20,dimuon,0.05,401,0.00189251919300125,0.007355829316193538
20,dimuon,0.05,402,0.00189251919300125,0.007355829316193538
20,dimuon,0.05,403,0.00189251919300125,0.007355829316193538
20,dimuon,0.05,404,0.00189251919300125,0.007355829316193538
20,dimuon,0.05,405,0.00189251919300125,0.007355829316193538
20,dimuon,0.05,406,0.00189251919300125,0.007355829316193538
20,dimuon,0.05,407,0.00189251919300125,0.007355829316193538
20,dimuon,0.05,408,0.00189251919300125,0.007355829316193538
20,dimuon,0.05,409,0.00189251919300125,0.007355829316193538
20,dimuon,0.05,410,0.00189251919300125,0.007355829316193538
20,dimuon,0.05,411,0.00189251919300125,0.007355829316193538
20,dimuon,0.05,412,0.00189251919300125,0.007355829316193538
20,dimuon,0.05,413,0.00189251919300125,0.007355829316193538
20,dimuon,0.05,414,0.00189251919300125,0.007355829316193538
20,dimuon,0.05,415,0.00189251919300125,0.007355829316193538
20,dimuon,0.05,416,0.00189251919300125,0.007355829316193538
20,dimuon,0.05,417,0.00189251919300125,0.007355829316193538
20,dimuon,0.05,418,0.00189251919300125,0.007355829316193538
20,dimuon,0.05,419,0.00189251919300125,0.007355829316193538
20,dimuon,0.05,420,0.00189251919300125,0.007355829316193538
20,dimuon,0.05,421,0.00189251919300125,0.007355829316193538
20,dimuon,0.05,422,0.00189251919300125,0.006954115336547046
20,dimuon,0.05,423,0.00189251919300125,0.006463131583645778
20,dimuon,0.05,424,0.00189251919300125,0.004722371005177648
20,dimuon,0.05,432,0.00189251919300125,0.004525977504017139
20,dimuon,0.05,433,0.00189251919300125,0.006052490626673809
20,dimuon,0.05,434,0.00189251919300125,0.007105873951080165
20,dimuon,0.05,435,0.00189251919300125,0.007355829316193538
20,dimuon,0.05,436,0.00189251919300125,0.007355829316193538
20,dimuon,0.05,437,0.00189251919300125,0.007355829316193538
20,dimuon,0.05,438,0.00189251919300125,0.007355829316193538
20,dimuon,0.05,439,0.00189251919300125,0.007355829316193538
20,dimuon,0.05,440,0.00189251919300125,0.007355829316193538
20,dimuon,0.05,441,0.00189251919300125,0.007355829316193538
20,dimuon,0.05,442,0.00189251919300125,0.007355829316193538
20,dimuon,0.05,443,0.00189251919300125,0.007355829316193538
20,dimuon,0.05,444,0.00189251919300125,0.007355829316193538
20,dimuon,0.05,445,0.00189251919300125,0.007355829316193538
20,dimuon,0.05,446,0.00189251919300125,0.007355829316193538
20,dimuon,0.05,447,0.00189251919300125,0.007355829316193538
20,dimuon,0.05,448,0.00189251919300125,0.007355829316193538
20,dimuon,0.05,449,0.00189251919300125,0.007355829316193538
20,dimuon,0.05,450,0.00189251919300125,0.007355829316193538
20,dimuon,0.05,451,0.00189251919300125,0.007355829316193538
20,dimuon,0.05,452,0.00189251919300125,0.007355829316193538
20,dimuon,0.05,453,0.00189251919300125,0.007355829316193538
20,dimuon,0.05,454,0.00189251919300125,0.007355829316193538
20,dimuon,0.05,455,0.00189251919300125,0.007355829316193538
20,dimuon,0.05,456,0.00189251919300125,0.007355829316193538
20,dimuon,0.05,457,0.00189251919300125,0.007355829316193538
20,dimuon,0.05,458,0.00189251919300125,0.007355829316193538
20,dimuon,0.05,459,0.00189251919300125,0.007355829316193538
20,dimuon,0.05,460,0.00189251919300125,0.007355829316193538
20,dimuon,0.05,461,0.00189251919300125,0.007355829316193538
20,dimuon,0.05,462,0.00189251919300125,0.007355829316193538
20,dimuon,0.05,463,0.00189251919300125,0.007355829316193538
20,dimuon,0.05,464,0.00189251919300125,0.007355829316193538
20,dimuon,0.05,465,0.00189251919300125,0.006954115336547046
20,dimuon,0.05,466,0.00189251919300125,0.006463131583645778
20,dimuon,0.05,467,0.00189251919300125,0.004722371005177648
20,dimuon,0.05,977,0,0
20,dimuon,0.05,1196,0.00189251919300125,0.004525977504017139
20,dimuon,0.05,1197,0.00189251919300125,0.006052490626673809
20,dimuon,0.05,1198,0.00189251919300125,0.007105873951080165
20,dimuon,0.05,1199,0.00189251919300125,0.007355829316193538
20,dimuon,0.05,1200,0.00189251919300125,0.007355829316193538
20,dimuon,0.05,1201,0.00189251919300125,0.006954115336547046
20,dimuon,0.05,1202,0.00189251919300125,0.006463131583645778
20,dimuon,0.05,1203,0.00189251919300125,0.004722371005177648
20,dimuon,0.05,1208,0.00189251919300125,0.004525977504017139
20,dimuon,0.05,1209,0.00189251919300125,0.006052490626673809
20,dimuon,0.05,1210,0.00189251919300125,0.007105873951080165
20,dimuon,0.05,1211,0.00189251919300125,0.007355829316193538
20,dimuon,0.05,1212,0.00189251919300125,0.007355829316193538
20,dimuon,0.05,1213,0.00189251919300125,0.006954115336547046
20,dimuon,0.05,1214,0.00189251919300125,0.006463131583645778
20,dimuon,0.05,1215,0.00189251919300125,0.004722371005177648
20,dimuon,0.05,1220,0.00189251919300125,0.004525977504017139
20,dimuon,0.05,1221,0.00189251919300125,0.006052490626673809
20,dimuon,0.05,1222,0.00189251919300125,0.007105873951080165
20,dimuon,0.05,1223,0.00189251919300125,0.007355829316193538
20,dimuon,0.05,1224,0.00189251919300125,0.007355829316193538
20,dimuon,0.05,1225,0.00189251919300125,0.006954115336547046
20,dimuon,0.05,1226,0.00189251919300125,0.006463131583645778
20,dimuon,0.05,1227,0.00189251919300125,0.004722371005177648
20,dimuon,0.05,1232,0.00189251919300125,0.004525977504017139
20,dimuon,0.05,1233,0.00189251919300125,0.006052490626673809
20,dimuon,0.05,1234,0.00189251919300125,0.007105873951080165
20,dimuon,0.05,1235,0.00189251919300125,0.007355829316193538
20,dimuon,0.05,1236,0.00189251919300125,0.007355829316193538
20,dimuon,0.05,1237,0.00189251919300125,0.006954115336547046
20,dimuon,0.05,1238,0.00189251919300125,0.006463131583645778
20,dimuon,0.05,1239,0.00189251919300125,0.004722371005177648
20,dimuon,0.05,1244,0.00189251919300125,0.004525977504017139
20,dimuon,0.05,1245,0.00189251919300125,0.006052490626673809
20,dimuon,0.05,1246,0.00189251919300125,0.007105873951080165
20,dimuon,0.05,1247,0.00189251919300125,0.007355829316193538
20,dimuon,0.05,1248,0.00189251919300125,0.007355829316193538
20,dimuon,0.05,1249,0.00189251919300125,0.006954115336547046
20,dimuon,0.05,1250,0.00189251919300125,0.006463131583645778
20,dimuon,0.05,1251,0.00189251919300125,0.004722371005177648
20,dimuon,0.05,1256,0.00189251919300125,0.004525977504017139
20,dimuon,0.05,1257,0.00189251919300125,0.006052490626673809
20,dimuon,0.05,1258,0.00189251919300125,0.007105873951080165
20,dimuon,0.05,1259,0.00189251919300125,0.007355829316193538
20,dimuon,0.05,1260,0.00189251919300125,0.007355829316193538
20,dimuon,0.05,1261,0.00189251919300125,0.006954115336547046
20,dimuon,0.05,1262,0.00189251919300125,0.006463131583645778
20,dimuon,0.05,1263,0.00189251919300125,0.004722371005177648
20,dimuon,0.05,1268,0.00189251919300125,0.004525977504017139
20,dimuon,0.05,1269,0.00189251919300125,0.006052490626673809
20,dimuon,0.05,1270,0.00189251919300125,0.007105873951080165
20,dimuon,0.05,1271,0.00189251919300125,0.007355829316193538
20,dimuon,0.05,1272,0.00189251919300125,0.007355829316193538
20,dimuon,0.05,1273,0.00189251919300125,0.006954115336547046
20,dimuon,0.05,1274,0.00189251919300125,0.006463131583645778
20,dimuon,0.05,1275,0.00189251919300125,0.004722371005177648
20,dimuon,0.05,1283,0.00189251919300125,0.004525977504017139
20,dimuon,0.05,1284,0.00189251919300125,0.006052490626673809
20,dimuon,0.05,1285,0.00189251919300125,0.007105873951080165
20,dimuon,0.05,1286,0.00189251919300125,0.007355829316193538
20,dimuon,0.05,1287,0.00189251919300125,0.007355829316193538
20,dimuon,0.05,1288,0.00189251919300125,0.007355829316193538
20,dimuon,0.05,1289,0.00189251919300125,0.007355829316193538
20,dimuon,0.05,1290,0.00189251919300125,0.007355829316193538
20,dimuon,0.05,1291,0.00189251919300125,0.007355829316193538
20,dimuon,0.05,1292,0.00189251919300125,0.007355829316193538
20,dimuon,0.05,1293,0.00189251919300125,0.007355829316193538
20,dimuon,0.05,1294,0.00189251919300125,0.007355829316193538
20,dimuon,0.05,1295,0.00189251919300125,0.007355829316193538
20,dimuon,0.05,1296,0.00189251919300125,0.007355829316193538
20,dimuon,0.05,1297,0.00189251919300125,0.007355829316193538
20,dimuon,0.05,1298,0.00189251919300125,0.007355829316193538
20,dimuon,0.05,1299,0.00189251919300125,0.007355829316193538
20,dimuon,0.05,1300,0.00189251919300125,0.007355829316193538
20,dimuon,0.05,1301,0.00189251919300125,0.007355829316193538
20,dimuon,0.05,1302,0.00189251919300125,0.007355829316193538
20,dimuon,0.05,1303,0.00189251919300125,0.007355829316193538
20,dimuon,0.05,1304,0.00189251919300125,0.007355829316193538
20,dimuon,0.05,1305,0.00189251919300125,0.007355829316193538
20,dimuon,0.05,1306,0.00189251919300125,0.007355829316193538
20,dimuon,0.05,1307,0.00189251919300125,0.007355829316193538
20,dimuon,0.05,1308,0.00189251919300125,0.007355829316193538
20,dimuon,0.05,1309,0.00189251919300125,0.007355829316193538
20,dimuon,0.05,1310,0.00189251919300125,0.007355829316193538
20,dimuon,0.05,1311,0.00189251919300125,0.007355829316193538
20,dimuon,0.05,1312,0.00189251919300125,0.007355829316193538
20,dimuon,0.05,1313,0.00189251919300125,0.007355829316193538
20,dimuon,0.05,1314,0.00189251919300125,0.007355829316193538
20,dimuon,0.05,1315,0.00189251919300125,0.007355829316193538
20,dimuon,0.05,1316,0.00189251919300125,0.006954115336547046
20,dimuon,0.05,1317,0.00189251919300125,0.006463131583645778
20,dimuon,0.05,1318,0.00189251919300125,0.004722371005177648
20,dimuon,0.05,1326,0.00189251919300125,0.004525977504017139
20,dimuon,0.05,1327,0.00189251919300125,0.006052490626673809
20,dimuon,0.05,1328,0.00189251919300125,0.007105873951080165
20,dimuon,0.05,1329,0.00189251919300125,0.007355829316193538
20,dimuon,0.05,1330,0.00189251919300125,0.007355829316193538
20,dimuon,0.05,1331,0.00189251919300125,0.007355829316193538
20,dimuon,0.05,1332,0.00189251919300125,0.007355829316193538
20,dimuon,0.05,1333,0.00189251919300125,0.007355829316193538
20,dimuon,0.05,1334,0.00189251919300125,0.007355829316193538
20,dimuon,0.05,1335,0.00189251919300125,0.007355829316193538
20,dimuon,0.05,1336,0.00189251919300125,0.007355829316193538
20,dimuon,0.05,1337,0.00189251919300125,0.007355829316193538
20,dimuon,0.05,1338,0.00189251919300125,0.007355829316193538
20,dimuon,0.05,1339,0.00189251919300125,0.007355829316193538
20,dimuon,0.05,1340,0.00189251919300125,0.007355829316193538
20,dimuon,0.05,1341,0.00189251919300125,0.007355829316193538
20,dimuon,0.05,1342,0.00189251919300125,0.007355829316193538
20,dimuon,0.05,1343,0.00189251919300125,0.007355829316193538
20,dimuon,0.05,1344,0.00189251919300125,0.007355829316193538
20,dimuon,0.05,1345,0.00189251919300125,0.007355829316193538
20,dimuon,0.05,1346,0.00189251919300125,0.007355829316193538
20,dimuon,0.05,1347,0.00189251919300125,0.007355829316193538
20,dimuon,0.05,1348,0.00189251919300125,0.007355829316193538
20,dimuon,0.05,1349,0.00189251919300125,0.007355829316193538
20,dimuon,0.05,1350,0.00189251919300125,0.007355829316193538
20,dimuon,0.05,1351,0.00189251919300125,0.007355829316193538
20,dimuon,0.05,1352,0.00189251919300125,0.007355829316193538
20,dimuon,0.05,1353,0.00189251919300125,0.007355829316193538
20,dimuon,0.05,1354,0.00189251919300125,0.007355829316193538
20,dimuon,0.05,1355,0.00189251919300125,0.007355829316193538
20,dimuon,0.05,1356,0.00189251919300125,0.007355829316193538
20,dimuon,0.05,1357,0.00189251919300125,0.007355829316193538
20,dimuon,0.05,1358,0.00189251919300125,0.007355829316193538
20,dimuon,0.05,1359,0.00189251919300125,0.006954115336547046
20,dimuon,0.05,1360,0.00189251919300125,0.006463131583645778
20,dimuon,0.05,1361,0.00189251919300125,0.004722371005177648
20,dimuon,0.05,1871,0.00189251919300125,0.00189251919300125
20,dimuon,0.05,2090,0.00189251919300125,0.004525977504017139
20,dimuon,0.05,2091,0.00189251919300125,0.006052490626673809
20,dimuon,0.05,2092,0.00189251919300125,0.007105873951080165
20,dimuon,0.05,2093,0.00189251919300125,0.007355829316193538
20,dimuon,0.05,2094,0.00189251919300125,0.007355829316193538
20,dimuon,0.05,2095,0.00189251919300125,0.006954115336547046
20,dimuon,0.05,2096,0.00189251919300125,0.006463131583645778
20,dimuon,0.05,2097,0.00189251919300125,0.004722371005177648
20,dimuon,0.05,2102,0.00189251919300125,0.004525977504017139
20,dimuon,0.05,2103,0.00189251919300125,0.006052490626673809
20,dimuon,0.05,2104,0.00189251919300125,0.007105873951080165
20,dimuon,0.05,2105,0.00189251919300125,0.007355829316193538
20,dimuon,0.05,2106,0.00189251919300125,0.007355829316193538
20,dimuon,0.05,2107,0.00189251919300125,0.006954115336547046
20,dimuon,0.05,2108,0.00189251919300125,0.006463131583645778
20,dimuon,0.05,2109,0.00189251919300125,0.004722371005177648
20,dimuon,0.05,2114,0.00189251919300125,0.004525977504017139
20,dimuon,0.05,2115,0.00189251919300125,0.006052490626673809
20,dimuon,0.05,2116,0.00189251919300125,0.007105873951080165
20,dimuon,0.05,2117,0.00189251919300125,0.007355829316193538
20,dimuon,0.05,2118,0.00189251919300125,0.007355829316193538
20,dimuon,0.05,2119,0.00189251919300125,0.006954115336547046
20,dimuon,0.05,2120,0.00189251919300125,0.006463131583645778
20,dimuon,0.05,2121,0.00189251919300125,0.004722371005177648
20,dimuon,0.05,2126,0.00189251919300125,0.004525977504017139
20,dimuon,0.05,2127,0.00189251919300125,0.006052490626673809
20,dimuon,0.05,2128,0.00189251919300125,0.007105873951080165
20,dimuon,0.05,2129,0.00189251919300125,0.007355829316193538
20,dimuon,0.05,2130,0.00189251919300125,0.007355829316193538
20,dimuon,0.05,2131,0.00189251919300125,0.006954115336547046
20,dimuon,0.05,2132,0.00189251919300125,0.006463131583645778
20,dimuon,0.05,2133,0.00189251919300125,0.004722371005177648
20,dimuon,0.05,2138,0.00189251919300125,0.004525977504017139
20,dimuon,0.05,2139,0.00189251919300125,0.006052490626673809
20,dimuon,0.05,2140,0.00189251919300125,0.007105873951080165
20,dimuon,0.05,2141,0.00189251919300125,0.007355829316193538
20,dimuon,0.05,2142,0.00189251919300125,0.007355829316193538
20,dimuon,0.05,2143,0.00189251919300125,0.006954115336547046
20,dimuon,0.05,2144,0.00189251919300125,0.006463131583645778
20,dimuon,0.05,2145,0.00189251919300125,0.004722371005177648
20,dimuon,0.05,2150,0.00189251919300125,0.004525977504017139
20,dimuon,0.05,2151,0.00189251919300125,0.006052490626673809
20,dimuon,0.05,2152,0.00189251919300125,0.007105873951080165
20,dimuon,0.05,2153,0.00189251919300125,0.007355829316193538
20,dimuon,0.05,2154,0.00189251919300125,0.007355829316193538
20,dimuon,0.05,2155,0.00189251919300125,0.006954115336547046
20,dimuon,0.05,2156,0.00189251919300125,0.006463131583645778
20,dimuon,0.05,2157,0.00189251919300125,0.004722371005177648
20,dimuon,0.05,2162,0.00189251919300125,0.004525977504017139
20,dimuon,0.05,2163,0.00189251919300125,0.006052490626673809
20,dimuon,0.05,2164,0.00189251919300125,0.007105873951080165
20,dimuon,0.05,2165,0.00189251919300125,0.007355829316193538
20,dimuon,0.05,2166,0.00189251919300125,0.007355829316193538
20,dimuon,0.05,2167,0.00189251919300125,0.006954115336547046
20,dimuon,0.05,2168,0.00189251919300125,0.006463131583645778
20,dimuon,0.05,2169,0.00189251919300125,0.004722371005177648
20,dimuon,0.05,2177,0.00189251919300125,0.004525977504017139
20,dimuon,0.05,2178,0.00189251919300125,0.006052490626673809
20,dimuon,0.05,2179,0.00189251919300125,0.007105873951080165
20,dimuon,0.05,2180,0.00189251919300125,0.007355829316193538
20,dimuon,0.05,2181,0.00189251919300125,0.007355829316193538
20,dimuon,0.05,2182,0.00189251919300125,0.007355829316193538
20,dimuon,0.05,2183,0.00189251919300125,0.007355829316193538
20,dimuon,0.05,2184,0.00189251919300125,0.007355829316193538
20,dimuon,0.05,2185,0.00189251919300125,0.007355829316193538
20,dimuon,0.05,2186,0.00189251919300125,0.007355829316193538
20,dimuon,0.05,2187,0.00189251919300125,0.007355829316193538
20,dimuon,0.05,2188,0.00189251919300125,0.007355829316193538
20,dimuon,0.05,2189,0.00189251919300125,0.007355829316193538
20,dimuon,0.05,2190,0.00189251919300125,0.007355829316193538
20,dimuon,0.05,2191,0.00189251919300125,0.007355829316193538
20,dimuon,0.05,2192,0.00189251919300125,0.007355829316193538
20,dimuon,0.05,2193,0.00189251919300125,0.007355829316193538
20,dimuon,0.05,2194,0.00189251919300125,0.007355829316193538
20,dimuon,0.05,2195,0.00189251919300125,0.007355829316193538
20,dimuon,0.05,2196,0.00189251919300125,0.007355829316193538
20,dimuon,0.05,2197,0.00189251919300125,0.007355829316193538
20,dimuon,0.05,2198,0.00189251919300125,0.007355829316193538
20,dimuon,0.05,2199,0.00189251919300125,0.007355829316193538
20,dimuon,0.05,2200,0.00189251919300125,0.007355829316193538
20,dimuon,0.05,2201,0.00189251919300125,0.007355829316193538
20,dimuon,0.05,2202,0.00189251919300125,0.007355829316193538
20,dimuon,0.05,2203,0.00189251919300125,0.007355829316193538
20,dimuon,0.05,2204,0.00189251919300125,0.007355829316193538
20,dimuon,0.05,2205,0.00189251919300125,0.007355829316193538
20,dimuon,0.05,2206,0.00189251919300125,0.007355829316193538
20,dimuon,0.05,2207,0.00189251919300125,0.007355829316193538
20,dimuon,0.05,2208,0.00189251919300125,0.007355829316193538
20,dimuon,0.05,2209,0.00189251919300125,0.007355829316193538
20,dimuon,0.05,2210,0.00189251919300125,0.006954115336547046
20,dimuon,0.05,2211,0.00189251919300125,0.006463131583645778
20,dimuon,0.05,2212,0.00189251919300125,0.004722371005177648
20,dimuon,0.05,2220,0.00189251919300125,0.004525977504017139
20,dimuon,0.05,2221,0.00189251919300125,0.006052490626673809
20,dimuon,0.05,2222,0.00189251919300125,0.007105873951080165
20,dimuon,0.05,2223,0.00189251919300125,0.007355829316193538
20,dimuon,0.05,2224,0.00189251919300125,0.007355829316193538
20,dimuon,0.05,2225,0.00189251919300125,0.007355829316193538
20,dimuon,0.05,2226,0.00189251919300125,0.007355829316193538
20,dimuon,0.05,2227,0.00189251919300125,0.007355829316193538
20,dimuon,0.05,2228,0.00189251919300125,0.007355829316193538
20,dimuon,0.05,2229,0.00189251919300125,0.007355829316193538
20,dimuon,0.05,2230,0.00189251919300125,0.007355829316193538
20,dimuon,0.05,2231,0.00189251919300125,0.007355829316193538
20,dimuon,0.05,2232,0.00189251919300125,0.007355829316193538
20,dimuon,0.05,2233,0.00189251919300125,0.007355829316193538
20,dimuon,0.05,2234,0.00189251919300125,0.007355829316193538
20,dimuon,0.05,2235,0.00189251919300125,0.007355829316193538
20,dimuon,0.05,2236,0.00189251919300125,0.007355829316193538
20,dimuon,0.05,2237,0.00189251919300125,0.007355829316193538
20,dimuon,0.05,2238,0.00189251919300125,0.007355829316193538
20,dimuon,0.05,2239,0.00189251919300125,0.007355829316193538
20,dimuon,0.05,2240,0.00189251919300125,0.007355829316193538
20,dimuon,0.05,2241,0.00189251919300125,0.007355829316193538
20,dimuon,0.05,2242,0.00189251919300125,0.007355829316193538
20,dimuon,0.05,2243,0.00189251919300125,0.007355829316193538
20,dimuon,0.05,2244,0.00189251919300125,0.007355829316193538
20,dimuon,0.05,2245,0.00189251919300125,0.007355829316193538
20,dimuon,0.05,2246,0.00189251919300125,0.007355829316193538
20,dimuon,0.05,2247,0.00189251919300125,0.007355829316193538
20,dimuon,0.05,2248,0.00189251919300125,0.007355829316193538
20,dimuon,0.05,2249,0.00189251919300125,0.007355829316193538
20,dimuon,0.05,2250,0.00189251919300125,0.007355829316193538
20,dimuon,0.05,2251,0.00189251919300125,0.007355829316193538
20,dimuon,0.05,2252,0.00189251919300125,0.007355829316193538
20,dimuon,0.05,2253,0.00189251919300125,0.006954115336547046
20,dimuon,0.05,2254,0.00189251919300125,0.006463131583645778
20,dimuon,0.05,2255,0.00189251919300125,0.004722371005177648
